source_path,destination_key,byte_size,content_hash
IdeiaDesenho/10003.png,legacy/v1-bucket/aa/aa6e7f88e71f1d8373a79d0a2cf1465e.png,810154,aa6e7f88e71f1d8373a79d0a2cf1465e
IdeiaDesenho/10019.jpg,legacy/v1-bucket/64/64667c86624e3e7d258c7b814b1f1bed.jpg,6378,64667c86624e3e7d258c7b814b1f1bed
IdeiaDesenho/10022.jpg,legacy/v1-bucket/9d/9dacefd608db72f26a865aa3c82e40e6.jpg,9079,9dacefd608db72f26a865aa3c82e40e6
IdeiaDesenho/10023.jpg,legacy/v1-bucket/5c/5c652724ce73c3ec89472c9bf9f077ef.jpg,12834,5c652724ce73c3ec89472c9bf9f077ef
IdeiaDesenho/10024.jpg,legacy/v1-bucket/00/00bbda9fe1ff97d146dd26b0133408e3.jpg,6861,00bbda9fe1ff97d146dd26b0133408e3
IdeiaDesenho/10024.png,legacy/v1-bucket/de/dedb0c0d689569454a1144f775a3af08.png,12482,dedb0c0d689569454a1144f775a3af08
IdeiaDesenho/10025.jpg,legacy/v1-bucket/c0/c0a12ac6898c91d9597939c89c58fb4c.jpg,4321,c0a12ac6898c91d9597939c89c58fb4c
IdeiaDesenho/10025.png,legacy/v1-bucket/78/78023d494315f103b1f73b439b68de7e.png,10446,78023d494315f103b1f73b439b68de7e
IdeiaDesenho/10026.jpg,legacy/v1-bucket/2b/2b55ab56e15f748830af4aefe685383e.jpg,7866,2b55ab56e15f748830af4aefe685383e
IdeiaDesenho/10026.png,legacy/v1-bucket/dc/dcf6110ed59c296d2620ee0f634b73ee.png,10048,dcf6110ed59c296d2620ee0f634b73ee
IdeiaDesenho/10027.jpg,legacy/v1-bucket/39/39acb738c8e7492f2af8a3b373830e67.jpg,11475,39acb738c8e7492f2af8a3b373830e67
IdeiaDesenho/10028.jpg,legacy/v1-bucket/1c/1cad65679052d61a3d36070db7f7dc67.jpg,11433,1cad65679052d61a3d36070db7f7dc67
IdeiaDesenho/10029.jpg,legacy/v1-bucket/ca/ca42427857564d628a015dee22cf7654.jpg,6839,ca42427857564d628a015dee22cf7654
IdeiaDesenho/10030.jpg,legacy/v1-bucket/07/07c4f29786d5098288ec568250710dc5.jpg,6551,07c4f29786d5098288ec568250710dc5
IdeiaDesenho/10031.jpg,legacy/v1-bucket/26/2693eac7c690649454927902ccf9be33.jpg,6678,2693eac7c690649454927902ccf9be33
IdeiaDesenho/10032.jpg,legacy/v1-bucket/2a/2a989bd9cc03fe16efb2a071cd038b83.jpg,6354,2a989bd9cc03fe16efb2a071cd038b83
IdeiaDesenho/10032.png,legacy/v1-bucket/af/af79db5583d581ef8cba625711a821b3.png,2036501,af79db5583d581ef8cba625711a821b3
IdeiaDesenho/10033.jpg,legacy/v1-bucket/e2/e242c494dfb2f6d979296d6429c2bfac.jpg,6280,e242c494dfb2f6d979296d6429c2bfac
IdeiaDesenho/10034.jpg,legacy/v1-bucket/5c/5c0a43b41234a996ce7fa06ee555920b.jpg,16591,5c0a43b41234a996ce7fa06ee555920b
IdeiaDesenho/10034.png,legacy/v1-bucket/af/afb7711be5f78c630e108fa005e64e6d.png,11753,afb7711be5f78c630e108fa005e64e6d
IdeiaDesenho/10035.jpg,legacy/v1-bucket/4f/4fc1af735dd120bf165d0a161f8aee79.jpg,9405,4fc1af735dd120bf165d0a161f8aee79
IdeiaDesenho/10035.png,legacy/v1-bucket/97/97c3d1ff0eb3e4fbaa742c89b3dd07b7.png,9530,97c3d1ff0eb3e4fbaa742c89b3dd07b7
IdeiaDesenho/10036.png,legacy/v1-bucket/6d/6d12a62e8dbaa7f7712dac97ec4a526b.png,5623,6d12a62e8dbaa7f7712dac97ec4a526b
IdeiaDesenho/10037.jpg,legacy/v1-bucket/86/863d117b3817bf60ea0575d1c187e0a1.jpg,4240,863d117b3817bf60ea0575d1c187e0a1
IdeiaDesenho/10037.png,legacy/v1-bucket/16/165cd5780cccf6c85125e5eb0eda2da5.png,9047,165cd5780cccf6c85125e5eb0eda2da5
IdeiaDesenho/10038.jpg,legacy/v1-bucket/d7/d766b21ca7b7a6655e9deafeeea0e93a.jpg,5579,d766b21ca7b7a6655e9deafeeea0e93a
IdeiaDesenho/10039.jpg,legacy/v1-bucket/38/387b51149a176029f07a846bea35e76a.jpg,186724,387b51149a176029f07a846bea35e76a
IdeiaDesenho/10040.jpg,legacy/v1-bucket/87/8792defefd73dd72e58b33b3265fdbef.jpg,11879,8792defefd73dd72e58b33b3265fdbef
IdeiaDesenho/10040.png,legacy/v1-bucket/49/492734afdf2d49ca842d2bc46a8e719f.png,7176,492734afdf2d49ca842d2bc46a8e719f
IdeiaDesenho/10041.jpg,legacy/v1-bucket/4d/4d468eeaaaab6b61094c4f352dc3f77b.jpg,4771,4d468eeaaaab6b61094c4f352dc3f77b
IdeiaDesenho/10043.jpg,legacy/v1-bucket/53/537d21a8e9bfc8b5b77e42bb9428e0d3.jpg,3849,537d21a8e9bfc8b5b77e42bb9428e0d3
IdeiaDesenho/10043.png,legacy/v1-bucket/b4/b4f4322c13eec7e7230ebee77e1d5186.png,4441,b4f4322c13eec7e7230ebee77e1d5186
IdeiaDesenho/10044.jpg,legacy/v1-bucket/fe/fecc1f259c4cd8f463cbcd2be832733c.jpg,13354,fecc1f259c4cd8f463cbcd2be832733c
IdeiaDesenho/10045.jpg,legacy/v1-bucket/89/89f828ee42f4f7cc71e1dc8dd891733a.jpg,14351,89f828ee42f4f7cc71e1dc8dd891733a
IdeiaDesenho/10046.jpg,legacy/v1-bucket/49/49e53a70594ba483c4fbaf772e86d5fb.jpg,8916,49e53a70594ba483c4fbaf772e86d5fb
IdeiaDesenho/10048.jpg,legacy/v1-bucket/74/741fd8e0c50ae8d49fa3f89a3f6e416d.jpg,7285,741fd8e0c50ae8d49fa3f89a3f6e416d
IdeiaDesenho/10049.jpg,legacy/v1-bucket/95/95a8c93ea348a79a4693d128d75658a1.jpg,9352,95a8c93ea348a79a4693d128d75658a1
IdeiaDesenho/10050.jpg,legacy/v1-bucket/62/621d9c65df0dad626eb88fb196f9b77f.jpg,11561,621d9c65df0dad626eb88fb196f9b77f
IdeiaDesenho/10050.png,legacy/v1-bucket/e5/e5a0c089f251f9ef5e73b1112e361cc1.png,9083,e5a0c089f251f9ef5e73b1112e361cc1
IdeiaDesenho/10051.jpg,legacy/v1-bucket/a2/a2e258cf4a0493267425055aaaaf46d8.jpg,6953,a2e258cf4a0493267425055aaaaf46d8
IdeiaDesenho/10053.jpg,legacy/v1-bucket/7b/7b008a0e64d3c604943326ff7d4dc91e.jpg,11813,7b008a0e64d3c604943326ff7d4dc91e
IdeiaDesenho/10055.png,legacy/v1-bucket/3a/3a34e378831087d45314d390522cf11b.png,11961,3a34e378831087d45314d390522cf11b
IdeiaDesenho/10056.jpg,legacy/v1-bucket/19/19ca3c1fe9dbe6f0c4dd4b75605fa51e.jpg,4310,19ca3c1fe9dbe6f0c4dd4b75605fa51e
IdeiaDesenho/10057.jpg,legacy/v1-bucket/f7/f7a3e05ad335cc46d4c5add1c1cf1ce6.jpg,4741,f7a3e05ad335cc46d4c5add1c1cf1ce6
IdeiaDesenho/10060.jpg,legacy/v1-bucket/4f/4f0caafecc9ba863f8c6d51900a3c5f8.jpg,6700,4f0caafecc9ba863f8c6d51900a3c5f8
IdeiaDesenho/10060.png,legacy/v1-bucket/d3/d3cfdc79bdea7204349114c819036d11.png,8177,d3cfdc79bdea7204349114c819036d11
IdeiaDesenho/10061.jpg,legacy/v1-bucket/83/836b12ccae29652d2c2ba9dd2c1e1948.jpg,8396,836b12ccae29652d2c2ba9dd2c1e1948
IdeiaDesenho/10061.png,legacy/v1-bucket/9b/9b4771f491bcd0d39cc6f8d622602f64.png,15539,9b4771f491bcd0d39cc6f8d622602f64
IdeiaDesenho/10063.png,legacy/v1-bucket/a4/a4339934f57c904a04727dcd54241c8f.png,10002,a4339934f57c904a04727dcd54241c8f
IdeiaDesenho/10064.png,legacy/v1-bucket/52/52b87532f63b29c48a56adb4e383a5a6.png,6592,52b87532f63b29c48a56adb4e383a5a6
IdeiaDesenho/10066.jpg,legacy/v1-bucket/7a/7acff9bca9604979e71c3fddcdd1d67b.jpg,10158,7acff9bca9604979e71c3fddcdd1d67b
IdeiaDesenho/10067.jpg,legacy/v1-bucket/e8/e875b3aeac62e67ee603354bf8a87d3c.jpg,4753,e875b3aeac62e67ee603354bf8a87d3c
IdeiaDesenho/10068.jpg,legacy/v1-bucket/56/560803f46aab845804463291a83348ca.jpg,15712,560803f46aab845804463291a83348ca
IdeiaDesenho/10068.png,legacy/v1-bucket/99/99402545747fcd6257fd5c40696abdf6.png,396741,99402545747fcd6257fd5c40696abdf6
IdeiaDesenho/10069.jpg,legacy/v1-bucket/6f/6f2c3cf8820d3190cb88df29149fee87.jpg,9345,6f2c3cf8820d3190cb88df29149fee87
IdeiaDesenho/10070.jpg,legacy/v1-bucket/c6/c6439501f4c6976b8c1aff9a4a65e678.jpg,25896,c6439501f4c6976b8c1aff9a4a65e678
IdeiaDesenho/10071.jpg,legacy/v1-bucket/fa/fa8b19f1158fa31e54dd355a7c4648ad.jpg,9001,fa8b19f1158fa31e54dd355a7c4648ad
IdeiaDesenho/10071.png,legacy/v1-bucket/ca/cab39653c92eed4c9fd9cab689c27c28.png,9614,cab39653c92eed4c9fd9cab689c27c28
IdeiaDesenho/10072.png,legacy/v1-bucket/8d/8db5e7f8cce11e655e4b0026e8445218.png,1076992,8db5e7f8cce11e655e4b0026e8445218
IdeiaDesenho/10073.jpg,legacy/v1-bucket/0c/0cf9373324f5d811c934a70b22993ab5.jpg,9432,0cf9373324f5d811c934a70b22993ab5
IdeiaDesenho/10073.png,legacy/v1-bucket/5d/5db3c36c491b9711c3889ed458d707df.png,9821,5db3c36c491b9711c3889ed458d707df
IdeiaDesenho/10074.jpg,legacy/v1-bucket/43/43046e0dec573384050dded84df2bc52.jpg,10447,43046e0dec573384050dded84df2bc52
IdeiaDesenho/10075.jpg,legacy/v1-bucket/3b/3b09a55cfb1a8b99b2026d4ad8148a32.jpg,8348,3b09a55cfb1a8b99b2026d4ad8148a32
IdeiaDesenho/10076.jpg,legacy/v1-bucket/f3/f327872c21e7ca270949f618f8da5ba9.jpg,12913,f327872c21e7ca270949f618f8da5ba9
IdeiaDesenho/10077.jpg,legacy/v1-bucket/a3/a3579d7d444c30502ec4144482bdacc2.jpg,6787,a3579d7d444c30502ec4144482bdacc2
IdeiaDesenho/10078.jpg,legacy/v1-bucket/d0/d0712ca4ac259ad39e47fca22c5bad89.jpg,12404,d0712ca4ac259ad39e47fca22c5bad89
IdeiaDesenho/10079.jpg,legacy/v1-bucket/2a/2ab0f4be43ad420392a0511099e55e07.jpg,7052,2ab0f4be43ad420392a0511099e55e07
IdeiaDesenho/10080.jpg,legacy/v1-bucket/10/10846791d230366887c2ff4ca56cad29.jpg,19049,10846791d230366887c2ff4ca56cad29
IdeiaDesenho/10081.png,legacy/v1-bucket/e8/e8bd93dc27a1f389e4b8c30fb3f7b090.png,248950,e8bd93dc27a1f389e4b8c30fb3f7b090
IdeiaDesenho/10083.jpg,legacy/v1-bucket/42/42a157311e9e97ffe47abaa74f43ddcc.jpg,10763,42a157311e9e97ffe47abaa74f43ddcc
IdeiaDesenho/10084.jpg,legacy/v1-bucket/8d/8d3e07f89b2d3590c0540cfd7975abef.jpg,6534,8d3e07f89b2d3590c0540cfd7975abef
IdeiaDesenho/10085.jpg,legacy/v1-bucket/a4/a4d65e532854b7948aeb03ddd5fc4317.jpg,9274,a4d65e532854b7948aeb03ddd5fc4317
IdeiaDesenho/10086.jpg,legacy/v1-bucket/12/1203ef4612a3b5612ceca68746b5c64f.jpg,15868,1203ef4612a3b5612ceca68746b5c64f
IdeiaDesenho/10087.png,legacy/v1-bucket/e3/e382d690e4eab38905f62ba823c8ee46.png,7810,e382d690e4eab38905f62ba823c8ee46
IdeiaDesenho/10088.png,legacy/v1-bucket/e3/e3d69814b7f43cc0ff982f1004866a6c.png,113458,e3d69814b7f43cc0ff982f1004866a6c
IdeiaDesenho/10089.jpg,legacy/v1-bucket/53/539131a5e5e363518bbce0bd15047ed6.jpg,8300,539131a5e5e363518bbce0bd15047ed6
IdeiaDesenho/10091.jpg,legacy/v1-bucket/f3/f36db9a87e2e68b85c406a38a08ba643.jpg,12922,f36db9a87e2e68b85c406a38a08ba643
IdeiaDesenho/10091.png,legacy/v1-bucket/36/36770f57785dbe831ad0b2d24e5ed9e3.png,10821,36770f57785dbe831ad0b2d24e5ed9e3
IdeiaDesenho/10092.jpg,legacy/v1-bucket/0c/0cf205ec1211be65a25dea7d3ef8f6fa.jpg,8553,0cf205ec1211be65a25dea7d3ef8f6fa
IdeiaDesenho/10093.jpg,legacy/v1-bucket/7a/7a5e87d8c75bc57d28a4708a1500642b.jpg,72637,7a5e87d8c75bc57d28a4708a1500642b
IdeiaDesenho/10094.jpeg,legacy/v1-bucket/7e/7e8f4ae3035db0d8893bb067a715f23a.jpeg,309886,7e8f4ae3035db0d8893bb067a715f23a
IdeiaDesenho/10094.png,legacy/v1-bucket/79/79811c989ac2876df200d3d9d02185aa.png,7284,79811c989ac2876df200d3d9d02185aa
IdeiaDesenho/10095.jpg,legacy/v1-bucket/f0/f0b026b5edf102ad3edabc4451e460c3.jpg,147436,f0b026b5edf102ad3edabc4451e460c3
IdeiaDesenho/10096.jpg,legacy/v1-bucket/d7/d7fb1547c1841a34aae2c8fed5f4ef47.jpg,280996,d7fb1547c1841a34aae2c8fed5f4ef47
IdeiaDesenho/10097.png,legacy/v1-bucket/32/32d68545c8018fdd43cd25ac4a03e4b7.png,5635,32d68545c8018fdd43cd25ac4a03e4b7
IdeiaDesenho/10098.jpg,legacy/v1-bucket/b9/b9439ee604a7876fb96e7b8d31e40762.jpg,691107,b9439ee604a7876fb96e7b8d31e40762
IdeiaDesenho/10100.jpg,legacy/v1-bucket/33/33000a4159e442a877ab63da4e0b8dbe.jpg,8248,33000a4159e442a877ab63da4e0b8dbe
IdeiaDesenho/10101.png,legacy/v1-bucket/0c/0c4a00cb7539ad74ae88b7acdb6c3fe7.png,10906,0c4a00cb7539ad74ae88b7acdb6c3fe7
IdeiaDesenho/10102.jpg,legacy/v1-bucket/d8/d8a6b5b787ed27b10534621d1f575604.jpg,6531,d8a6b5b787ed27b10534621d1f575604
IdeiaDesenho/10102.png,legacy/v1-bucket/da/daadf04b60dd86c0498878852a2902f7.png,8020,daadf04b60dd86c0498878852a2902f7
IdeiaDesenho/10104.jpg,legacy/v1-bucket/a0/a049f2d79557280e6a57e70bdeb3c343.jpg,6398,a049f2d79557280e6a57e70bdeb3c343
IdeiaDesenho/10105.jpg,legacy/v1-bucket/44/44207bcb388b04cb15d0f59e55cfdbb8.jpg,7291,44207bcb388b04cb15d0f59e55cfdbb8
IdeiaDesenho/10106.png,legacy/v1-bucket/83/83a5bb91446513115520bacc3f7de329.png,114856,83a5bb91446513115520bacc3f7de329
IdeiaDesenho/10107.jpg,legacy/v1-bucket/19/190b36d9882f992f9c94a22600d1e186.jpg,61571,190b36d9882f992f9c94a22600d1e186
IdeiaDesenho/10107.png,legacy/v1-bucket/0b/0b918b277ccfb70a0d8db98324ee96c5.png,11623,0b918b277ccfb70a0d8db98324ee96c5
IdeiaDesenho/10108.jpg,legacy/v1-bucket/3f/3f1675aba3261a128cca972072d23179.jpg,86738,3f1675aba3261a128cca972072d23179
IdeiaDesenho/10109.jpg,legacy/v1-bucket/d5/d54935fd276e5a2f8749fb651c81e648.jpg,8593,d54935fd276e5a2f8749fb651c81e648
IdeiaDesenho/10110.jpg,legacy/v1-bucket/3b/3bda5be755fd81e69a9d56eeef3b92d7.jpg,7603,3bda5be755fd81e69a9d56eeef3b92d7
IdeiaDesenho/10112.jpg,legacy/v1-bucket/e6/e600cee94265e3acfe25e8eafa59f2fd.jpg,7985,e600cee94265e3acfe25e8eafa59f2fd
IdeiaDesenho/10113.png,legacy/v1-bucket/68/68fc2cc2c589ba9243c9116e13a2b056.png,7386,68fc2cc2c589ba9243c9116e13a2b056
IdeiaDesenho/10114.png,legacy/v1-bucket/f3/f39d9eb35ded77f6c6d5ef6fb391dd90.png,151473,f39d9eb35ded77f6c6d5ef6fb391dd90
IdeiaDesenho/10115.png,legacy/v1-bucket/30/307c16c4fbb0e265a597d6666d9991bb.png,165100,307c16c4fbb0e265a597d6666d9991bb
IdeiaDesenho/10116.jpg,legacy/v1-bucket/bd/bdff8a4c7a46236cef58e11a399c2381.jpg,8222,bdff8a4c7a46236cef58e11a399c2381
IdeiaDesenho/10118.jpg,legacy/v1-bucket/74/749abb0b8f9c301bbf8be77487c9b249.jpg,8957,749abb0b8f9c301bbf8be77487c9b249
IdeiaDesenho/10122.jpg,legacy/v1-bucket/e6/e6abe67f3741b5ed8385be68d05247a4.jpg,7131,e6abe67f3741b5ed8385be68d05247a4
IdeiaDesenho/10123.png,legacy/v1-bucket/02/02a50bd05f231e253e8e51e99f36f913.png,7648,02a50bd05f231e253e8e51e99f36f913
IdeiaDesenho/10124.jpg,legacy/v1-bucket/94/9452bf26ccee9da2b66d8ac719c0dd4d.jpg,5198,9452bf26ccee9da2b66d8ac719c0dd4d
IdeiaDesenho/10125.jpg,legacy/v1-bucket/80/80f0a3c7347929e569a720bbf090b68b.jpg,11151,80f0a3c7347929e569a720bbf090b68b
IdeiaDesenho/10127.jpg,legacy/v1-bucket/05/05990879227e8b3ae88bfb36ff770d29.jpg,351307,05990879227e8b3ae88bfb36ff770d29
IdeiaDesenho/10129.jpg,legacy/v1-bucket/ae/aee7a66d1ece3f16d0a0ccb8ae59d0ed.jpg,7254,aee7a66d1ece3f16d0a0ccb8ae59d0ed
IdeiaDesenho/10129.png,legacy/v1-bucket/b8/b830ddd5f207516be20588f24dbd003d.png,30100,b830ddd5f207516be20588f24dbd003d
IdeiaDesenho/10131.jpg,legacy/v1-bucket/13/13e783198aef44dd4140491003615475.jpg,8349,13e783198aef44dd4140491003615475
IdeiaDesenho/10135.jpg,legacy/v1-bucket/31/31d147a0b00b746ba1a4f747877d08a7.jpg,9395,31d147a0b00b746ba1a4f747877d08a7
IdeiaDesenho/10137.jpg,legacy/v1-bucket/72/72d26651e3ec17f8986e64e16b8b302e.jpg,11473,72d26651e3ec17f8986e64e16b8b302e
IdeiaDesenho/10139.png,legacy/v1-bucket/50/5054447b186a6a2f25a5e127f6ced80b.png,106433,5054447b186a6a2f25a5e127f6ced80b
IdeiaDesenho/10141.jpg,legacy/v1-bucket/ec/ec2a4c3533cb6e3e618613563c03f5ed.jpg,10248,ec2a4c3533cb6e3e618613563c03f5ed
IdeiaDesenho/10143.jpg,legacy/v1-bucket/c9/c9cdc8c9e4023a5ccd48d1c633205f95.jpg,4985,c9cdc8c9e4023a5ccd48d1c633205f95
IdeiaDesenho/10143.png,legacy/v1-bucket/f8/f8dbb5faddf0c6f2e798b3c2a5121d45.png,12032,f8dbb5faddf0c6f2e798b3c2a5121d45
IdeiaDesenho/10145.jpg,legacy/v1-bucket/9a/9aaae2adbd26f6d140dc788ee3c937dc.jpg,10371,9aaae2adbd26f6d140dc788ee3c937dc
IdeiaDesenho/10147.jpg,legacy/v1-bucket/1d/1dbde8be1b524cc40afb5205c132eff6.jpg,12386,1dbde8be1b524cc40afb5205c132eff6
IdeiaDesenho/10147.png,legacy/v1-bucket/a4/a48d5ff1c57493190d9e1e26d2255a25.png,125916,a48d5ff1c57493190d9e1e26d2255a25
IdeiaDesenho/10149.jpg,legacy/v1-bucket/aa/aacb76c67b7bbc6f29c9ddb586ad6291.jpg,9702,aacb76c67b7bbc6f29c9ddb586ad6291
IdeiaDesenho/10151.jpg,legacy/v1-bucket/1c/1c66c6e99041eb0021b95e47ef12dd50.jpg,7863,1c66c6e99041eb0021b95e47ef12dd50
IdeiaDesenho/10152.jpg,legacy/v1-bucket/28/2804957412a7e4e81e0c15299a35668d.jpg,6808,2804957412a7e4e81e0c15299a35668d
IdeiaDesenho/10153.png,legacy/v1-bucket/bb/bbafdbb3a791cb6fa1a656a9cd1047b6.png,7201,bbafdbb3a791cb6fa1a656a9cd1047b6
IdeiaDesenho/10154.jpg,legacy/v1-bucket/80/8082f80bad2c1f54b3b70e465f3b0407.jpg,7965,8082f80bad2c1f54b3b70e465f3b0407
IdeiaDesenho/10156.jpg,legacy/v1-bucket/81/81cfa9f013477a2f989ada8139847f4f.jpg,14413,81cfa9f013477a2f989ada8139847f4f
IdeiaDesenho/10158.jpg,legacy/v1-bucket/04/04f91905882450a08752f468c9bf16f3.jpg,11224,04f91905882450a08752f468c9bf16f3
IdeiaDesenho/10158.png,legacy/v1-bucket/9c/9cb8cbbd949b2be6b56ffc9bdfff2982.png,4060,9cb8cbbd949b2be6b56ffc9bdfff2982
IdeiaDesenho/10160.jpg,legacy/v1-bucket/15/1500408d961abe331a875fb7dfdc4e76.jpg,7334,1500408d961abe331a875fb7dfdc4e76
IdeiaDesenho/10161.jpg,legacy/v1-bucket/aa/aa0043a08910e1ab951e319d3d62134c.jpg,6076,aa0043a08910e1ab951e319d3d62134c
IdeiaDesenho/10162.jpg,legacy/v1-bucket/85/8517efb5228fbd6fe5165f1bc0fc2af0.jpg,6070,8517efb5228fbd6fe5165f1bc0fc2af0
IdeiaDesenho/10165.jpg,legacy/v1-bucket/b9/b9a6cd4a699ce5ec9df2f1ddc1d51b40.jpg,10860,b9a6cd4a699ce5ec9df2f1ddc1d51b40
IdeiaDesenho/10165.png,legacy/v1-bucket/48/48451636782d923c801fb74599b5b8b0.png,4813,48451636782d923c801fb74599b5b8b0
IdeiaDesenho/10166.jpg,legacy/v1-bucket/e1/e1fc7a426a24fe1ad3f8ffdb9201a6d0.jpg,9169,e1fc7a426a24fe1ad3f8ffdb9201a6d0
IdeiaDesenho/10166.png,legacy/v1-bucket/69/69b81ff9e746cb9c09d08666a3c05bd6.png,11580,69b81ff9e746cb9c09d08666a3c05bd6
IdeiaDesenho/10167.jpg,legacy/v1-bucket/9d/9d03055ec6371aa986c8a44461f23339.jpg,14105,9d03055ec6371aa986c8a44461f23339
IdeiaDesenho/10168.jpg,legacy/v1-bucket/1a/1aa057306acb45d4e32566c5564ba0ee.jpg,11986,1aa057306acb45d4e32566c5564ba0ee
IdeiaDesenho/10169.jpg,legacy/v1-bucket/31/312fde465cf2db51deafd9769745d7c1.jpg,7029,312fde465cf2db51deafd9769745d7c1
IdeiaDesenho/10169.png,legacy/v1-bucket/bb/bba18bff9b684c6b371febd367312737.png,6784,bba18bff9b684c6b371febd367312737
IdeiaDesenho/10170.jpg,legacy/v1-bucket/75/75f4147ba30773cb8845031138de9956.jpg,8597,75f4147ba30773cb8845031138de9956
IdeiaDesenho/10170.png,legacy/v1-bucket/c8/c85e4d7ec44e9ef95906ce18b9555b34.png,5960,c85e4d7ec44e9ef95906ce18b9555b34
IdeiaDesenho/10171.jpg,legacy/v1-bucket/41/414accbda9cfca9e58b97f15f80ed3dd.jpg,6816,414accbda9cfca9e58b97f15f80ed3dd
IdeiaDesenho/10172.jpg,legacy/v1-bucket/f2/f259f45e9f11b38e4f598964887a13b1.jpg,7160,f259f45e9f11b38e4f598964887a13b1
IdeiaDesenho/10174.png,legacy/v1-bucket/0b/0b106465323938797193b4bfa53aa813.png,9443,0b106465323938797193b4bfa53aa813
IdeiaDesenho/10175.jpg,legacy/v1-bucket/d3/d3fabaaf51964d6e4a953774e54f7676.jpg,9433,d3fabaaf51964d6e4a953774e54f7676
IdeiaDesenho/10175.png,legacy/v1-bucket/eb/ebfd2dcaba9e22b96281bad9c0ce357f.png,9189,ebfd2dcaba9e22b96281bad9c0ce357f
IdeiaDesenho/10176.jpg,legacy/v1-bucket/8c/8cdcf60a8f0dad18c2053b0174bc3267.jpg,8577,8cdcf60a8f0dad18c2053b0174bc3267
IdeiaDesenho/10177.jpg,legacy/v1-bucket/66/66bcb4c9504e4a44084efffb17e4812e.jpg,8436,66bcb4c9504e4a44084efffb17e4812e
IdeiaDesenho/10178.png,legacy/v1-bucket/e9/e9e2099b734a600ed0fb1afedc4cb09d.png,4124,e9e2099b734a600ed0fb1afedc4cb09d
IdeiaDesenho/10179.jpg,legacy/v1-bucket/f8/f81c4a9403f40e9384c768bc6e5efc6a.jpg,7616,f81c4a9403f40e9384c768bc6e5efc6a
IdeiaDesenho/10179.png,legacy/v1-bucket/31/317067e8e57bd94a732d17fb88b98456.png,10010,317067e8e57bd94a732d17fb88b98456
IdeiaDesenho/10180.jpg,legacy/v1-bucket/55/55aae6ddfcbb539d834bcdca92b06ef8.jpg,9278,55aae6ddfcbb539d834bcdca92b06ef8
IdeiaDesenho/10180.png,legacy/v1-bucket/66/665b790313a1e7081e8e7f66411240d3.png,13907,665b790313a1e7081e8e7f66411240d3
IdeiaDesenho/10181.png,legacy/v1-bucket/16/168b850433e2e4bc5bb854b99982dc6f.png,7462,168b850433e2e4bc5bb854b99982dc6f
IdeiaDesenho/10182.jpg,legacy/v1-bucket/e2/e23bf452c5f7e52beaf0fda925d4410d.jpg,7143,e23bf452c5f7e52beaf0fda925d4410d
IdeiaDesenho/10183.jpg,legacy/v1-bucket/4c/4cf97322d0fdbdfcaf430e12e0dccb3e.jpg,7907,4cf97322d0fdbdfcaf430e12e0dccb3e
IdeiaDesenho/10185.jpg,legacy/v1-bucket/74/748793304e7310c703a7154d696bec36.jpg,14124,748793304e7310c703a7154d696bec36
IdeiaDesenho/10186.jpg,legacy/v1-bucket/a2/a2ad99c14a8c5e4d3c230fa9dc096fc8.jpg,9583,a2ad99c14a8c5e4d3c230fa9dc096fc8
IdeiaDesenho/10188.jpg,legacy/v1-bucket/75/755f0be8eb47bcd20d080bb5ce773d12.jpg,10566,755f0be8eb47bcd20d080bb5ce773d12
IdeiaDesenho/10189.jpg,legacy/v1-bucket/0e/0e655d4a70fc9d083cf71510a18fe969.jpg,6478,0e655d4a70fc9d083cf71510a18fe969
IdeiaDesenho/10190.jpg,legacy/v1-bucket/30/301b658185be16c02d0c49103bdcb331.jpg,7002,301b658185be16c02d0c49103bdcb331
IdeiaDesenho/10191.jpg,legacy/v1-bucket/8c/8cb3fbf0ecb66de168312c60057f1642.jpg,7323,8cb3fbf0ecb66de168312c60057f1642
IdeiaDesenho/10192.jpg,legacy/v1-bucket/9b/9b469edba3dfb6e556e1259cd32314ad.jpg,7193,9b469edba3dfb6e556e1259cd32314ad
IdeiaDesenho/10193.jpg,legacy/v1-bucket/4a/4a7bdf2dd031c7da27eeb8314780d8c7.jpg,14005,4a7bdf2dd031c7da27eeb8314780d8c7
IdeiaDesenho/10194.png,legacy/v1-bucket/70/7048c368db051ca7bee11235d9d026fa.png,9139,7048c368db051ca7bee11235d9d026fa
IdeiaDesenho/10195.jpg,legacy/v1-bucket/0a/0ad23d41b8bf780bd2a4edea69fea45a.jpg,10935,0ad23d41b8bf780bd2a4edea69fea45a
IdeiaDesenho/10196.png,legacy/v1-bucket/89/89d149e7f586a899ffff235e5b4e7ebf.png,8812,89d149e7f586a899ffff235e5b4e7ebf
IdeiaDesenho/10197.jpg,legacy/v1-bucket/31/31974d8b5b491b1fe4f5ea63067659ea.jpg,6682,31974d8b5b491b1fe4f5ea63067659ea
IdeiaDesenho/10198.jpg,legacy/v1-bucket/91/91ab339bb7b6f798e1e46babc1c64fc7.jpg,6057,91ab339bb7b6f798e1e46babc1c64fc7
IdeiaDesenho/10198.png,legacy/v1-bucket/63/639c8b6a0b9afbcca15e97b8712f095d.png,7213,639c8b6a0b9afbcca15e97b8712f095d
IdeiaDesenho/10199.jpg,legacy/v1-bucket/b0/b0ae20fd6ddb7320f2acb444d24d2f59.jpg,6359,b0ae20fd6ddb7320f2acb444d24d2f59
IdeiaDesenho/10200.jpg,legacy/v1-bucket/c6/c6df53d0821e4325e8b809b7b55f9af6.jpg,7239,c6df53d0821e4325e8b809b7b55f9af6
IdeiaDesenho/10201.jpg,legacy/v1-bucket/d6/d65a8dcc6b872c497047e8685eabff5d.jpg,8842,d65a8dcc6b872c497047e8685eabff5d
IdeiaDesenho/10203.jpg,legacy/v1-bucket/26/26d1b96be25f06b152ec4e8bd6b9583c.jpg,12671,26d1b96be25f06b152ec4e8bd6b9583c
IdeiaDesenho/10203.png,legacy/v1-bucket/23/23c6f69184637074e6124d700b3b8852.png,10341,23c6f69184637074e6124d700b3b8852
IdeiaDesenho/10204.jpg,legacy/v1-bucket/d3/d3396ec80ccd38067c80b11f01107c6b.jpg,12279,d3396ec80ccd38067c80b11f01107c6b
IdeiaDesenho/10206.jpg,legacy/v1-bucket/d8/d824aed14d3b66432425d80c43a076da.jpg,10801,d824aed14d3b66432425d80c43a076da
IdeiaDesenho/10206.png,legacy/v1-bucket/a2/a20bd57e070b490d6287e09dd858d1db.png,11315,a20bd57e070b490d6287e09dd858d1db
IdeiaDesenho/10207.jpg,legacy/v1-bucket/8f/8f91d380f686b9c91970a4730f2aa1b4.jpg,6829,8f91d380f686b9c91970a4730f2aa1b4
IdeiaDesenho/10208.jpg,legacy/v1-bucket/f9/f98495a657c9c23789c1b9a3b273d3d4.jpg,7110,f98495a657c9c23789c1b9a3b273d3d4
IdeiaDesenho/10209.png,legacy/v1-bucket/2d/2d6efe33f0ef6e3167ee4a4bffc1bf65.png,6907,2d6efe33f0ef6e3167ee4a4bffc1bf65
IdeiaDesenho/10211.jpg,legacy/v1-bucket/a0/a0cf00f5cf233dc312c400bcab87d811.jpg,6109,a0cf00f5cf233dc312c400bcab87d811
IdeiaDesenho/10211.png,legacy/v1-bucket/bc/bc4c8f5d59bddaaf2cafcddd5662394d.png,4592,bc4c8f5d59bddaaf2cafcddd5662394d
IdeiaDesenho/10212.jpg,legacy/v1-bucket/6c/6cc4f0ff3d3fb68b4929993f1f15ec8d.jpg,13602,6cc4f0ff3d3fb68b4929993f1f15ec8d
IdeiaDesenho/10212.png,legacy/v1-bucket/63/631ece829d41406080e2a81b4977c25d.png,115098,631ece829d41406080e2a81b4977c25d
IdeiaDesenho/10213.jpg,legacy/v1-bucket/05/058bc3c3e3a04316ab163ce9de8289d3.jpg,13440,058bc3c3e3a04316ab163ce9de8289d3
IdeiaDesenho/10214.jpg,legacy/v1-bucket/df/df69b2aba39751d2e19ca9ba44759cb7.jpg,7195,df69b2aba39751d2e19ca9ba44759cb7
IdeiaDesenho/10216.png,legacy/v1-bucket/d0/d078d1480c50633a45610b792674e2f6.png,6147,d078d1480c50633a45610b792674e2f6
IdeiaDesenho/10217.jpg,legacy/v1-bucket/08/08550ec3825116d6d056597c0326eb16.jpg,6711,08550ec3825116d6d056597c0326eb16
IdeiaDesenho/10218.png,legacy/v1-bucket/91/91274a47add0a623fa5369bc9b98d33d.png,7436,91274a47add0a623fa5369bc9b98d33d
IdeiaDesenho/10219.jpg,legacy/v1-bucket/d8/d83d7eb9b63837c1431600f22a66f6a3.jpg,7805,d83d7eb9b63837c1431600f22a66f6a3
IdeiaDesenho/10220.jpg,legacy/v1-bucket/3b/3ba8bde03da4f95de8c7afcc6af32f05.jpg,9829,3ba8bde03da4f95de8c7afcc6af32f05
IdeiaDesenho/10221.png,legacy/v1-bucket/80/809518e09bce9291beb85ee3c881baed.png,5380,809518e09bce9291beb85ee3c881baed
IdeiaDesenho/10222.jpg,legacy/v1-bucket/fa/fa0c07df47977c7ad865ec0090787b41.jpg,4763,fa0c07df47977c7ad865ec0090787b41
IdeiaDesenho/10223.jpg,legacy/v1-bucket/f3/f3dcaeb485b1756c6987e35738101f5e.jpg,9609,f3dcaeb485b1756c6987e35738101f5e
IdeiaDesenho/10224.jpg,legacy/v1-bucket/79/797668825fc297d09134ebcbc3abeb73.jpg,7591,797668825fc297d09134ebcbc3abeb73
IdeiaDesenho/10225.jpg,legacy/v1-bucket/dc/dcb20959b006230a479752882df58cc9.jpg,16186,dcb20959b006230a479752882df58cc9
IdeiaDesenho/10227.jpg,legacy/v1-bucket/7a/7a62f8eed45d130267e4b793d749ae49.jpg,5487,7a62f8eed45d130267e4b793d749ae49
IdeiaDesenho/10228.png,legacy/v1-bucket/3e/3eb8c236ef05abab923a1cd737051731.png,8857,3eb8c236ef05abab923a1cd737051731
IdeiaDesenho/10229.png,legacy/v1-bucket/63/63b1f4e920abc633f5835596e22bb1e1.png,9541,63b1f4e920abc633f5835596e22bb1e1
IdeiaDesenho/10232.jpg,legacy/v1-bucket/64/64111f03662217c1447c25ca7c737adc.jpg,9036,64111f03662217c1447c25ca7c737adc
IdeiaDesenho/10235.jpg,legacy/v1-bucket/d9/d9b132314c2aa4d279c6e127617d7f58.jpg,8798,d9b132314c2aa4d279c6e127617d7f58
IdeiaDesenho/10236.jpg,legacy/v1-bucket/f2/f2d5e16f8d1c86833cadff585d8b638d.jpg,10633,f2d5e16f8d1c86833cadff585d8b638d
IdeiaDesenho/10238.jpg,legacy/v1-bucket/dd/dd1a4bdffd6dde0a60ba30e422cc9981.jpg,11585,dd1a4bdffd6dde0a60ba30e422cc9981
IdeiaDesenho/10239.jpg,legacy/v1-bucket/8b/8b8dad19533d8b6c0d342cd6c83472fe.jpg,8785,8b8dad19533d8b6c0d342cd6c83472fe
IdeiaDesenho/10241.png,legacy/v1-bucket/dc/dc5e40751c3cafd58059551703f6bdcd.png,16001,dc5e40751c3cafd58059551703f6bdcd
IdeiaDesenho/10242.jpg,legacy/v1-bucket/a8/a821a257a808cdf8fd7387c32efdec16.jpg,5661,a821a257a808cdf8fd7387c32efdec16
IdeiaDesenho/10242.png,legacy/v1-bucket/09/09aef49aa4f87bd3b99547f9065f360e.png,5722,09aef49aa4f87bd3b99547f9065f360e
IdeiaDesenho/10243.jpg,legacy/v1-bucket/a0/a0fba25ba19a790919e280727d9fc56f.jpg,8686,a0fba25ba19a790919e280727d9fc56f
IdeiaDesenho/10245.jpg,legacy/v1-bucket/fc/fc758b27ae3a9b94c841e6ecbac7b9e4.jpg,6787,fc758b27ae3a9b94c841e6ecbac7b9e4
IdeiaDesenho/10246.jpg,legacy/v1-bucket/9a/9afccce3727d4672251552c92eb63bd1.jpg,7267,9afccce3727d4672251552c92eb63bd1
IdeiaDesenho/10247.jpg,legacy/v1-bucket/3c/3c026a6b2774758eb5bcdcc1dc3bbfad.jpg,8427,3c026a6b2774758eb5bcdcc1dc3bbfad
IdeiaDesenho/10249.jpg,legacy/v1-bucket/36/36f70fffed2f831e34045c02830dd858.jpg,6123,36f70fffed2f831e34045c02830dd858
IdeiaDesenho/10249.png,legacy/v1-bucket/b4/b4bd1b8c5a1ff047c37ec1b5500fdfcd.png,10749,b4bd1b8c5a1ff047c37ec1b5500fdfcd
IdeiaDesenho/10250.jpg,legacy/v1-bucket/b1/b1d80dcdf80c4013287c9caf50dc5886.jpg,7704,b1d80dcdf80c4013287c9caf50dc5886
IdeiaDesenho/10251.jpg,legacy/v1-bucket/41/4123e9fd428be445b07f8994242b5341.jpg,11199,4123e9fd428be445b07f8994242b5341
IdeiaDesenho/10253.jpg,legacy/v1-bucket/1d/1db9e1faa7eb04e42ba69400d44c41d3.jpg,8886,1db9e1faa7eb04e42ba69400d44c41d3
IdeiaDesenho/10255.jpg,legacy/v1-bucket/6f/6f6bc8184b7f6668da347d7dfa0cbace.jpg,5842,6f6bc8184b7f6668da347d7dfa0cbace
IdeiaDesenho/10256.jpg,legacy/v1-bucket/3f/3f4050a7199279ad6e9ffbcb1e5f611e.jpg,10312,3f4050a7199279ad6e9ffbcb1e5f611e
IdeiaDesenho/10257.jpg,legacy/v1-bucket/20/207801ee0ee681652b47c0598d9fe169.jpg,7110,207801ee0ee681652b47c0598d9fe169
IdeiaDesenho/10258.jpg,legacy/v1-bucket/85/856a749f75b3537ff11bb877531d16bf.jpg,112000,856a749f75b3537ff11bb877531d16bf
IdeiaDesenho/10259.jpg,legacy/v1-bucket/71/717a4f0f90944c27db93fe344e8576fe.jpg,5018,717a4f0f90944c27db93fe344e8576fe
IdeiaDesenho/10260.jpg,legacy/v1-bucket/5c/5cb76ebc290c7c53114732a5109f5b36.jpg,4462,5cb76ebc290c7c53114732a5109f5b36
IdeiaDesenho/10261.jpg,legacy/v1-bucket/7f/7fce4212e2764a1c48f464e2ad6984be.jpg,5816,7fce4212e2764a1c48f464e2ad6984be
IdeiaDesenho/10262.jpg,legacy/v1-bucket/de/de2bede9be1aa63f0ae28b041b95aeeb.jpg,6538,de2bede9be1aa63f0ae28b041b95aeeb
IdeiaDesenho/10263.png,legacy/v1-bucket/32/32821834272c2007d038d420ed6a9226.png,4707,32821834272c2007d038d420ed6a9226
IdeiaDesenho/10264.jpg,legacy/v1-bucket/7d/7d5865d7c7276976b6e3a8332c46d965.jpg,6001,7d5865d7c7276976b6e3a8332c46d965
IdeiaDesenho/10265.jpg,legacy/v1-bucket/97/97724b5e4f1f76d4e2ebd49f06351afb.jpg,124422,97724b5e4f1f76d4e2ebd49f06351afb
IdeiaDesenho/10267.jpg,legacy/v1-bucket/96/9650ccd0db9dbf37b8359b915b7efae2.jpg,8601,9650ccd0db9dbf37b8359b915b7efae2
IdeiaDesenho/10267.png,legacy/v1-bucket/54/5433f7490793e5a1c9f9ef3412551c5f.png,7844,5433f7490793e5a1c9f9ef3412551c5f
IdeiaDesenho/10268.jpg,legacy/v1-bucket/74/7486efd439dc82fb359cb42634f765dd.jpg,8352,7486efd439dc82fb359cb42634f765dd
IdeiaDesenho/10269.jpg,legacy/v1-bucket/59/5997c2ea7d88c238f91ca39546d6b429.jpg,11991,5997c2ea7d88c238f91ca39546d6b429
IdeiaDesenho/10270.jpg,legacy/v1-bucket/09/09a7f0979a66fe244c41c5ac3b967c4b.jpg,21871,09a7f0979a66fe244c41c5ac3b967c4b
IdeiaDesenho/10271.jpg,legacy/v1-bucket/99/996ffdc21b05335703c81be7080e13f7.jpg,7775,996ffdc21b05335703c81be7080e13f7
IdeiaDesenho/10272.jpg,legacy/v1-bucket/8f/8ff64f3747ff7c2bb4ff9621df3b2eaa.jpg,58632,8ff64f3747ff7c2bb4ff9621df3b2eaa
IdeiaDesenho/10273.jpg,legacy/v1-bucket/23/2308a9f6c9f2cd4fedf07a3d1dfaf10d.jpg,13007,2308a9f6c9f2cd4fedf07a3d1dfaf10d
IdeiaDesenho/10274.jpg,legacy/v1-bucket/3f/3f8eab5aefec15a6a9f4b381dcc1f5e5.jpg,10717,3f8eab5aefec15a6a9f4b381dcc1f5e5
IdeiaDesenho/10275.jpg,legacy/v1-bucket/cb/cbaabdfa897bbde249ab3e557536c1db.jpg,8441,cbaabdfa897bbde249ab3e557536c1db
IdeiaDesenho/10276.png,legacy/v1-bucket/f0/f05f93cdadf45e291d1210b2529183fa.png,9409,f05f93cdadf45e291d1210b2529183fa
IdeiaDesenho/10277.jpg,legacy/v1-bucket/23/23f919b43159d2c1b0d0137c58fc0156.jpg,10406,23f919b43159d2c1b0d0137c58fc0156
IdeiaDesenho/10278.jpg,legacy/v1-bucket/26/2651127c96930a798bb938f3cc471295.jpg,7045,2651127c96930a798bb938f3cc471295
IdeiaDesenho/10278.png,legacy/v1-bucket/5c/5cfb5d022bab4a58e9923c270f389fe9.png,8185,5cfb5d022bab4a58e9923c270f389fe9
IdeiaDesenho/10280.jpg,legacy/v1-bucket/90/90a650da6128ae4258614c9922d9e6f7.jpg,3789,90a650da6128ae4258614c9922d9e6f7
IdeiaDesenho/10283.jpg,legacy/v1-bucket/7e/7e482190106fb50c3adc58ef997dafba.jpg,6882,7e482190106fb50c3adc58ef997dafba
IdeiaDesenho/10285.jpg,legacy/v1-bucket/e2/e2c44eef7046f78bbed931b023408462.jpg,9982,e2c44eef7046f78bbed931b023408462
IdeiaDesenho/10286.jpg,legacy/v1-bucket/cb/cbab4d4f24ada99d813a812229511157.jpg,6262,cbab4d4f24ada99d813a812229511157
IdeiaDesenho/10286.png,legacy/v1-bucket/14/14dab083c265fd43c3173956d08ba7bf.png,5333,14dab083c265fd43c3173956d08ba7bf
IdeiaDesenho/10287.jpg,legacy/v1-bucket/f4/f4feefc1994cf462957d55926b5b58d0.jpg,9761,f4feefc1994cf462957d55926b5b58d0
IdeiaDesenho/10288.jpg,legacy/v1-bucket/56/5633b9da18e42c52ce12e8756421a084.jpg,9243,5633b9da18e42c52ce12e8756421a084
IdeiaDesenho/10289.jpg,legacy/v1-bucket/02/02e7c18b41974bda48ecb204b341445f.jpg,10315,02e7c18b41974bda48ecb204b341445f
IdeiaDesenho/10291.jpg,legacy/v1-bucket/0e/0ea6e65c58469b9bd18abe2aa17a3346.jpg,7748,0ea6e65c58469b9bd18abe2aa17a3346
IdeiaDesenho/10295.jpg,legacy/v1-bucket/25/257b5bb283e67b38819c362696ecdae3.jpg,9519,257b5bb283e67b38819c362696ecdae3
IdeiaDesenho/10295.png,legacy/v1-bucket/14/14b3d07025369595e3426c9def4abd0d.png,4364,14b3d07025369595e3426c9def4abd0d
IdeiaDesenho/10297.jpg,legacy/v1-bucket/0b/0b34dfd37dc20817a63fd06f6bf4d06e.jpg,7819,0b34dfd37dc20817a63fd06f6bf4d06e
IdeiaDesenho/10298.png,legacy/v1-bucket/c6/c6990e5c22a4d1b24d7c23f53ceba7d7.png,10114,c6990e5c22a4d1b24d7c23f53ceba7d7
IdeiaDesenho/10299.jpg,legacy/v1-bucket/fc/fcdeccd3e415df19da86f6d25b932b7f.jpg,5991,fcdeccd3e415df19da86f6d25b932b7f
IdeiaDesenho/10300.jpg,legacy/v1-bucket/8b/8b7f9243f780a06fa28a5df53040a24f.jpg,10376,8b7f9243f780a06fa28a5df53040a24f
IdeiaDesenho/10301.jpg,legacy/v1-bucket/5e/5e71f1a0422a460cfb54db355e2d2cfd.jpg,9738,5e71f1a0422a460cfb54db355e2d2cfd
IdeiaDesenho/10302.jpg,legacy/v1-bucket/c0/c0c67e238147dffe04545644ffd916db.jpg,9119,c0c67e238147dffe04545644ffd916db
IdeiaDesenho/10302.png,legacy/v1-bucket/e5/e59b03f606f85da24149fc05385b5af8.png,7570,e59b03f606f85da24149fc05385b5af8
IdeiaDesenho/10303.jpg,legacy/v1-bucket/f7/f752984ac3a4e6f90bde753335ebd130.jpg,10253,f752984ac3a4e6f90bde753335ebd130
IdeiaDesenho/10303.png,legacy/v1-bucket/ad/adfe5262b07cbdfd2f9798ae791fe7cc.png,4610,adfe5262b07cbdfd2f9798ae791fe7cc
IdeiaDesenho/10304.jpg,legacy/v1-bucket/ef/ef9383974a7abf4a362fe779db54798c.jpg,10860,ef9383974a7abf4a362fe779db54798c
IdeiaDesenho/10305.jpg,legacy/v1-bucket/6c/6cfdf6cacffb7555f9fe10e0f462e191.jpg,5255,6cfdf6cacffb7555f9fe10e0f462e191
IdeiaDesenho/10306.jpg,legacy/v1-bucket/8f/8f4ed6ed21f825bbca96e7cd4e66b392.jpg,8288,8f4ed6ed21f825bbca96e7cd4e66b392
IdeiaDesenho/10306.png,legacy/v1-bucket/6e/6e77cfd8c9795515a63c08a1fac8c28d.png,16494,6e77cfd8c9795515a63c08a1fac8c28d
IdeiaDesenho/10307.jpg,legacy/v1-bucket/f0/f01ca877fb681930fb0086672268665d.jpg,6449,f01ca877fb681930fb0086672268665d
IdeiaDesenho/10307.png,legacy/v1-bucket/f1/f1406ac512a3b6a05d7726b4ca114bcc.png,8320,f1406ac512a3b6a05d7726b4ca114bcc
IdeiaDesenho/10310.jpg,legacy/v1-bucket/42/4262756ab5a9fefad975d05cb81e0959.jpg,17130,4262756ab5a9fefad975d05cb81e0959
IdeiaDesenho/10312.jpg,legacy/v1-bucket/75/75da4523019eb789f77d4c37abbc1219.jpg,8700,75da4523019eb789f77d4c37abbc1219
IdeiaDesenho/10312.png,legacy/v1-bucket/b4/b45bad04b1d56a7dd1819ecc45832e94.png,7790,b45bad04b1d56a7dd1819ecc45832e94
IdeiaDesenho/10314.jpg,legacy/v1-bucket/4e/4eb6ce270373fa6f0a4ff3babc25d627.jpg,11097,4eb6ce270373fa6f0a4ff3babc25d627
IdeiaDesenho/10315.jpg,legacy/v1-bucket/93/93d900831e3bdf43b0a749693f2f91fc.jpg,3912,93d900831e3bdf43b0a749693f2f91fc
IdeiaDesenho/10316.jpg,legacy/v1-bucket/f7/f776681c2ac8e677e60c011def5bc84e.jpg,6445,f776681c2ac8e677e60c011def5bc84e
IdeiaDesenho/10318.jpg,legacy/v1-bucket/33/331c51fd7c355e91564bb7d1af5d0ca5.jpg,9996,331c51fd7c355e91564bb7d1af5d0ca5
IdeiaDesenho/10319.png,legacy/v1-bucket/c5/c5cbac74081fce93f1ce53adc3214cd0.png,8588,c5cbac74081fce93f1ce53adc3214cd0
IdeiaDesenho/10322.jpg,legacy/v1-bucket/a4/a4bc9dd0012a42b84ce36ba4daff8968.jpg,9719,a4bc9dd0012a42b84ce36ba4daff8968
IdeiaDesenho/10324.jpg,legacy/v1-bucket/dc/dc6ea605464b802cc45280898facc9f5.jpg,6247,dc6ea605464b802cc45280898facc9f5
IdeiaDesenho/10325.jpg,legacy/v1-bucket/38/38ffacb2e9cab1eb8fb0a39ba1b817ef.jpg,9513,38ffacb2e9cab1eb8fb0a39ba1b817ef
IdeiaDesenho/10326.jpg,legacy/v1-bucket/39/39006caaaf51f483ebd4ed3716f944b3.jpg,6866,39006caaaf51f483ebd4ed3716f944b3
IdeiaDesenho/10327.png,legacy/v1-bucket/6e/6ebb6288fa8c2f8e8312400dddbc7726.png,10888,6ebb6288fa8c2f8e8312400dddbc7726
IdeiaDesenho/10328.jpg,legacy/v1-bucket/27/270c37ff9d901a86ca6d5a0f024c52d8.jpg,17375,270c37ff9d901a86ca6d5a0f024c52d8
IdeiaDesenho/10329.png,legacy/v1-bucket/e3/e378bff635060d4a01818e007c0aeaf5.png,7620,e378bff635060d4a01818e007c0aeaf5
IdeiaDesenho/10330.jpg,legacy/v1-bucket/3d/3d233e74a901d43cdff9ade0a5922c0e.jpg,5673,3d233e74a901d43cdff9ade0a5922c0e
IdeiaDesenho/10331.jpg,legacy/v1-bucket/66/66d3e3c7d0cb35aa2dbbbf0fbeafbd5d.jpg,12192,66d3e3c7d0cb35aa2dbbbf0fbeafbd5d
IdeiaDesenho/10332.jpg,legacy/v1-bucket/42/42254037d09cd911242b52323a416288.jpg,10009,42254037d09cd911242b52323a416288
IdeiaDesenho/10333.jpg,legacy/v1-bucket/78/78f62d4d5200a80b7a612d9cd6f5f99e.jpg,12139,78f62d4d5200a80b7a612d9cd6f5f99e
IdeiaDesenho/10333.png,legacy/v1-bucket/e2/e20e15e06d57419e815302a38f1b918d.png,14576,e20e15e06d57419e815302a38f1b918d
IdeiaDesenho/10334.jpg,legacy/v1-bucket/ae/ae9f1fb03848bdf26b949c027c5c8197.jpg,13057,ae9f1fb03848bdf26b949c027c5c8197
IdeiaDesenho/10336.jpg,legacy/v1-bucket/b6/b685b91643571e7ddd3f822d5d2c0cec.jpg,5927,b685b91643571e7ddd3f822d5d2c0cec
IdeiaDesenho/10337.jpg,legacy/v1-bucket/93/93276a2d7139e131b2146c4a8e169025.jpg,5773,93276a2d7139e131b2146c4a8e169025
IdeiaDesenho/10337.png,legacy/v1-bucket/ae/ae1ea4893af5b22fc6959f0934d7d6c8.png,9040,ae1ea4893af5b22fc6959f0934d7d6c8
IdeiaDesenho/10338.jpg,legacy/v1-bucket/fb/fbf789ef2a2db359568669420109f770.jpg,9925,fbf789ef2a2db359568669420109f770
IdeiaDesenho/10338.png,legacy/v1-bucket/bd/bd9547fa9d926d43640c9452a3dfc954.png,4691,bd9547fa9d926d43640c9452a3dfc954
IdeiaDesenho/10339.jpg,legacy/v1-bucket/5b/5b7842897be0cce49e2349439eb287f0.jpg,11444,5b7842897be0cce49e2349439eb287f0
IdeiaDesenho/10339.png,legacy/v1-bucket/bb/bb09a1f1d552131411f7232af8ed8b68.png,6390,bb09a1f1d552131411f7232af8ed8b68
IdeiaDesenho/10340.jpg,legacy/v1-bucket/be/bee2ce012d40bac432fd2726f22b202f.jpg,6232,bee2ce012d40bac432fd2726f22b202f
IdeiaDesenho/10342.jpg,legacy/v1-bucket/73/73a86e51b1eee16baeac0fcdd31e48ef.jpg,5083,73a86e51b1eee16baeac0fcdd31e48ef
IdeiaDesenho/10342.png,legacy/v1-bucket/d2/d25f3fa3f6f73888ab1131aeb83dbcef.png,5437,d25f3fa3f6f73888ab1131aeb83dbcef
IdeiaDesenho/10343.jpg,legacy/v1-bucket/07/07eb108bf5142e4f39412dc3469b18e4.jpg,7959,07eb108bf5142e4f39412dc3469b18e4
IdeiaDesenho/10344.jpg,legacy/v1-bucket/8c/8c05ad62244e8dbcddf773c4dae7c56c.jpg,12816,8c05ad62244e8dbcddf773c4dae7c56c
IdeiaDesenho/10345.jpg,legacy/v1-bucket/42/4299013df97319d9f467388dfa22035b.jpg,10719,4299013df97319d9f467388dfa22035b
IdeiaDesenho/10345.png,legacy/v1-bucket/1a/1a43d11e112a8c65d0e3e557263b6b38.png,14251,1a43d11e112a8c65d0e3e557263b6b38
IdeiaDesenho/10346.jpg,legacy/v1-bucket/93/9366c8d290192f845a091326efdc52a1.jpg,7419,9366c8d290192f845a091326efdc52a1
IdeiaDesenho/10346.png,legacy/v1-bucket/2f/2f6ab628468b7987576b8ed4ef8cc906.png,6050,2f6ab628468b7987576b8ed4ef8cc906
IdeiaDesenho/10347.jpg,legacy/v1-bucket/00/007b26cdadff16d4f20d3b79d3300e3b.jpg,10488,007b26cdadff16d4f20d3b79d3300e3b
IdeiaDesenho/10350.jpg,legacy/v1-bucket/06/063c6b305dd082178785d004051396e4.jpg,6241,063c6b305dd082178785d004051396e4
IdeiaDesenho/10351.jpg,legacy/v1-bucket/98/9887c8c1a4e33011bf87d04a1bc1e064.jpg,6237,9887c8c1a4e33011bf87d04a1bc1e064
IdeiaDesenho/10352.png,legacy/v1-bucket/fd/fd64f56b8eca90355519d537a815f4d5.png,8151,fd64f56b8eca90355519d537a815f4d5
IdeiaDesenho/10353.jpg,legacy/v1-bucket/cf/cf1807c774a0eb86a62c1c5626a6d70c.jpg,8633,cf1807c774a0eb86a62c1c5626a6d70c
IdeiaDesenho/10353.png,legacy/v1-bucket/c5/c5609aa5603bb08cbd2bdcdbffa4eeb4.png,12626,c5609aa5603bb08cbd2bdcdbffa4eeb4
IdeiaDesenho/10355.jpg,legacy/v1-bucket/45/456e3fdf50da812ac505f6d1c547c969.jpg,4924,456e3fdf50da812ac505f6d1c547c969
IdeiaDesenho/10356.jpg,legacy/v1-bucket/63/63d735c267b1549e14405ee160b6df86.jpg,4755,63d735c267b1549e14405ee160b6df86
IdeiaDesenho/10357.jpg,legacy/v1-bucket/eb/ebf99c4b2c4efca9495f1161d9ad9859.jpg,5633,ebf99c4b2c4efca9495f1161d9ad9859
IdeiaDesenho/10358.png,legacy/v1-bucket/36/362ea219864006b7344a86387b9ccee5.png,12228,362ea219864006b7344a86387b9ccee5
IdeiaDesenho/10359.jpg,legacy/v1-bucket/6a/6ac1d9e9ed97718ddf4750dfc36fddef.jpg,9178,6ac1d9e9ed97718ddf4750dfc36fddef
IdeiaDesenho/10359.png,legacy/v1-bucket/fd/fde012157eb9d82c89fd7ff9cb5aaeda.png,7911,fde012157eb9d82c89fd7ff9cb5aaeda
IdeiaDesenho/10360.jpg,legacy/v1-bucket/c3/c3a848125f4a79b5bd1818da5d879d8d.jpg,4176,c3a848125f4a79b5bd1818da5d879d8d
IdeiaDesenho/10361.jpg,legacy/v1-bucket/e6/e603048f8e3bb3ce5109253f6123abc6.jpg,9023,e603048f8e3bb3ce5109253f6123abc6
IdeiaDesenho/10363.jpg,legacy/v1-bucket/56/56066579c003ac6ccb1634152a2af6a7.jpg,13316,56066579c003ac6ccb1634152a2af6a7
IdeiaDesenho/10363.png,legacy/v1-bucket/e0/e01ee0b103f7611b23bf622571dd8613.png,4786,e01ee0b103f7611b23bf622571dd8613
IdeiaDesenho/10364.jpg,legacy/v1-bucket/aa/aabdc41f821c14b3ef4a424f914880e5.jpg,11912,aabdc41f821c14b3ef4a424f914880e5
IdeiaDesenho/10364.png,legacy/v1-bucket/88/88bcc4a7803fc3a0b22be5223dac6ecc.png,7418,88bcc4a7803fc3a0b22be5223dac6ecc
IdeiaDesenho/10365.png,legacy/v1-bucket/3f/3fec02d382ce1bf2782eee6698d78276.png,6954,3fec02d382ce1bf2782eee6698d78276
IdeiaDesenho/10366.jpg,legacy/v1-bucket/fc/fcf0daf4572bdaca88c30e927753fd13.jpg,8482,fcf0daf4572bdaca88c30e927753fd13
IdeiaDesenho/10366.png,legacy/v1-bucket/1a/1aeb8c2a06a106975f1eed676a0d0905.png,7397,1aeb8c2a06a106975f1eed676a0d0905
IdeiaDesenho/10367.jpg,legacy/v1-bucket/1b/1bfc34acd87ff92113a216be1e0d3ad7.jpg,6483,1bfc34acd87ff92113a216be1e0d3ad7
IdeiaDesenho/10371.jpg,legacy/v1-bucket/38/388e40b17a00c4fa3d6b9e288f009ef1.jpg,7423,388e40b17a00c4fa3d6b9e288f009ef1
IdeiaDesenho/10372.jpg,legacy/v1-bucket/49/497c11b2c941a83e8656ca0e30802c90.jpg,8137,497c11b2c941a83e8656ca0e30802c90
IdeiaDesenho/10373.jpg,legacy/v1-bucket/36/3696623292a36566b0c50f06a9c466fe.jpg,10352,3696623292a36566b0c50f06a9c466fe
IdeiaDesenho/10373.png,legacy/v1-bucket/17/179976823d2ab37dbe4740ae0060436a.png,9086,179976823d2ab37dbe4740ae0060436a
IdeiaDesenho/10374.jpg,legacy/v1-bucket/a6/a66ef9afdeec4fdf38421c79e991577f.jpg,4999,a66ef9afdeec4fdf38421c79e991577f
IdeiaDesenho/10374.png,legacy/v1-bucket/02/025c0f99a43e73d3873d3db30ed38877.png,6431,025c0f99a43e73d3873d3db30ed38877
IdeiaDesenho/10376.jpg,legacy/v1-bucket/f8/f8578084abdc8330f8dcb8d1b8b30c32.jpg,8897,f8578084abdc8330f8dcb8d1b8b30c32
IdeiaDesenho/10376.png,legacy/v1-bucket/3b/3ba5e55505da178300f86769c0dd70df.png,7680,3ba5e55505da178300f86769c0dd70df
IdeiaDesenho/10377.jpg,legacy/v1-bucket/c2/c2ec78da343b2a15126d9645750b7f82.jpg,7184,c2ec78da343b2a15126d9645750b7f82
IdeiaDesenho/10380.jpg,legacy/v1-bucket/4f/4f3ba7dfb36f29edeae6f293a0e13de7.jpg,7850,4f3ba7dfb36f29edeae6f293a0e13de7
IdeiaDesenho/10381.jpg,legacy/v1-bucket/c1/c1162923281b2ce54409fb1047ee56c5.jpg,6265,c1162923281b2ce54409fb1047ee56c5
IdeiaDesenho/10382.png,legacy/v1-bucket/8f/8f05769ef4d7d2ecee2f7f62fdfaeef9.png,73113,8f05769ef4d7d2ecee2f7f62fdfaeef9
IdeiaDesenho/10384.jpg,legacy/v1-bucket/b4/b4f7b1033abcb53e2726948a3d751fc8.jpg,47604,b4f7b1033abcb53e2726948a3d751fc8
IdeiaDesenho/10385.jpg,legacy/v1-bucket/9e/9e65fe58a029355ef9fa6eb12e0dc1b4.jpg,4361,9e65fe58a029355ef9fa6eb12e0dc1b4
IdeiaDesenho/10387.jpg,legacy/v1-bucket/36/3620d36a4f7a0333ae304641a65a1d53.jpg,11271,3620d36a4f7a0333ae304641a65a1d53
IdeiaDesenho/10388.jpg,legacy/v1-bucket/f1/f128866bf5d27c62d95f9fe428f5f8b9.jpg,8696,f128866bf5d27c62d95f9fe428f5f8b9
IdeiaDesenho/10389.jpg,legacy/v1-bucket/0e/0ece66e815c81dc199c6239195708f10.jpg,16722,0ece66e815c81dc199c6239195708f10
IdeiaDesenho/10390.jpg,legacy/v1-bucket/2d/2dac63de29fb8b86145805013adf3aca.jpg,7820,2dac63de29fb8b86145805013adf3aca
IdeiaDesenho/10390.png,legacy/v1-bucket/7a/7ac7419f4a1b6b9598a0ce9493bfa59e.png,10852,7ac7419f4a1b6b9598a0ce9493bfa59e
IdeiaDesenho/10392.jpg,legacy/v1-bucket/1f/1fc39068672d48cf69e2370fc178701d.jpg,5474,1fc39068672d48cf69e2370fc178701d
IdeiaDesenho/10393.jpg,legacy/v1-bucket/fc/fce49ec367ad737e97a2d747bc7db688.jpg,7602,fce49ec367ad737e97a2d747bc7db688
IdeiaDesenho/10393.png,legacy/v1-bucket/4a/4a0a2c56b4754c0dbc5df3e25c74dcd2.png,5266,4a0a2c56b4754c0dbc5df3e25c74dcd2
IdeiaDesenho/10394.jpg,legacy/v1-bucket/9c/9cee135793b3c7e68659df13405b3df5.jpg,6101,9cee135793b3c7e68659df13405b3df5
IdeiaDesenho/10395.jpg,legacy/v1-bucket/6b/6ba1eb240b5a324f634a147774ec05d4.jpg,13589,6ba1eb240b5a324f634a147774ec05d4
IdeiaDesenho/10396.jpg,legacy/v1-bucket/5f/5f6d4a6f73b8b80e93ba762b8e595162.jpg,10762,5f6d4a6f73b8b80e93ba762b8e595162
IdeiaDesenho/10396.png,legacy/v1-bucket/11/110a329b91cc99460e9ec9ae7a1ef8e5.png,7827,110a329b91cc99460e9ec9ae7a1ef8e5
IdeiaDesenho/10397.jpg,legacy/v1-bucket/59/59964f964207cbcf8a9ec9569c2165e7.jpg,9800,59964f964207cbcf8a9ec9569c2165e7
IdeiaDesenho/10398.jpg,legacy/v1-bucket/74/744e02421e8c810866cc2cc10357e9ae.jpg,11582,744e02421e8c810866cc2cc10357e9ae
IdeiaDesenho/10399.png,legacy/v1-bucket/8e/8e05c9e974c86d1e59947837516a23cf.png,7640,8e05c9e974c86d1e59947837516a23cf
IdeiaDesenho/10400.jpg,legacy/v1-bucket/32/32385caf8bb4aea8c6311b092eb8df22.jpg,6237,32385caf8bb4aea8c6311b092eb8df22
IdeiaDesenho/10400.png,legacy/v1-bucket/a7/a7fe23c675750b0e6a3502071d20fd44.png,7461,a7fe23c675750b0e6a3502071d20fd44
IdeiaDesenho/10401.png,legacy/v1-bucket/ad/adc895e035d1036cf4867f451d334fa7.png,6817,adc895e035d1036cf4867f451d334fa7
IdeiaDesenho/10403.jpg,legacy/v1-bucket/2a/2a822d3df26e65b8751ff61407ee109b.jpg,5153,2a822d3df26e65b8751ff61407ee109b
IdeiaDesenho/10406.jpg,legacy/v1-bucket/7d/7df70bee0de82f945d124078c0a468c7.jpg,5041,7df70bee0de82f945d124078c0a468c7
IdeiaDesenho/10407.jpg,legacy/v1-bucket/a1/a133ab16769d799cbb4ccb12fcf018bd.jpg,11075,a133ab16769d799cbb4ccb12fcf018bd
IdeiaDesenho/10407.png,legacy/v1-bucket/00/001bd84e5fdc692efb4078f7e3537de6.png,7363,001bd84e5fdc692efb4078f7e3537de6
IdeiaDesenho/10408.jpg,legacy/v1-bucket/26/266edf9cc0e67221f24dad482e66d2b4.jpg,5449,266edf9cc0e67221f24dad482e66d2b4
IdeiaDesenho/10409.jpg,legacy/v1-bucket/22/2238aca638aa2ddec5f74d895ca69145.jpg,4628,2238aca638aa2ddec5f74d895ca69145
IdeiaDesenho/10410.jpg,legacy/v1-bucket/b2/b20a726c50ec9a858817efe4f350c43a.jpg,9197,b20a726c50ec9a858817efe4f350c43a
IdeiaDesenho/10413.jpg,legacy/v1-bucket/63/630e81c373e2bdeda26da28aa648cf5d.jpg,22792,630e81c373e2bdeda26da28aa648cf5d
IdeiaDesenho/10413.png,legacy/v1-bucket/b2/b2876f9362465a002a31c540b0e6f21e.png,7093,b2876f9362465a002a31c540b0e6f21e
IdeiaDesenho/10415.jpg,legacy/v1-bucket/22/2275cff70f1e66716ee9709bda814878.jpg,6030,2275cff70f1e66716ee9709bda814878
IdeiaDesenho/10416.jpg,legacy/v1-bucket/dc/dcbc40ea1835d7ea96929d07daace936.jpg,11493,dcbc40ea1835d7ea96929d07daace936
IdeiaDesenho/10416.png,legacy/v1-bucket/67/672ae0f5bc1d7ab9b25e34e6d4b58b83.png,5861,672ae0f5bc1d7ab9b25e34e6d4b58b83
IdeiaDesenho/10417.jpg,legacy/v1-bucket/7e/7e10766cfe8a2cd7d7299c0e49bf4b45.jpg,11693,7e10766cfe8a2cd7d7299c0e49bf4b45
IdeiaDesenho/10419.jpg,legacy/v1-bucket/ba/ba6153ac6cde99e864cc3f29358e305f.jpg,7099,ba6153ac6cde99e864cc3f29358e305f
IdeiaDesenho/10420.jpg,legacy/v1-bucket/90/90e0d8bee1c2d4e5995868e274f6e957.jpg,4989,90e0d8bee1c2d4e5995868e274f6e957
IdeiaDesenho/10421.png,legacy/v1-bucket/71/712129b9df222e00b847f1c17320c0bb.png,7602,712129b9df222e00b847f1c17320c0bb
IdeiaDesenho/10423.jpg,legacy/v1-bucket/3a/3a5e90742a0ade9f69f0f7a76cc8c448.jpg,8832,3a5e90742a0ade9f69f0f7a76cc8c448
IdeiaDesenho/10424.jpg,legacy/v1-bucket/60/60bc663f9d4461e89f239b112bb52d1d.jpg,9168,60bc663f9d4461e89f239b112bb52d1d
IdeiaDesenho/10424.png,legacy/v1-bucket/2f/2f522f0c4ee53b53f7c72dae6d4f2787.png,5689,2f522f0c4ee53b53f7c72dae6d4f2787
IdeiaDesenho/10425.jpg,legacy/v1-bucket/bd/bdcc00d0cb647bf25184d4e014137e99.jpg,7910,bdcc00d0cb647bf25184d4e014137e99
IdeiaDesenho/10425.png,legacy/v1-bucket/a6/a6980093df816e389161131d8ee74526.png,20460,a6980093df816e389161131d8ee74526
IdeiaDesenho/10428.jpg,legacy/v1-bucket/c7/c7cb446d0f1f26e69fb2784de7f87a21.jpg,6101,c7cb446d0f1f26e69fb2784de7f87a21
IdeiaDesenho/10428.png,legacy/v1-bucket/fd/fd1e2f70f852f855493fcb73e7c900b1.png,8678,fd1e2f70f852f855493fcb73e7c900b1
IdeiaDesenho/10429.jpg,legacy/v1-bucket/02/0246145d00001561d96a827c151e417d.jpg,10129,0246145d00001561d96a827c151e417d
IdeiaDesenho/10430.jpg,legacy/v1-bucket/3d/3d40692395a6880aa411c22c8b45006c.jpg,8783,3d40692395a6880aa411c22c8b45006c
IdeiaDesenho/10430.png,legacy/v1-bucket/1f/1f8016e6d2cd26b51c8db2e71a25368a.png,7552,1f8016e6d2cd26b51c8db2e71a25368a
IdeiaDesenho/10431.jpg,legacy/v1-bucket/38/38c0273b9ef439d874d95dcc7de3805b.jpg,5352,38c0273b9ef439d874d95dcc7de3805b
IdeiaDesenho/10431.png,legacy/v1-bucket/2d/2dceb88b5c78f450210b198cbcd67379.png,10139,2dceb88b5c78f450210b198cbcd67379
IdeiaDesenho/10433.jpg,legacy/v1-bucket/1c/1cea64d2e9c361039e71043bdfe120c8.jpg,5833,1cea64d2e9c361039e71043bdfe120c8
IdeiaDesenho/10435.jpg,legacy/v1-bucket/3c/3c6e485eda08d6e5e240edcc4f12c0be.jpg,5367,3c6e485eda08d6e5e240edcc4f12c0be
IdeiaDesenho/10437.jpg,legacy/v1-bucket/e0/e0ef01a7a28badc12fe88cd424b0c6fa.jpg,8059,e0ef01a7a28badc12fe88cd424b0c6fa
IdeiaDesenho/10438.png,legacy/v1-bucket/41/41e8d1b81baa1faf1a961cd2eee8a348.png,10832,41e8d1b81baa1faf1a961cd2eee8a348
IdeiaDesenho/10439.jpg,legacy/v1-bucket/c3/c3bacf7c5317a6ef43060c6ec4756d23.jpg,10066,c3bacf7c5317a6ef43060c6ec4756d23
IdeiaDesenho/10439.png,legacy/v1-bucket/f6/f60e80b4f553bb1fb6bcb2d46e48ba40.png,9820,f60e80b4f553bb1fb6bcb2d46e48ba40
IdeiaDesenho/10440.jpg,legacy/v1-bucket/64/64ce1c245da4d4b3b018121e994f75ee.jpg,7316,64ce1c245da4d4b3b018121e994f75ee
IdeiaDesenho/10441.png,legacy/v1-bucket/0f/0fa0eb0bbe2337ba428ec23dcd3b1205.png,12699,0fa0eb0bbe2337ba428ec23dcd3b1205
IdeiaDesenho/10442.jpg,legacy/v1-bucket/a2/a2e8453e8adb274fab49e01309fce166.jpg,5793,a2e8453e8adb274fab49e01309fce166
IdeiaDesenho/10443.jpg,legacy/v1-bucket/8e/8e06abe2d22e431ad5122036ff20f7c6.jpg,9909,8e06abe2d22e431ad5122036ff20f7c6
IdeiaDesenho/10444.jpg,legacy/v1-bucket/95/955500e8dbea302eab6f888157c89596.jpg,10920,955500e8dbea302eab6f888157c89596
IdeiaDesenho/10444.png,legacy/v1-bucket/2f/2ff0f2b2fb7d1c933a6ab86b47f0a422.png,7845,2ff0f2b2fb7d1c933a6ab86b47f0a422
IdeiaDesenho/10445.jpg,legacy/v1-bucket/21/210c8222ae209401665bdedce0cf5323.jpg,8700,210c8222ae209401665bdedce0cf5323
IdeiaDesenho/10446.png,legacy/v1-bucket/20/20c74b7a16b54d05f7d874a4a6e5ad4d.png,4634,20c74b7a16b54d05f7d874a4a6e5ad4d
IdeiaDesenho/10447.jpg,legacy/v1-bucket/ee/eef993f93cc14c1589d5c86513ccc9c1.jpg,8557,eef993f93cc14c1589d5c86513ccc9c1
IdeiaDesenho/10447.png,legacy/v1-bucket/51/51ed5bb50c501039063896be309d204d.png,8442,51ed5bb50c501039063896be309d204d
IdeiaDesenho/10448.jpg,legacy/v1-bucket/13/13e9ad0288ba80adaf49a9aaa3196942.jpg,5163,13e9ad0288ba80adaf49a9aaa3196942
IdeiaDesenho/10449.jpg,legacy/v1-bucket/83/832743ad283a43f650f754aa02755438.jpg,6018,832743ad283a43f650f754aa02755438
IdeiaDesenho/10450.jpg,legacy/v1-bucket/75/75eae8807df00eda76cecf95e964f780.jpg,6492,75eae8807df00eda76cecf95e964f780
IdeiaDesenho/10452.jpg,legacy/v1-bucket/2b/2b2fde128ba7c0160cb15065f06a6310.jpg,9609,2b2fde128ba7c0160cb15065f06a6310
IdeiaDesenho/10452.png,legacy/v1-bucket/1a/1a30ddaffcbb82edd6e3959602b980d5.png,10346,1a30ddaffcbb82edd6e3959602b980d5
IdeiaDesenho/10453.jpg,legacy/v1-bucket/8e/8ef7ebfa4af31f4b551c1750d30ab602.jpg,7784,8ef7ebfa4af31f4b551c1750d30ab602
IdeiaDesenho/10454.jpg,legacy/v1-bucket/a9/a9fbf6189ebd540ce4c1b14753540a5e.jpg,8164,a9fbf6189ebd540ce4c1b14753540a5e
IdeiaDesenho/10455.jpg,legacy/v1-bucket/4c/4cf03b07266f29eb5d3f20f81421f12f.jpg,10803,4cf03b07266f29eb5d3f20f81421f12f
IdeiaDesenho/10455.png,legacy/v1-bucket/53/5339588358ee8da6ff172bb6fc119863.png,8262,5339588358ee8da6ff172bb6fc119863
IdeiaDesenho/10456.jpg,legacy/v1-bucket/89/899fb20dfce0039f5a8965f3f42d7aa5.jpg,8829,899fb20dfce0039f5a8965f3f42d7aa5
IdeiaDesenho/10457.jpg,legacy/v1-bucket/26/26cac79af95be3bd6d0d6216dbc70105.jpg,7174,26cac79af95be3bd6d0d6216dbc70105
IdeiaDesenho/10458.jpg,legacy/v1-bucket/25/2599d3ba6cc1c7baf8c8c2d908c08bb0.jpg,6382,2599d3ba6cc1c7baf8c8c2d908c08bb0
IdeiaDesenho/10458.png,legacy/v1-bucket/84/8460bf4c9574723d503d01305f77bd5c.png,8289,8460bf4c9574723d503d01305f77bd5c
IdeiaDesenho/10459.png,legacy/v1-bucket/fb/fb0b5abc6351c440da93844094554531.png,9158,fb0b5abc6351c440da93844094554531
IdeiaDesenho/10461.jpg,legacy/v1-bucket/89/890a880b31ed1e42f5bafccbe3a7ce60.jpg,9079,890a880b31ed1e42f5bafccbe3a7ce60
IdeiaDesenho/10462.jpg,legacy/v1-bucket/c2/c224cfb94597253ef40ad174ce4da677.jpg,8722,c224cfb94597253ef40ad174ce4da677
IdeiaDesenho/10463.jpg,legacy/v1-bucket/6c/6c115e0518dbffe26fc40746e335f198.jpg,8349,6c115e0518dbffe26fc40746e335f198
IdeiaDesenho/10465.jpg,legacy/v1-bucket/4d/4d46b0e18d7ec5a9a1c0b3f0e4896efb.jpg,4817,4d46b0e18d7ec5a9a1c0b3f0e4896efb
IdeiaDesenho/10465.png,legacy/v1-bucket/7d/7df1696f82b9e00cd75c9f6d938ef032.png,7599,7df1696f82b9e00cd75c9f6d938ef032
IdeiaDesenho/10466.jpg,legacy/v1-bucket/d8/d808a2e9d17db8ef9b344024317ba26d.jpg,10437,d808a2e9d17db8ef9b344024317ba26d
IdeiaDesenho/10467.jpg,legacy/v1-bucket/99/9961717c45889a5c8831ac0bebc80633.jpg,5908,9961717c45889a5c8831ac0bebc80633
IdeiaDesenho/10467.png,legacy/v1-bucket/eb/eb31677a67a55bc637304177569c2d1a.png,13712,eb31677a67a55bc637304177569c2d1a
IdeiaDesenho/10468.jpg,legacy/v1-bucket/50/50b665a3fd40a74201f669d8557a1418.jpg,10475,50b665a3fd40a74201f669d8557a1418
IdeiaDesenho/10469.jpg,legacy/v1-bucket/ef/ef5033974b0be627ac918fa0d25ee78b.jpg,50506,ef5033974b0be627ac918fa0d25ee78b
IdeiaDesenho/10469.png,legacy/v1-bucket/de/de9d63d7999d4af0b750d559effdddf2.png,5590,de9d63d7999d4af0b750d559effdddf2
IdeiaDesenho/10470.jpg,legacy/v1-bucket/63/634e23708a367377fa28e2af46bb34a9.jpg,106714,634e23708a367377fa28e2af46bb34a9
IdeiaDesenho/10470.png,legacy/v1-bucket/99/99e9256fb720f7af94d3dcb57652a50f.png,5975,99e9256fb720f7af94d3dcb57652a50f
IdeiaDesenho/10471.jpg,legacy/v1-bucket/e8/e8b09fb5c8cfc3ff4f4ea94fa3eebbe5.jpg,4816,e8b09fb5c8cfc3ff4f4ea94fa3eebbe5
IdeiaDesenho/10473.jpg,legacy/v1-bucket/2a/2ab3139c5dc62ef5051f0519682f590e.jpg,8374,2ab3139c5dc62ef5051f0519682f590e
IdeiaDesenho/10473.png,legacy/v1-bucket/83/83df1983235acf3bba3fb0d93111a131.png,8090,83df1983235acf3bba3fb0d93111a131
IdeiaDesenho/10474.png,legacy/v1-bucket/b3/b38c8f2100bca271abb212aae9c50ebd.png,7185,b38c8f2100bca271abb212aae9c50ebd
IdeiaDesenho/10475.jpg,legacy/v1-bucket/fa/fa9014c7f2e339619440ca6e59012551.jpg,8395,fa9014c7f2e339619440ca6e59012551
IdeiaDesenho/10475.png,legacy/v1-bucket/49/49146882debc9db136a71d335b9abe24.png,10891,49146882debc9db136a71d335b9abe24
IdeiaDesenho/10476.jpg,legacy/v1-bucket/11/117e4227b5664a6ded9cd6182ea7543e.jpg,5568,117e4227b5664a6ded9cd6182ea7543e
IdeiaDesenho/10476.png,legacy/v1-bucket/b9/b96a5aa2e344f899d48c3d750ff1ab98.png,14489,b96a5aa2e344f899d48c3d750ff1ab98
IdeiaDesenho/10477.jpg,legacy/v1-bucket/ca/cadb6d22faefc93603455f2fe838a004.jpg,46009,cadb6d22faefc93603455f2fe838a004
IdeiaDesenho/10478.jpg,legacy/v1-bucket/d4/d4e522bf18638e035efa2e90f2b30b96.jpg,8018,d4e522bf18638e035efa2e90f2b30b96
IdeiaDesenho/10479.jpg,legacy/v1-bucket/a7/a76c2d0db0e3a5d6635cceb84efd48c2.jpg,3765,a76c2d0db0e3a5d6635cceb84efd48c2
IdeiaDesenho/10480.png,legacy/v1-bucket/94/9446f755ce028e96932b287dbf7d0beb.png,9602,9446f755ce028e96932b287dbf7d0beb
IdeiaDesenho/10482.jpg,legacy/v1-bucket/1f/1f0c7a3c059eafd0aaaea2acaa399546.jpg,6520,1f0c7a3c059eafd0aaaea2acaa399546
IdeiaDesenho/10485.jpg,legacy/v1-bucket/b0/b02efd41128b99062b2a32fc9ae758e3.jpg,4903,b02efd41128b99062b2a32fc9ae758e3
IdeiaDesenho/10485.png,legacy/v1-bucket/6c/6c0e508580c8256019bfb37f9fbda085.png,9983,6c0e508580c8256019bfb37f9fbda085
IdeiaDesenho/10486.jpg,legacy/v1-bucket/2b/2b5e41e89d58ce91a140c19810132396.jpg,6343,2b5e41e89d58ce91a140c19810132396
IdeiaDesenho/10486.png,legacy/v1-bucket/70/7031ee31796bb4a3d8a14ee3415c7189.png,8752,7031ee31796bb4a3d8a14ee3415c7189
IdeiaDesenho/10487.jpg,legacy/v1-bucket/de/de65805f70a68691119e25b8d2c8be5e.jpg,5387,de65805f70a68691119e25b8d2c8be5e
IdeiaDesenho/10489.jpg,legacy/v1-bucket/c0/c031bdbfbfa905923e006ba54039414a.jpg,10659,c031bdbfbfa905923e006ba54039414a
IdeiaDesenho/10490.png,legacy/v1-bucket/8a/8abe32f277cba1676db8cde446ab489e.png,10094,8abe32f277cba1676db8cde446ab489e
IdeiaDesenho/10491.jpg,legacy/v1-bucket/46/468794b9dfe9bff8a6d6c415ba89f78a.jpg,5663,468794b9dfe9bff8a6d6c415ba89f78a
IdeiaDesenho/10492.jpg,legacy/v1-bucket/ae/aeb1658395e19bc92a9c8a18b80922ee.jpg,8069,aeb1658395e19bc92a9c8a18b80922ee
IdeiaDesenho/10493.jpg,legacy/v1-bucket/d1/d1d58050743b59afc5f8fa3bf625f3dd.jpg,52589,d1d58050743b59afc5f8fa3bf625f3dd
IdeiaDesenho/10494.png,legacy/v1-bucket/e2/e2d7043f5e86d35be6ac799fb449ef2d.png,5294,e2d7043f5e86d35be6ac799fb449ef2d
IdeiaDesenho/10496.jpg,legacy/v1-bucket/f3/f335fe67e8b1d9c3e49790d035d94a16.jpg,8454,f335fe67e8b1d9c3e49790d035d94a16
IdeiaDesenho/10497.jpg,legacy/v1-bucket/bd/bdc58ed8f8a1372d816a7b0e7fec0cc3.jpg,10864,bdc58ed8f8a1372d816a7b0e7fec0cc3
IdeiaDesenho/10497.png,legacy/v1-bucket/a4/a4f74f5387d3e9ed32f2e093589bc6f2.png,12049,a4f74f5387d3e9ed32f2e093589bc6f2
IdeiaDesenho/10499.png,legacy/v1-bucket/83/83740eb806692769f937224e0666e877.png,7589,83740eb806692769f937224e0666e877
IdeiaDesenho/10500.jpg,legacy/v1-bucket/40/40a88ae45b1c7f45d4076171c92f1cda.jpg,11473,40a88ae45b1c7f45d4076171c92f1cda
IdeiaDesenho/10501.jpg,legacy/v1-bucket/36/36f31a37b01fa6b9318d403c330bcef5.jpg,9573,36f31a37b01fa6b9318d403c330bcef5
IdeiaDesenho/10501.png,legacy/v1-bucket/0d/0d2302f42382c0cb3e58b1d91cc1c19e.png,3698,0d2302f42382c0cb3e58b1d91cc1c19e
IdeiaDesenho/10502.png,legacy/v1-bucket/4b/4bc05c0e01059910509a41476d5d1d87.png,8415,4bc05c0e01059910509a41476d5d1d87
IdeiaDesenho/10503.jpg,legacy/v1-bucket/87/87f16aac0936482eaa75528a2a27b925.jpg,5947,87f16aac0936482eaa75528a2a27b925
IdeiaDesenho/10505.png,legacy/v1-bucket/53/53ffc0386a08874ce1b81b98105a6942.png,6858,53ffc0386a08874ce1b81b98105a6942
IdeiaDesenho/10507.jpg,legacy/v1-bucket/d1/d185bdae14514bf92b21c9a891a50232.jpg,7135,d185bdae14514bf92b21c9a891a50232
IdeiaDesenho/10507.png,legacy/v1-bucket/d9/d9afb1d0d1a4ab426dda6e18248cac02.png,7568,d9afb1d0d1a4ab426dda6e18248cac02
IdeiaDesenho/10508.jpg,legacy/v1-bucket/d7/d7058742547b9d991a8dab2eb06f2e64.jpg,9054,d7058742547b9d991a8dab2eb06f2e64
IdeiaDesenho/10509.jpg,legacy/v1-bucket/57/5790781e2fc2d727eb798ef5024c8b07.jpg,7302,5790781e2fc2d727eb798ef5024c8b07
IdeiaDesenho/10513.jpg,legacy/v1-bucket/5b/5b2bf8542effc82b82804fd1e5820d0b.jpg,7398,5b2bf8542effc82b82804fd1e5820d0b
IdeiaDesenho/10514.jpg,legacy/v1-bucket/fd/fdead5e5c7c73733804d2a21b331e305.jpg,11379,fdead5e5c7c73733804d2a21b331e305
IdeiaDesenho/10515.png,legacy/v1-bucket/c6/c6c05f2ddc31a594f3133fac70d480c3.png,6669,c6c05f2ddc31a594f3133fac70d480c3
IdeiaDesenho/10517.png,legacy/v1-bucket/92/921efca015fd6f3fa4e3cc6c7b712bba.png,5769,921efca015fd6f3fa4e3cc6c7b712bba
IdeiaDesenho/10518.jpg,legacy/v1-bucket/54/549ae262417e33212e4b051004df2ab1.jpg,8999,549ae262417e33212e4b051004df2ab1
IdeiaDesenho/10519.jpg,legacy/v1-bucket/5b/5bd3215970750a7886f20af89ae64e64.jpg,5398,5bd3215970750a7886f20af89ae64e64
IdeiaDesenho/10520.jpg,legacy/v1-bucket/5d/5d9b34f639d94739b2a054d1cabba35d.jpg,16565,5d9b34f639d94739b2a054d1cabba35d
IdeiaDesenho/10520.png,legacy/v1-bucket/dc/dca6a1df66dead9088fdad161bb82de8.png,13344,dca6a1df66dead9088fdad161bb82de8
IdeiaDesenho/10521.jpg,legacy/v1-bucket/f6/f6788282103865b3997563b6455058dd.jpg,10990,f6788282103865b3997563b6455058dd
IdeiaDesenho/10522.jpg,legacy/v1-bucket/9d/9d40dde07390901a3c010cbc245d7bd6.jpg,7859,9d40dde07390901a3c010cbc245d7bd6
IdeiaDesenho/10523.jpg,legacy/v1-bucket/65/650242184f5a45ba934dd7fec6d0c2f8.jpg,8921,650242184f5a45ba934dd7fec6d0c2f8
IdeiaDesenho/10524.jpg,legacy/v1-bucket/df/dff41ed0aa9bae15d6997c961cd26606.jpg,9360,dff41ed0aa9bae15d6997c961cd26606
IdeiaDesenho/10524.png,legacy/v1-bucket/b2/b24a4a5a110d0c19684c9f09c2054fdf.png,11281,b24a4a5a110d0c19684c9f09c2054fdf
IdeiaDesenho/10526.jpg,legacy/v1-bucket/f3/f3a52ee719d7c86a5f07603c98b15fb3.jpg,8897,f3a52ee719d7c86a5f07603c98b15fb3
IdeiaDesenho/10528.jpg,legacy/v1-bucket/99/99dee3210da35aacb8e0f4639c7372b2.jpg,4688,99dee3210da35aacb8e0f4639c7372b2
IdeiaDesenho/10529.jpg,legacy/v1-bucket/80/806f0600127e3442e36709f143570297.jpg,7934,806f0600127e3442e36709f143570297
IdeiaDesenho/10531.png,legacy/v1-bucket/b0/b00ee611e8b4876c01624c3d52017ff2.png,10824,b00ee611e8b4876c01624c3d52017ff2
IdeiaDesenho/10532.jpg,legacy/v1-bucket/25/252c3886d9ef53d5af1466a7e0960c6c.jpg,9011,252c3886d9ef53d5af1466a7e0960c6c
IdeiaDesenho/10533.jpg,legacy/v1-bucket/01/016d9eb3e21927ade625b1e2b23e9d69.jpg,10163,016d9eb3e21927ade625b1e2b23e9d69
IdeiaDesenho/10534.jpg,legacy/v1-bucket/8e/8e91efb9e933a8cfbb33aba94c5e8cc2.jpg,8124,8e91efb9e933a8cfbb33aba94c5e8cc2
IdeiaDesenho/10534.png,legacy/v1-bucket/80/805b30a38a3aeccb2f8a0daaa1b260e0.png,3958,805b30a38a3aeccb2f8a0daaa1b260e0
IdeiaDesenho/10535.jpg,legacy/v1-bucket/11/11e79be8fe7979c4c3f0322614e2dc88.jpg,9372,11e79be8fe7979c4c3f0322614e2dc88
IdeiaDesenho/10537.png,legacy/v1-bucket/78/78ecc6f752da94646f5f8c610471a4d6.png,8058,78ecc6f752da94646f5f8c610471a4d6
IdeiaDesenho/10538.jpg,legacy/v1-bucket/e7/e7916ae0fe1ce0e57efd32c3cbc65ac6.jpg,12031,e7916ae0fe1ce0e57efd32c3cbc65ac6
IdeiaDesenho/10540.jpg,legacy/v1-bucket/54/548da341081978e112dcc48d78fff38c.jpg,9345,548da341081978e112dcc48d78fff38c
IdeiaDesenho/10542.jpg,legacy/v1-bucket/78/781d98d16e641b7ae4e5a169404f0121.jpg,6208,781d98d16e641b7ae4e5a169404f0121
IdeiaDesenho/10542.png,legacy/v1-bucket/fc/fcddc837c48945b21eb0381612426131.png,6480,fcddc837c48945b21eb0381612426131
IdeiaDesenho/10543.jpg,legacy/v1-bucket/5a/5a28e5229a627968537b561ac4a94d4e.jpg,7534,5a28e5229a627968537b561ac4a94d4e
IdeiaDesenho/10543.png,legacy/v1-bucket/6c/6cb172b1df51800328ec8f173d9686a9.png,9855,6cb172b1df51800328ec8f173d9686a9
IdeiaDesenho/10544.jpg,legacy/v1-bucket/d2/d2f8df5c73e053efff303509b483ff3d.jpg,4432,d2f8df5c73e053efff303509b483ff3d
IdeiaDesenho/10545.jpg,legacy/v1-bucket/c1/c11d658046d107e5daa045738ae756ab.jpg,9330,c11d658046d107e5daa045738ae756ab
IdeiaDesenho/10547.jpg,legacy/v1-bucket/5e/5e8f9a77425284a938a89edc05fcd3b9.jpg,9244,5e8f9a77425284a938a89edc05fcd3b9
IdeiaDesenho/10549.jpg,legacy/v1-bucket/64/6426a3df9426ee69aaa4e66dae3d84b8.jpg,6550,6426a3df9426ee69aaa4e66dae3d84b8
IdeiaDesenho/10549.png,legacy/v1-bucket/87/871d30bf076bb88b46526e1ac5bb583d.png,3382,871d30bf076bb88b46526e1ac5bb583d
IdeiaDesenho/10551.jpg,legacy/v1-bucket/41/4120e9280e01b7b9fb0fec0774732858.jpg,5871,4120e9280e01b7b9fb0fec0774732858
IdeiaDesenho/10551.png,legacy/v1-bucket/33/33259dbcb475e06629399dae9c197841.png,8163,33259dbcb475e06629399dae9c197841
IdeiaDesenho/10552.jpg,legacy/v1-bucket/66/664d5b8e4553acba2005b2f026e18741.jpg,6677,664d5b8e4553acba2005b2f026e18741
IdeiaDesenho/10555.jpg,legacy/v1-bucket/7f/7f276f0eb1ccdf3b0e041a6c48b0f64f.jpg,4926,7f276f0eb1ccdf3b0e041a6c48b0f64f
IdeiaDesenho/10557.jpg,legacy/v1-bucket/6d/6dc686b8942950ddb9c4f1d72e33eecc.jpg,5163,6dc686b8942950ddb9c4f1d72e33eecc
IdeiaDesenho/10557.png,legacy/v1-bucket/aa/aa5360b3c814519976c61fed7d96fd9e.png,4681,aa5360b3c814519976c61fed7d96fd9e
IdeiaDesenho/10558.jpg,legacy/v1-bucket/1d/1d7126ab4a874da2c36095ed7cb88835.jpg,5140,1d7126ab4a874da2c36095ed7cb88835
IdeiaDesenho/10558.png,legacy/v1-bucket/0e/0ee8cbfd423f454651530277a5a09c72.png,11767,0ee8cbfd423f454651530277a5a09c72
IdeiaDesenho/10559.jpg,legacy/v1-bucket/cc/cc4557978f0400c3d23c440637b9c685.jpg,10193,cc4557978f0400c3d23c440637b9c685
IdeiaDesenho/10559.png,legacy/v1-bucket/da/da8727f3cf6ad88d6a6d2ebccda92b80.png,11067,da8727f3cf6ad88d6a6d2ebccda92b80
IdeiaDesenho/10560.jpg,legacy/v1-bucket/93/931b706c3c79520364c9143e6a929d29.jpg,15601,931b706c3c79520364c9143e6a929d29
IdeiaDesenho/10560.png,legacy/v1-bucket/f5/f55375a5e6211c4785f92f36b99f73fe.png,10262,f55375a5e6211c4785f92f36b99f73fe
IdeiaDesenho/10561.jpg,legacy/v1-bucket/b8/b8176edc21e3b3b6cb684f513870a995.jpg,5357,b8176edc21e3b3b6cb684f513870a995
IdeiaDesenho/10562.jpg,legacy/v1-bucket/8b/8ba4cb4941da26af7889cfc720c8b190.jpg,9094,8ba4cb4941da26af7889cfc720c8b190
IdeiaDesenho/10563.jpg,legacy/v1-bucket/37/376d01208c168239bb3cbe0931887fc4.jpg,8769,376d01208c168239bb3cbe0931887fc4
IdeiaDesenho/10564.jpg,legacy/v1-bucket/6d/6d4c4e2462bda4cb9c4f8066ead1d8a7.jpg,5511,6d4c4e2462bda4cb9c4f8066ead1d8a7
IdeiaDesenho/10565.jpg,legacy/v1-bucket/b0/b07acbdc5107005777694e2a72422afc.jpg,8805,b07acbdc5107005777694e2a72422afc
IdeiaDesenho/10566.jpg,legacy/v1-bucket/3b/3bb80c4ba274d2ce1755d0ce22eef582.jpg,8984,3bb80c4ba274d2ce1755d0ce22eef582
IdeiaDesenho/10567.jpg,legacy/v1-bucket/1c/1cb9f612239b22abcffdd2143619579f.jpg,6063,1cb9f612239b22abcffdd2143619579f
IdeiaDesenho/10568.jpg,legacy/v1-bucket/94/94e6e703e4a332c4b24fc063f5e8a637.jpg,6785,94e6e703e4a332c4b24fc063f5e8a637
IdeiaDesenho/10569.png,legacy/v1-bucket/e3/e3fef8e5443b3351805d5ee04435720c.png,8627,e3fef8e5443b3351805d5ee04435720c
IdeiaDesenho/10571.jpg,legacy/v1-bucket/8e/8eb42cbfec7e3691d323a03aa6d11167.jpg,10566,8eb42cbfec7e3691d323a03aa6d11167
IdeiaDesenho/10572.jpg,legacy/v1-bucket/38/383c44736860b000fd79812b8de2e8eb.jpg,10024,383c44736860b000fd79812b8de2e8eb
IdeiaDesenho/10573.jpg,legacy/v1-bucket/7d/7dd2bf7ac163c081c1f7b45f408e86a2.jpg,6387,7dd2bf7ac163c081c1f7b45f408e86a2
IdeiaDesenho/10575.jpg,legacy/v1-bucket/70/70b75633e0caf2c3e75d538a150d70f9.jpg,15817,70b75633e0caf2c3e75d538a150d70f9
IdeiaDesenho/10576.jpg,legacy/v1-bucket/1f/1ffd4d447f2b28c538958ec2f423760f.jpg,8154,1ffd4d447f2b28c538958ec2f423760f
IdeiaDesenho/10577.jpg,legacy/v1-bucket/63/6314c805d8390a645fb9470f03f1df5f.jpg,6924,6314c805d8390a645fb9470f03f1df5f
IdeiaDesenho/10578.jpg,legacy/v1-bucket/77/7734d557f84088af308577eaaf931b56.jpg,8291,7734d557f84088af308577eaaf931b56
IdeiaDesenho/10580.png,legacy/v1-bucket/ea/eaf947f25a12af2067cad8f783605068.png,6628,eaf947f25a12af2067cad8f783605068
IdeiaDesenho/10581.jpg,legacy/v1-bucket/9b/9b94a9de6b124d8280cc8c8b6d032dca.jpg,5372,9b94a9de6b124d8280cc8c8b6d032dca
IdeiaDesenho/10581.png,legacy/v1-bucket/9e/9ea95d6cd468ead249263f6a9e54b5da.png,7111,9ea95d6cd468ead249263f6a9e54b5da
IdeiaDesenho/10584.jpg,legacy/v1-bucket/7b/7b7dc4bc08f0454da225335d020fec6c.jpg,16053,7b7dc4bc08f0454da225335d020fec6c
IdeiaDesenho/10585.png,legacy/v1-bucket/bc/bcb47b65bce5b1e7f39e382288334d99.png,5064,bcb47b65bce5b1e7f39e382288334d99
IdeiaDesenho/10586.jpg,legacy/v1-bucket/d9/d986653ac25a3e2cf725d71e9e651bf1.jpg,14750,d986653ac25a3e2cf725d71e9e651bf1
IdeiaDesenho/10587.jpg,legacy/v1-bucket/c8/c8b74f693c66d1194d55266b35cfc568.jpg,11343,c8b74f693c66d1194d55266b35cfc568
IdeiaDesenho/10588.jpg,legacy/v1-bucket/07/07644b6fc851c2c6e31aea4b9194ed5e.jpg,32590,07644b6fc851c2c6e31aea4b9194ed5e
IdeiaDesenho/10589.jpg,legacy/v1-bucket/d6/d6d37f8f937f29ce2778e8af529fa3ae.jpg,5819,d6d37f8f937f29ce2778e8af529fa3ae
IdeiaDesenho/10590.jpg,legacy/v1-bucket/d9/d9a1d9a873e82705924b26071aa363bf.jpg,6800,d9a1d9a873e82705924b26071aa363bf
IdeiaDesenho/10590.png,legacy/v1-bucket/d2/d2ddfb3a4fca7e0fc86970a24ac799b4.png,9597,d2ddfb3a4fca7e0fc86970a24ac799b4
IdeiaDesenho/10592.jpg,legacy/v1-bucket/e5/e52d3059f68daa97bb84463d36761eb2.jpg,72217,e52d3059f68daa97bb84463d36761eb2
IdeiaDesenho/10593.jpg,legacy/v1-bucket/93/93979e38dcba009b064cbafb1a059eb5.jpg,5999,93979e38dcba009b064cbafb1a059eb5
IdeiaDesenho/10594.jpg,legacy/v1-bucket/e6/e63398cea1cd297f57a9a403aa5c7bed.jpg,8888,e63398cea1cd297f57a9a403aa5c7bed
IdeiaDesenho/10594.png,legacy/v1-bucket/ee/eece03d35d5c65e554a6a3a67e444779.png,3665,eece03d35d5c65e554a6a3a67e444779
IdeiaDesenho/10595.jpg,legacy/v1-bucket/ab/ab031117fa0b081a051d61aa89d7c494.jpg,6459,ab031117fa0b081a051d61aa89d7c494
IdeiaDesenho/10597.jpg,legacy/v1-bucket/f3/f37080ca41ba4d9e7f2e67d01c18a734.jpg,7512,f37080ca41ba4d9e7f2e67d01c18a734
IdeiaDesenho/10598.jpg,legacy/v1-bucket/be/be6772b2e0c6c4868b70765a48225e72.jpg,5901,be6772b2e0c6c4868b70765a48225e72
IdeiaDesenho/10599.png,legacy/v1-bucket/a4/a4d8e2afedcd45cc34a124268796f682.png,8960,a4d8e2afedcd45cc34a124268796f682
IdeiaDesenho/10600.png,legacy/v1-bucket/bc/bc336d2d3a2fa4d6bd641513b55d550a.png,12137,bc336d2d3a2fa4d6bd641513b55d550a
IdeiaDesenho/10603.jpg,legacy/v1-bucket/bd/bdb8e06e74390588d81a45a7f9bd7d7a.jpg,166765,bdb8e06e74390588d81a45a7f9bd7d7a
IdeiaDesenho/10604.jpg,legacy/v1-bucket/56/56e7696a41b10a64833986b2f4e45b39.jpg,7961,56e7696a41b10a64833986b2f4e45b39
IdeiaDesenho/10605.jpg,legacy/v1-bucket/36/366174cc5ebf6984290d3d886b58777a.jpg,30473,366174cc5ebf6984290d3d886b58777a
IdeiaDesenho/10606.jpg,legacy/v1-bucket/93/937f052dcb4077e5794b7cac652972a5.jpg,84937,937f052dcb4077e5794b7cac652972a5
IdeiaDesenho/10607.jpg,legacy/v1-bucket/62/6209c03c579b880177478018824bc29b.jpg,65610,6209c03c579b880177478018824bc29b
IdeiaDesenho/10608.jpg,legacy/v1-bucket/fb/fbda90694f2c25c9d0ab125c12a19187.jpg,112506,fbda90694f2c25c9d0ab125c12a19187
IdeiaDesenho/10609.jpg,legacy/v1-bucket/c4/c4367c422c7438473d944fb606386e34.jpg,6395,c4367c422c7438473d944fb606386e34
IdeiaDesenho/10609.png,legacy/v1-bucket/d6/d683aef544faa3ee8cb3de9bfe394e18.png,1072702,d683aef544faa3ee8cb3de9bfe394e18
IdeiaDesenho/10610.png,legacy/v1-bucket/6d/6d58f8295dbdc5daec16b9d0e4952115.png,941639,6d58f8295dbdc5daec16b9d0e4952115
IdeiaDesenho/10611.jpg,legacy/v1-bucket/4e/4e84f269fa900135615f1eb95ddac281.jpg,4478,4e84f269fa900135615f1eb95ddac281
IdeiaDesenho/10611.png,legacy/v1-bucket/b7/b7875560405c843ad09b32f1fb46f1a3.png,221203,b7875560405c843ad09b32f1fb46f1a3
IdeiaDesenho/10612.jpg,legacy/v1-bucket/dd/ddeceec427171602d6a7eeeba6f86cb7.jpg,4597,ddeceec427171602d6a7eeeba6f86cb7
IdeiaDesenho/10612.png,legacy/v1-bucket/5c/5cec3e9625c880b1ac963c76993a1fcf.png,235569,5cec3e9625c880b1ac963c76993a1fcf
IdeiaDesenho/10613.jpg,legacy/v1-bucket/b8/b8311a60f5bd551ff2d14994da0fb7fd.jpg,11858,b8311a60f5bd551ff2d14994da0fb7fd
IdeiaDesenho/10613.png,legacy/v1-bucket/ef/ef61467b2c8ead3c5c3b83360fc2a1e9.png,1900498,ef61467b2c8ead3c5c3b83360fc2a1e9
IdeiaDesenho/10614.jpg,legacy/v1-bucket/4e/4e031d5a20bfca241dc38effcbc3a273.jpg,54282,4e031d5a20bfca241dc38effcbc3a273
IdeiaDesenho/10615.jpg,legacy/v1-bucket/5c/5c962977bc7a28ec77c7c327ee46698f.jpg,120103,5c962977bc7a28ec77c7c327ee46698f
IdeiaDesenho/10616.jpg,legacy/v1-bucket/6b/6b84ba0104eab5609b244d0ab7af84ba.jpg,182957,6b84ba0104eab5609b244d0ab7af84ba
IdeiaDesenho/10617.jpg,legacy/v1-bucket/10/10070308f414a76ed7464e8b70b571df.jpg,46305,10070308f414a76ed7464e8b70b571df
IdeiaDesenho/10617.png,legacy/v1-bucket/84/84b20455ee2186b002ef9702b5748468.png,13730,84b20455ee2186b002ef9702b5748468
IdeiaDesenho/10618.png,legacy/v1-bucket/c9/c9697ab7affe25faee926778fc6234b4.png,90229,c9697ab7affe25faee926778fc6234b4
IdeiaDesenho/10619.jpg,legacy/v1-bucket/e5/e54ee6f2f963bb29b8ef18201fd636e9.jpg,18407,e54ee6f2f963bb29b8ef18201fd636e9
IdeiaDesenho/10619.png,legacy/v1-bucket/1a/1a156c15ea5c8ff198edcb846b050e27.png,541827,1a156c15ea5c8ff198edcb846b050e27
IdeiaDesenho/10620.png,legacy/v1-bucket/18/189d8e87afe38ddc5c1622f3b275779f.png,559018,189d8e87afe38ddc5c1622f3b275779f
IdeiaDesenho/10621.jpg,legacy/v1-bucket/b8/b84d07a11bdc6e3b542f7f9a2e1a7cd4.jpg,96757,b84d07a11bdc6e3b542f7f9a2e1a7cd4
IdeiaDesenho/10621.png,legacy/v1-bucket/92/925c56dbfcf2bcfdee3940eb385aa823.png,8922,925c56dbfcf2bcfdee3940eb385aa823
IdeiaDesenho/10622.jpg,legacy/v1-bucket/e3/e352bfc428f6551bc694513d55070f41.jpg,28860,e352bfc428f6551bc694513d55070f41
IdeiaDesenho/10623.jpg,legacy/v1-bucket/60/60a91ee30401ea1f8a672c6868ccf966.jpg,30768,60a91ee30401ea1f8a672c6868ccf966
IdeiaDesenho/10624.jpg,legacy/v1-bucket/3b/3b3f84e30a76cacc4f8b68c61c42ce43.jpg,24029,3b3f84e30a76cacc4f8b68c61c42ce43
IdeiaDesenho/10625.jpg,legacy/v1-bucket/30/309839d4af5c0b7f5900e4bf254e3753.jpg,30214,309839d4af5c0b7f5900e4bf254e3753
IdeiaDesenho/10626.jpg,legacy/v1-bucket/f2/f2683a250f6f69001da0cd48f9d78442.jpg,122189,f2683a250f6f69001da0cd48f9d78442
IdeiaDesenho/10627.jpg,legacy/v1-bucket/63/6369f2542df2425bd503c29c5d547b86.jpg,14789,6369f2542df2425bd503c29c5d547b86
IdeiaDesenho/10628.jpg,legacy/v1-bucket/29/2900ac7a49cb85b552e3c52becabac94.jpg,33477,2900ac7a49cb85b552e3c52becabac94
IdeiaDesenho/10629.jpg,legacy/v1-bucket/e4/e4b9de6ab13a605f84c7de2e535f0f09.jpg,74718,e4b9de6ab13a605f84c7de2e535f0f09
IdeiaDesenho/10630.jpg,legacy/v1-bucket/6e/6ea47fdc83da13bb3e5e518f460aaaa7.jpg,16006,6ea47fdc83da13bb3e5e518f460aaaa7
IdeiaDesenho/10631.jpg,legacy/v1-bucket/a6/a61a64d6dc48e92d8017e4a57995d455.jpg,54609,a61a64d6dc48e92d8017e4a57995d455
IdeiaDesenho/10632.jpg,legacy/v1-bucket/44/44d9df81bf9117dba4ab46aebd807d20.jpg,96075,44d9df81bf9117dba4ab46aebd807d20
IdeiaDesenho/10633.jpg,legacy/v1-bucket/0f/0f107b7041d2e05b094e3fe7c9617546.jpg,9092,0f107b7041d2e05b094e3fe7c9617546
IdeiaDesenho/10634.jpg,legacy/v1-bucket/e1/e18b70a2284fa264888652866562524a.jpg,9794,e18b70a2284fa264888652866562524a
IdeiaDesenho/10635.jpg,legacy/v1-bucket/22/22bfa16b9c277858617abf5d024821e5.jpg,10193,22bfa16b9c277858617abf5d024821e5
IdeiaDesenho/10636.jpg,legacy/v1-bucket/3f/3f565d3b22ab8cb91f8360181b41b2dd.jpg,67025,3f565d3b22ab8cb91f8360181b41b2dd
IdeiaDesenho/10637.jpg,legacy/v1-bucket/39/394e546488e011e836a72588ff49a6e6.jpg,95206,394e546488e011e836a72588ff49a6e6
IdeiaDesenho/10637.png,legacy/v1-bucket/de/def78e379b0edcd7ba4fc93e03a34401.png,8017,def78e379b0edcd7ba4fc93e03a34401
IdeiaDesenho/10638.jpg,legacy/v1-bucket/96/96c08b15ce6b8a8dac611d2ce3ba4999.jpg,35422,96c08b15ce6b8a8dac611d2ce3ba4999
IdeiaDesenho/10639.png,legacy/v1-bucket/84/8405fa3f7d5249833b0b57275eea397a.png,26545,8405fa3f7d5249833b0b57275eea397a
IdeiaDesenho/10640.jpg,legacy/v1-bucket/16/16ff3a91abfc48b529a01c21f17f3eab.jpg,397773,16ff3a91abfc48b529a01c21f17f3eab
IdeiaDesenho/10641.jpg,legacy/v1-bucket/b8/b87f40c7e599afcc403f8b9e5fa4f8de.jpg,16667,b87f40c7e599afcc403f8b9e5fa4f8de
IdeiaDesenho/10642.jpg,legacy/v1-bucket/bf/bf28b5c69017625f5049925963172f4a.jpg,51067,bf28b5c69017625f5049925963172f4a
IdeiaDesenho/10643.jpg,legacy/v1-bucket/09/0926e90988c0d18f8ab6dac95ab4e742.jpg,18420,0926e90988c0d18f8ab6dac95ab4e742
IdeiaDesenho/10644.jpg,legacy/v1-bucket/7a/7a72b19a422db14c4792904244d704bc.jpg,73106,7a72b19a422db14c4792904244d704bc
IdeiaDesenho/10644.png,legacy/v1-bucket/2c/2c64dbab62d0c87408ca3d23eee4d859.png,10165,2c64dbab62d0c87408ca3d23eee4d859
IdeiaDesenho/10645.jpg,legacy/v1-bucket/6c/6c2a969565887a72d84d715a7c5f0867.jpg,14579,6c2a969565887a72d84d715a7c5f0867
IdeiaDesenho/10646.jpg,legacy/v1-bucket/9c/9caed993c1cc8698e5c3d740e81adab8.jpg,4830,9caed993c1cc8698e5c3d740e81adab8
IdeiaDesenho/10646.png,legacy/v1-bucket/9d/9d6960c2000de22de6a979b4261e30a6.png,161632,9d6960c2000de22de6a979b4261e30a6
IdeiaDesenho/10647.jpg,legacy/v1-bucket/d2/d21228072e49d11b011172e11cdae604.jpg,7847,d21228072e49d11b011172e11cdae604
IdeiaDesenho/10647.png,legacy/v1-bucket/97/97bd932bc66f5f014c58cedea9e6c373.png,202193,97bd932bc66f5f014c58cedea9e6c373
IdeiaDesenho/10648.png,legacy/v1-bucket/10/10de58ee845cc679e2c0ebd1a51a9aa2.png,233249,10de58ee845cc679e2c0ebd1a51a9aa2
IdeiaDesenho/10649.jpg,legacy/v1-bucket/c4/c488003a3b70d882d3179314332802d0.jpg,5874,c488003a3b70d882d3179314332802d0
IdeiaDesenho/10649.png,legacy/v1-bucket/ee/eec13d5d0c5ac47817f1084dcec9ab78.png,301988,eec13d5d0c5ac47817f1084dcec9ab78
IdeiaDesenho/10650.png,legacy/v1-bucket/64/642b4ad923d6528bbc1b759dde56335b.png,715316,642b4ad923d6528bbc1b759dde56335b
IdeiaDesenho/10651.png,legacy/v1-bucket/36/36b4877d3f1d2ec46ed3c60c6257beed.png,369921,36b4877d3f1d2ec46ed3c60c6257beed
IdeiaDesenho/10652.jpg,legacy/v1-bucket/f8/f8424fc267021997a0c2ad81c63f4640.jpg,60554,f8424fc267021997a0c2ad81c63f4640
IdeiaDesenho/10653.jpg,legacy/v1-bucket/de/de0d373ba283e535329245f629bae785.jpg,109278,de0d373ba283e535329245f629bae785
IdeiaDesenho/10654.jpg,legacy/v1-bucket/8f/8f63a946833fdc2f9c960159fbac97e4.jpg,261995,8f63a946833fdc2f9c960159fbac97e4
IdeiaDesenho/10655.jpg,legacy/v1-bucket/b8/b8f225fc74d20e0677338909aebad0b4.jpg,112870,b8f225fc74d20e0677338909aebad0b4
IdeiaDesenho/10655.png,legacy/v1-bucket/5b/5bdd4d29ae825960d32050bbab753d34.png,8943,5bdd4d29ae825960d32050bbab753d34
IdeiaDesenho/10656.jpg,legacy/v1-bucket/65/65aa63a55c56c3fca352b539c75f8867.jpg,47644,65aa63a55c56c3fca352b539c75f8867
IdeiaDesenho/10657.jpg,legacy/v1-bucket/33/333f97311e616a4c685ebd36d2da894a.jpg,18951,333f97311e616a4c685ebd36d2da894a
IdeiaDesenho/10658.png,legacy/v1-bucket/3d/3d2362c7a26a1622b0688b94999a34af.png,10976,3d2362c7a26a1622b0688b94999a34af
IdeiaDesenho/10659.jpg,legacy/v1-bucket/c3/c372efc38fa1a97a5dd73fe38285e460.jpg,555135,c372efc38fa1a97a5dd73fe38285e460
IdeiaDesenho/10660.jpg,legacy/v1-bucket/40/4003d500d4e24d94099990b38c93a98c.jpg,55159,4003d500d4e24d94099990b38c93a98c
IdeiaDesenho/10661.jpg,legacy/v1-bucket/32/3219f17b45d83c1fbd2f4185c2b485e0.jpg,43890,3219f17b45d83c1fbd2f4185c2b485e0
IdeiaDesenho/10662.jpg,legacy/v1-bucket/8a/8aa2b6709f7bc2f3eb92a336ffd47c29.jpg,114654,8aa2b6709f7bc2f3eb92a336ffd47c29
IdeiaDesenho/10663.jpg,legacy/v1-bucket/a2/a2a8558e9e49a6493ea8cb12525911d9.jpg,10399,a2a8558e9e49a6493ea8cb12525911d9
IdeiaDesenho/10664.jpg,legacy/v1-bucket/8e/8eda175e27a8cdb38db70eeb0f431dee.jpg,14254,8eda175e27a8cdb38db70eeb0f431dee
IdeiaDesenho/10665.jpg,legacy/v1-bucket/3c/3c1f1bdc6031fe59b47cbb75413db082.jpg,7102,3c1f1bdc6031fe59b47cbb75413db082
IdeiaDesenho/10667.jpg,legacy/v1-bucket/b6/b67076a59a52c37effadaeab958dd239.jpg,8021,b67076a59a52c37effadaeab958dd239
IdeiaDesenho/10668.jpg,legacy/v1-bucket/0e/0ed55da8c5ede4e3628bcd2551a59144.jpg,176797,0ed55da8c5ede4e3628bcd2551a59144
IdeiaDesenho/10669.png,legacy/v1-bucket/b7/b75ad8fb3c2d1f2dabe4b44be66e61f7.png,7446,b75ad8fb3c2d1f2dabe4b44be66e61f7
IdeiaDesenho/10670.jpg,legacy/v1-bucket/80/80838b0574646e1c5df58e48cf1fb5fb.jpg,12291,80838b0574646e1c5df58e48cf1fb5fb
IdeiaDesenho/10671.jpg,legacy/v1-bucket/3a/3a76664afd4e294c7dccd4c9384e9ddf.jpg,6448,3a76664afd4e294c7dccd4c9384e9ddf
IdeiaDesenho/10672.png,legacy/v1-bucket/13/13df5b19d0e953125bd18d029bf9dee9.png,9703,13df5b19d0e953125bd18d029bf9dee9
IdeiaDesenho/10674.jpg,legacy/v1-bucket/a8/a8530276252a81d3634a14915eb340eb.jpg,12085,a8530276252a81d3634a14915eb340eb
IdeiaDesenho/10675.jpg,legacy/v1-bucket/d1/d1384689659ffdbe4daad169c8185b84.jpg,9708,d1384689659ffdbe4daad169c8185b84
IdeiaDesenho/10676.jpg,legacy/v1-bucket/c6/c693ab0f4b3743e1f1f197f87648cc7d.jpg,8068,c693ab0f4b3743e1f1f197f87648cc7d
IdeiaDesenho/10677.jpg,legacy/v1-bucket/db/db9ed3f8642b26a43d3093e9c82cf735.jpg,4518,db9ed3f8642b26a43d3093e9c82cf735
IdeiaDesenho/10680.jpg,legacy/v1-bucket/59/59f165c0371935246653892f9c8a6784.jpg,10797,59f165c0371935246653892f9c8a6784
IdeiaDesenho/10682.jpg,legacy/v1-bucket/59/590ac9fae6d6a47844d412ab9948e39c.jpg,6313,590ac9fae6d6a47844d412ab9948e39c
IdeiaDesenho/10684.jpg,legacy/v1-bucket/0f/0f84ff882165586b075c0f13ff75d78c.jpg,10322,0f84ff882165586b075c0f13ff75d78c
IdeiaDesenho/10686.jpg,legacy/v1-bucket/e6/e64b96297fed5fdcfea84e26213fcf60.jpg,9915,e64b96297fed5fdcfea84e26213fcf60
IdeiaDesenho/10687.jpg,legacy/v1-bucket/d8/d8513f1d9c1c212be4cc9cc5379dbaaa.jpg,12122,d8513f1d9c1c212be4cc9cc5379dbaaa
IdeiaDesenho/10688.jpg,legacy/v1-bucket/33/337ed60d3719b69b7cb8aa491e360576.jpg,7436,337ed60d3719b69b7cb8aa491e360576
IdeiaDesenho/10689.jpg,legacy/v1-bucket/e2/e2ac18a27f8609c39fcefee6111acd90.jpg,8689,e2ac18a27f8609c39fcefee6111acd90
IdeiaDesenho/10690.jpg,legacy/v1-bucket/7c/7c3521c0fefd42a35828fe7274c86343.jpg,10557,7c3521c0fefd42a35828fe7274c86343
IdeiaDesenho/10691.jpg,legacy/v1-bucket/55/557ffd897617e03f0ac96a43e2869291.jpg,12253,557ffd897617e03f0ac96a43e2869291
IdeiaDesenho/10692.jpg,legacy/v1-bucket/a8/a877eb99b85bd08735bfbfadc13139c4.jpg,5279,a877eb99b85bd08735bfbfadc13139c4
IdeiaDesenho/10693.jpg,legacy/v1-bucket/24/24111b6f6d7727820e4c0f777d96a8b6.jpg,4833,24111b6f6d7727820e4c0f777d96a8b6
IdeiaDesenho/10694.png,legacy/v1-bucket/07/0702c538640c87a2f93e4c8242f61cdc.png,10674,0702c538640c87a2f93e4c8242f61cdc
IdeiaDesenho/10698.jpg,legacy/v1-bucket/d8/d87aad43da41611ac00c466c62ee7925.jpg,11340,d87aad43da41611ac00c466c62ee7925
IdeiaDesenho/10703.jpg,legacy/v1-bucket/d5/d5dcf9a4414b551bcd6c8933811ac8ed.jpg,5925,d5dcf9a4414b551bcd6c8933811ac8ed
IdeiaDesenho/10705.jpg,legacy/v1-bucket/87/87820ee73dafa4fff7acda502d636cc2.jpg,10654,87820ee73dafa4fff7acda502d636cc2
IdeiaDesenho/10706.jpg,legacy/v1-bucket/67/67523ee2359a1024621a33a9fd23e6a9.jpg,8004,67523ee2359a1024621a33a9fd23e6a9
IdeiaDesenho/10707.jpg,legacy/v1-bucket/ef/ef4ed4c1d5e16d9872f8c4e291f6ac89.jpg,7276,ef4ed4c1d5e16d9872f8c4e291f6ac89
IdeiaDesenho/10708.png,legacy/v1-bucket/19/19b423fb0464edf46ea5719e07022f69.png,8661,19b423fb0464edf46ea5719e07022f69
IdeiaDesenho/10709.jpg,legacy/v1-bucket/44/4477378b81bd2fd5e8e49aac92cca8b2.jpg,11327,4477378b81bd2fd5e8e49aac92cca8b2
IdeiaDesenho/10710.jpg,legacy/v1-bucket/2d/2de5474d280e9830d56ed2d8ec8b4238.jpg,10043,2de5474d280e9830d56ed2d8ec8b4238
IdeiaDesenho/10711.png,legacy/v1-bucket/84/84b76598341106c0de3cd8626c9db0b7.png,13063,84b76598341106c0de3cd8626c9db0b7
IdeiaDesenho/10712.jpg,legacy/v1-bucket/4b/4b339be50730f3add692d0344d0f13ee.jpg,16411,4b339be50730f3add692d0344d0f13ee
IdeiaDesenho/10713.jpg,legacy/v1-bucket/67/6776523cce512845b991664ac00eaae0.jpg,11216,6776523cce512845b991664ac00eaae0
IdeiaDesenho/10714.jpg,legacy/v1-bucket/7a/7a57ef9dddb8dc6fecd19f869e90a462.jpg,8685,7a57ef9dddb8dc6fecd19f869e90a462
IdeiaDesenho/10715.jpg,legacy/v1-bucket/fb/fb13b776c6fe5407370fa7729df7c55f.jpg,11153,fb13b776c6fe5407370fa7729df7c55f
IdeiaDesenho/10717.jpg,legacy/v1-bucket/c9/c9e82cc9984cd9fd15541e73597280cb.jpg,9311,c9e82cc9984cd9fd15541e73597280cb
IdeiaDesenho/10718.jpg,legacy/v1-bucket/65/6578ab75efb9834ad0d40ecc66fb36d9.jpg,9499,6578ab75efb9834ad0d40ecc66fb36d9
IdeiaDesenho/10719.jpg,legacy/v1-bucket/2a/2a63218a068026791a0911dc80f930a1.jpg,10834,2a63218a068026791a0911dc80f930a1
IdeiaDesenho/10721.jpg,legacy/v1-bucket/42/421774e80a4fed6a2d6d95b9a999ba32.jpg,7183,421774e80a4fed6a2d6d95b9a999ba32
IdeiaDesenho/10724.png,legacy/v1-bucket/d5/d5b32da31c4ca445a630b037261a26f4.png,351021,d5b32da31c4ca445a630b037261a26f4
IdeiaDesenho/10725.jpg,legacy/v1-bucket/41/4134b2e3b3d8b64f3a3a0968cad285e1.jpg,106705,4134b2e3b3d8b64f3a3a0968cad285e1
IdeiaDesenho/10726.jpg,legacy/v1-bucket/bb/bb537f914fe3d136ca0a0e397cb3cf21.jpg,139137,bb537f914fe3d136ca0a0e397cb3cf21
IdeiaDesenho/10727.png,legacy/v1-bucket/e0/e0544dde1e7eab2c592d50604e4aa13d.png,149037,e0544dde1e7eab2c592d50604e4aa13d
IdeiaDesenho/10728.jpg,legacy/v1-bucket/ec/ec42a383c76e510ca5ae562b9f02e1b2.jpg,168881,ec42a383c76e510ca5ae562b9f02e1b2
IdeiaDesenho/10729.png,legacy/v1-bucket/a8/a8e6aa3d45d803f4426a4b0b7f374861.png,11727,a8e6aa3d45d803f4426a4b0b7f374861
IdeiaDesenho/10730.jpg,legacy/v1-bucket/cd/cd818a6ada6d27edc3772911401520d8.jpg,130762,cd818a6ada6d27edc3772911401520d8
IdeiaDesenho/10731.png,legacy/v1-bucket/8b/8b95f64bfa100a954a32b875abf98088.png,26691,8b95f64bfa100a954a32b875abf98088
IdeiaDesenho/10732.png,legacy/v1-bucket/f4/f4803916decd301e547464fafbaba5c9.png,680080,f4803916decd301e547464fafbaba5c9
IdeiaDesenho/10733.png,legacy/v1-bucket/f2/f23b87e400239296bb8b489c904defc5.png,73140,f23b87e400239296bb8b489c904defc5
IdeiaDesenho/10734.png,legacy/v1-bucket/0d/0db83e7748da788a81caac931e7e31af.png,42474,0db83e7748da788a81caac931e7e31af
IdeiaDesenho/10735.jpg,legacy/v1-bucket/60/608292e85d4ad2b1a8bf4fb2c584dcd3.jpg,69719,608292e85d4ad2b1a8bf4fb2c584dcd3
IdeiaDesenho/10737.jpg,legacy/v1-bucket/f0/f00f5cd597ad0f3bea7c5f986cd92e0b.jpg,31479,f00f5cd597ad0f3bea7c5f986cd92e0b
IdeiaDesenho/10738.jpg,legacy/v1-bucket/db/dba1b3b0ab067b6980e23a64b8ed08a1.jpg,42306,dba1b3b0ab067b6980e23a64b8ed08a1
IdeiaDesenho/10739.png,legacy/v1-bucket/82/826605d61167c556550ababd4b96d450.png,417626,826605d61167c556550ababd4b96d450
IdeiaDesenho/10740.png,legacy/v1-bucket/5b/5b61b9478f7515445b77bc40ddab50de.png,131666,5b61b9478f7515445b77bc40ddab50de
IdeiaDesenho/10741.png,legacy/v1-bucket/ca/ca057abd70c877e95cb998e4cd61bf86.png,918133,ca057abd70c877e95cb998e4cd61bf86
IdeiaDesenho/10742.jpg,legacy/v1-bucket/29/29b75a0c6d905df85602fa8505390030.jpg,128461,29b75a0c6d905df85602fa8505390030
IdeiaDesenho/10743.jpg,legacy/v1-bucket/b3/b3aaf29e5b67945076a7e7157fa2bad2.jpg,29152,b3aaf29e5b67945076a7e7157fa2bad2
IdeiaDesenho/10744.png,legacy/v1-bucket/19/196d3bfe4d729d33527ec82a257c820d.png,70436,196d3bfe4d729d33527ec82a257c820d
IdeiaDesenho/10745.png,legacy/v1-bucket/d1/d1cd9dcb945377f139ff3726dbcf1185.png,68149,d1cd9dcb945377f139ff3726dbcf1185
IdeiaDesenho/10746.png,legacy/v1-bucket/56/564118f85bfa796f0e594226eb059077.png,74594,564118f85bfa796f0e594226eb059077
IdeiaDesenho/10747.jpg,legacy/v1-bucket/49/49e27d477c23153873d1a604a041a5c0.jpg,22135,49e27d477c23153873d1a604a041a5c0
IdeiaDesenho/10748.png,legacy/v1-bucket/b2/b268c72a80f28ae9b34ffa6cd2944a9d.png,368269,b268c72a80f28ae9b34ffa6cd2944a9d
IdeiaDesenho/10749.jpg,legacy/v1-bucket/3a/3a819572f8adbd9f2933ada0c98b9b10.jpg,40067,3a819572f8adbd9f2933ada0c98b9b10
IdeiaDesenho/10750.png,legacy/v1-bucket/db/db0d669175d52c01611ef665b52da459.png,90032,db0d669175d52c01611ef665b52da459
IdeiaDesenho/10751.jpg,legacy/v1-bucket/b1/b17e883063f7c5093e4b02e1ae6e1b70.jpg,21641,b17e883063f7c5093e4b02e1ae6e1b70
IdeiaDesenho/10752.png,legacy/v1-bucket/a9/a98ef3a69e30d44b81dd2c7a8a8b825a.png,60947,a98ef3a69e30d44b81dd2c7a8a8b825a
IdeiaDesenho/10753.jpg,legacy/v1-bucket/b1/b15c00ec65a2596e1e7695ae21b14f87.jpg,54335,b15c00ec65a2596e1e7695ae21b14f87
IdeiaDesenho/10754.jpg,legacy/v1-bucket/18/1871721e7e6e55f4bcb563ede5d14c14.jpg,15613,1871721e7e6e55f4bcb563ede5d14c14
IdeiaDesenho/10755.png,legacy/v1-bucket/2b/2b9d0e7d19d70c36b4be9e6152e4ba4b.png,251163,2b9d0e7d19d70c36b4be9e6152e4ba4b
IdeiaDesenho/10756.jpeg,legacy/v1-bucket/3f/3fa125290516213036ec889b7b976f26.jpeg,471426,3fa125290516213036ec889b7b976f26
IdeiaDesenho/10757.jpg,legacy/v1-bucket/b3/b36b70bfa9fa1221f3c004748ebde953.jpg,225611,b36b70bfa9fa1221f3c004748ebde953
IdeiaDesenho/10758.png,legacy/v1-bucket/88/882b72ffb6f312d7d7034c2af7a032c1.png,932407,882b72ffb6f312d7d7034c2af7a032c1
IdeiaDesenho/10759.jpg,legacy/v1-bucket/63/63c591bda6b1ea07c3c79e030b4c42cf.jpg,23675,63c591bda6b1ea07c3c79e030b4c42cf
IdeiaDesenho/10760.png,legacy/v1-bucket/fd/fde9d3b83f2ee7847ec03a7e0b3f7160.png,268806,fde9d3b83f2ee7847ec03a7e0b3f7160
IdeiaDesenho/10761.png,legacy/v1-bucket/e6/e695a5f50e0b9fc84590166b8d370865.png,520137,e695a5f50e0b9fc84590166b8d370865
IdeiaDesenho/10763.png,legacy/v1-bucket/c8/c8a462159de7dbb2d5ea758350623dd8.png,868443,c8a462159de7dbb2d5ea758350623dd8
IdeiaDesenho/10764.png,legacy/v1-bucket/41/41b6bdbaf35ae7b85b3b31f4b21adee8.png,35819,41b6bdbaf35ae7b85b3b31f4b21adee8
IdeiaDesenho/10765.png,legacy/v1-bucket/e7/e780ef431de0d3fa7e264e59ff3d9701.png,24457,e780ef431de0d3fa7e264e59ff3d9701
IdeiaDesenho/10766.jpg,legacy/v1-bucket/51/51d70c0c08ca1752551a2fcb6503615a.jpg,101477,51d70c0c08ca1752551a2fcb6503615a
IdeiaDesenho/10768.jpg,legacy/v1-bucket/21/21315312aedc29a7079bd2e715d9ce96.jpg,187859,21315312aedc29a7079bd2e715d9ce96
IdeiaDesenho/10769.jpeg,legacy/v1-bucket/55/5545e2656ad80085e89ef7299cea30b7.jpeg,876418,5545e2656ad80085e89ef7299cea30b7
IdeiaDesenho/10770.png,legacy/v1-bucket/b8/b8dc23a58c97300b040ccfb43f663558.png,115104,b8dc23a58c97300b040ccfb43f663558
IdeiaDesenho/10771.png,legacy/v1-bucket/ce/cecb67ca49e7edc9f12c9e94db8c983f.png,24198,cecb67ca49e7edc9f12c9e94db8c983f
IdeiaDesenho/10772.png,legacy/v1-bucket/23/23c014cb723914aaf62fca22a57726eb.png,43627,23c014cb723914aaf62fca22a57726eb
IdeiaDesenho/10773.jpg,legacy/v1-bucket/94/94a079a81c972c9a9faa11940e45f0d4.jpg,37892,94a079a81c972c9a9faa11940e45f0d4
IdeiaDesenho/10774.png,legacy/v1-bucket/ec/ece85158ad4c2859ae17d7358b400af2.png,35910,ece85158ad4c2859ae17d7358b400af2
IdeiaDesenho/10775.png,legacy/v1-bucket/e0/e00e5059ee97b9c4c83a1989ce953bb1.png,407620,e00e5059ee97b9c4c83a1989ce953bb1
IdeiaDesenho/10777.jpg,legacy/v1-bucket/2b/2bfbfd2faab3aed11b431bb9b6c680a8.jpg,39687,2bfbfd2faab3aed11b431bb9b6c680a8
IdeiaDesenho/10778.png,legacy/v1-bucket/fb/fb43b1aed5572939167557eb71793f32.png,808673,fb43b1aed5572939167557eb71793f32
IdeiaDesenho/10779.png,legacy/v1-bucket/66/662317aa92483b7c227e67dca424997d.png,42954,662317aa92483b7c227e67dca424997d
IdeiaDesenho/10780.png,legacy/v1-bucket/09/09ad1b3765ed87e3ae0953e883d653e0.png,1803541,09ad1b3765ed87e3ae0953e883d653e0
IdeiaDesenho/10781.png,legacy/v1-bucket/9d/9dc3a2775bdee648a12b9f664294f5e1.png,271589,9dc3a2775bdee648a12b9f664294f5e1
IdeiaDesenho/10782.png,legacy/v1-bucket/4f/4fe56e5181af476937d520042b7766cf.png,591320,4fe56e5181af476937d520042b7766cf
IdeiaDesenho/10783.png,legacy/v1-bucket/56/568c2ba41b021340373b150e57c63d4d.png,611716,568c2ba41b021340373b150e57c63d4d
IdeiaDesenho/10784.jpg,legacy/v1-bucket/01/01cef7bb2a0c7376ce11e5510472e95a.jpg,95551,01cef7bb2a0c7376ce11e5510472e95a
IdeiaDesenho/10786.png,legacy/v1-bucket/c6/c63986bd3e9e1fa95b2c0df346d87dcb.png,308534,c63986bd3e9e1fa95b2c0df346d87dcb
IdeiaDesenho/10787.jpg,legacy/v1-bucket/e4/e4fc6e243754db2ef8b79442ef4fbc80.jpg,107072,e4fc6e243754db2ef8b79442ef4fbc80
IdeiaDesenho/10788.png,legacy/v1-bucket/7d/7dd6c62a14172de1cc0e01ea9df6aa58.png,7848,7dd6c62a14172de1cc0e01ea9df6aa58
IdeiaDesenho/10789.jpg,legacy/v1-bucket/66/6640cfec6cc1d7d16dde2ba0aabdf114.jpg,101243,6640cfec6cc1d7d16dde2ba0aabdf114
IdeiaDesenho/10794.jpg,legacy/v1-bucket/49/499f0a4d9e26be66ca76dde5df04fbe9.jpg,49022,499f0a4d9e26be66ca76dde5df04fbe9
IdeiaDesenho/10795.jpg,legacy/v1-bucket/24/2492f209f0ff0f4505c522975b00c621.jpg,64504,2492f209f0ff0f4505c522975b00c621
IdeiaDesenho/10796.jpg,legacy/v1-bucket/9d/9d774483a574d9c395a1c48e848f4793.jpg,178220,9d774483a574d9c395a1c48e848f4793
IdeiaDesenho/10797.jpg,legacy/v1-bucket/5b/5b648aadf60badc976a5c31b903aa2ee.jpg,40664,5b648aadf60badc976a5c31b903aa2ee
IdeiaDesenho/10798.jpg,legacy/v1-bucket/a9/a9a749b11f669f99d6e5c60c545ded9f.jpg,42776,a9a749b11f669f99d6e5c60c545ded9f
IdeiaDesenho/74df0eb7ffb24f52ded668367d16c990.jpg,legacy/v1-bucket/6a/6a25c81719852826fd1c6b7cfe681de0.jpg,28070,6a25c81719852826fd1c6b7cfe681de0
IdeiaDesenho/76517bf27e9caeb8cf5b1306b9706763.jpg,legacy/v1-bucket/5d/5d0d21c4ebae1e25820c03caab8b9c9f.jpg,80650,5d0d21c4ebae1e25820c03caab8b9c9f
IdeiaDesenho/7706fb36e1d695eb1386d5aa3bbe7aac.jpg,legacy/v1-bucket/40/404085df9ef8445f592e2d83dee6954a.jpg,286563,404085df9ef8445f592e2d83dee6954a
IdeiaDesenho/81b1b5126e3bc5955c28c17337fa810d.jpg,legacy/v1-bucket/1f/1f95eb686b236e40d276024d67b118f4.jpg,244608,1f95eb686b236e40d276024d67b118f4
IdeiaDesenho/90ba6378c98a7f728a2b9264f6e20040.png,legacy/v1-bucket/ee/eef28fdf78884d182756c63b118d24c9.png,266350,eef28fdf78884d182756c63b118d24c9
IdeiaDesenho/94bbc1e919c02b63c07a9cf2b04ab987.jpg,legacy/v1-bucket/af/af6a638d45eeaa44db5c3623d00936ee.jpg,53507,af6a638d45eeaa44db5c3623d00936ee
IdeiaDesenho/95a843f8dae78ffaf88ff570fee1a544.jpg,legacy/v1-bucket/cf/cf95e98acdc098e581fc11589445f85a.jpg,260232,cf95e98acdc098e581fc11589445f85a
IdeiaDesenho/GeishaSticker.jpg,legacy/v1-bucket/be/be52acfcafe60d68295ad134273c680e.jpg,267525,be52acfcafe60d68295ad134273c680e
IdeiaDesenho/Ideiadesenho0..jpg,legacy/v1-bucket/ac/ac4b2cdfefe29188d37ecda44462b8fd.jpg,281099,ac4b2cdfefe29188d37ecda44462b8fd
IdeiaDesenho/Ideiadesenho1..jpg,legacy/v1-bucket/61/612c6ddb8b24375d37ddc99f57737a6a.jpg,172323,612c6ddb8b24375d37ddc99f57737a6a
IdeiaDesenho/Ideiadesenho10..jpg,legacy/v1-bucket/e1/e11a551029ab391f50c322a128d998b1.jpg,173468,e11a551029ab391f50c322a128d998b1
IdeiaDesenho/Ideiadesenho11..jpg,legacy/v1-bucket/f0/f01f7dbbead882bcf6d7d80efc359ee4.jpg,88688,f01f7dbbead882bcf6d7d80efc359ee4
IdeiaDesenho/Ideiadesenho12..jpg,legacy/v1-bucket/40/40d5171fd0900cab622e27e15a255fa5.jpg,225505,40d5171fd0900cab622e27e15a255fa5
IdeiaDesenho/Ideiadesenho13..png,legacy/v1-bucket/ed/edba13b54df9e7abb3c00fde853db974.png,846966,edba13b54df9e7abb3c00fde853db974
IdeiaDesenho/Ideiadesenho2..png,legacy/v1-bucket/67/6708cd0eb8c838cda27af05dc9d1b367.png,320610,6708cd0eb8c838cda27af05dc9d1b367
IdeiaDesenho/Ideiadesenho4..png,legacy/v1-bucket/91/9107c08d5073bbe56834bcc2d5231d17.png,197737,9107c08d5073bbe56834bcc2d5231d17
IdeiaDesenho/Ideiadesenho5..jpg,legacy/v1-bucket/e5/e5dda50bf7bc0d7cda54afd8876a7df7.jpg,243201,e5dda50bf7bc0d7cda54afd8876a7df7
IdeiaDesenho/Ideiadesenho6..png,legacy/v1-bucket/01/01a7809665d2e4f9f032780d6f245eee.png,785903,01a7809665d2e4f9f032780d6f245eee
IdeiaDesenho/Ideiadesenho7..png,legacy/v1-bucket/60/6053bf7879adc38d6ac16cd05e01948b.png,42240,6053bf7879adc38d6ac16cd05e01948b
IdeiaDesenho/Ideiadesenho8..gif,legacy/v1-bucket/64/644d5bd58fd36d04e5685ef512cb544c.gif,36993,644d5bd58fd36d04e5685ef512cb544c
IdeiaDesenho/Ideiadesenho9..png,legacy/v1-bucket/ad/adb3decaa99ea48ec7b3aaf1d0280a74.png,32273,adb3decaa99ea48ec7b3aaf1d0280a74
IdeiaDesenho/InktoberDay1.jpg,legacy/v1-bucket/bd/bddefae35781905f18bc657181af7dee.jpg,123005,bddefae35781905f18bc657181af7dee
IdeiaDesenho/InktoberDay27.jpg,legacy/v1-bucket/20/203ee668e7edad9793bf0aa698e9455d.jpg,179985,203ee668e7edad9793bf0aa698e9455d
IdeiaDesenho/InktoberDay9.jpg,legacy/v1-bucket/50/500a15f6300ca02ebd4cd667693850c0.jpg,142001,500a15f6300ca02ebd4cd667693850c0
IdeiaDesenho/SketchemberDay2.jpg,legacy/v1-bucket/2c/2cc31f90c3d717d3664e597613d6e00e.jpg,125607,2cc31f90c3d717d3664e597613d6e00e
IdeiaDesenho/SketchemberDay3.jpg,legacy/v1-bucket/ec/ecf1bb7b057127f68140e7949baa3d02.jpg,125808,ecf1bb7b057127f68140e7949baa3d02
IdeiaDesenho/Speckles.jpg,legacy/v1-bucket/84/84bcafca12059db5ddd1f7fa7928b2c3.jpg,142596,84bcafca12059db5ddd1f7fa7928b2c3
IdeiaDesenho/a.png,legacy/v1-bucket/21/215918b96c9371ee5a06452a5dfefb51.png,302864,215918b96c9371ee5a06452a5dfefb51
IdeiaDesenho/a2dd707d1224a78.png,legacy/v1-bucket/de/deea822b2e7d8051e2fe07eec61bf249.png,19371,deea822b2e7d8051e2fe07eec61bf249
IdeiaDesenho/b4df6f84ab51905621b8d39f0d8c0d9c.jpg,legacy/v1-bucket/98/983321217bf47c10a1d98468c445bfbb.jpg,32493,983321217bf47c10a1d98468c445bfbb
IdeiaDesenho/b92a4d92359f33c.png,legacy/v1-bucket/bc/bc95efa62c3a1dd250dc4676ccf2c0f5.png,23354,bc95efa62c3a1dd250dc4676ccf2c0f5
IdeiaDesenho/base-drawing-34.jpg,legacy/v1-bucket/6c/6c813efbf1910c6a698257d1ca90d38a.jpg,98288,6c813efbf1910c6a698257d1ca90d38a
IdeiaDesenho/baseposes.jpg,legacy/v1-bucket/21/2199abcab0254eea09a1cb8f13b76d80.jpg,36126,2199abcab0254eea09a1cb8f13b76d80
IdeiaDesenho/bf2c469afe675d5bf9fb1038fcbe94aa.jpg,legacy/v1-bucket/c2/c2fe979e849dcce13937065667787c42.jpg,199683,c2fe979e849dcce13937065667787c42
IdeiaDesenho/c532693a54c5922bb69d570b223394be.jpg,legacy/v1-bucket/de/dea4d1e1af51c082307219c67aeb5dbd.jpg,154673,dea4d1e1af51c082307219c67aeb5dbd
IdeiaDesenho/d3b5338a1f89e6d1aa6f40e1391d27d4.jpg,legacy/v1-bucket/59/590f58be136a15a2dd8672450280ab21.jpg,64805,590f58be136a15a2dd8672450280ab21
IdeiaDesenho/d3d946e6ded865332e5464de8ec3bace.png,legacy/v1-bucket/fd/fdd556b66493ed7dc855dab3dbe36f93.png,121833,fdd556b66493ed7dc855dab3dbe36f93
IdeiaDesenho/d5f2453edede3a371c25a6660e722b15.jpg,legacy/v1-bucket/e6/e6ff23ce9a9bc556401d3e3c24bd9183.jpg,206021,e6ff23ce9a9bc556401d3e3c24bd9183
IdeiaDesenho/d72a02cce6fb54cb113f116adb8d140d.jpg,legacy/v1-bucket/bc/bcb4731bb991468acadf577f5f3e49df.jpg,189695,bcb4731bb991468acadf577f5f3e49df
IdeiaDesenho/de487ce3aa50d60782eea8a9a0e4c601.jpg,legacy/v1-bucket/93/9308b435e204250584ad298c6e17100d.jpg,48426,9308b435e204250584ad298c6e17100d
IdeiaDesenho/drawing_base1..png,legacy/v1-bucket/8e/8ec07ab18c42d54aaca2b5e875742fd4.png,66490,8ec07ab18c42d54aaca2b5e875742fd4
IdeiaDesenho/drawing_base10..jpg,legacy/v1-bucket/ca/ca6da7630a61b840eeebf773126d73ff.jpg,44863,ca6da7630a61b840eeebf773126d73ff
IdeiaDesenho/drawing_base100..png,legacy/v1-bucket/ee/eeca05c487f88de1259918cd797f6afb.png,7025,eeca05c487f88de1259918cd797f6afb
IdeiaDesenho/drawing_base101..jpeg,legacy/v1-bucket/49/496b91038be457a8932dc781e1fa7ac1.jpeg,7463,496b91038be457a8932dc781e1fa7ac1
IdeiaDesenho/drawing_base102..png,legacy/v1-bucket/1a/1a3d7caf0afab0c57ac2a7fb545ba49a.png,6776,1a3d7caf0afab0c57ac2a7fb545ba49a
IdeiaDesenho/drawing_base103..jpeg,legacy/v1-bucket/49/492327b4233309c0bcec61d2248bd7a9.jpeg,6034,492327b4233309c0bcec61d2248bd7a9
IdeiaDesenho/drawing_base104..png,legacy/v1-bucket/94/94f9da004335bfecd4d968a93dea51c2.png,11462,94f9da004335bfecd4d968a93dea51c2
IdeiaDesenho/drawing_base105..jpg,legacy/v1-bucket/5e/5ee64e88422160b98c4a6f0264305c28.jpg,746513,5ee64e88422160b98c4a6f0264305c28
IdeiaDesenho/drawing_base106..jpg,legacy/v1-bucket/23/23dd055e2cadbc411060bc8b93ff38c0.jpg,450594,23dd055e2cadbc411060bc8b93ff38c0
IdeiaDesenho/drawing_base107..jpg,legacy/v1-bucket/10/102007f56176c90ceee4b29c4da7a673.jpg,424817,102007f56176c90ceee4b29c4da7a673
IdeiaDesenho/drawing_base108..jpg,legacy/v1-bucket/f6/f6766dfac38c2839ab056faefa64a458.jpg,278051,f6766dfac38c2839ab056faefa64a458
IdeiaDesenho/drawing_base109..jpg,legacy/v1-bucket/10/10375e0bc72e127600e983e46115fcee.jpg,411001,10375e0bc72e127600e983e46115fcee
IdeiaDesenho/drawing_base11..png,legacy/v1-bucket/00/0074be5ae09578801994126baf6676f2.png,111020,0074be5ae09578801994126baf6676f2
IdeiaDesenho/drawing_base110..jpg,legacy/v1-bucket/46/462a56db48527f4a13f7b735f993266c.jpg,429578,462a56db48527f4a13f7b735f993266c
IdeiaDesenho/drawing_base111..jpg,legacy/v1-bucket/51/51adf61f5564b04780e728019d88ee7a.jpg,108173,51adf61f5564b04780e728019d88ee7a
IdeiaDesenho/drawing_base112..jpg,legacy/v1-bucket/f9/f9734901d4510fcbb052f4a6f403e0e1.jpg,404050,f9734901d4510fcbb052f4a6f403e0e1
IdeiaDesenho/drawing_base113..jpg,legacy/v1-bucket/22/220498019e489a9a43be6a75c85800e3.jpg,513884,220498019e489a9a43be6a75c85800e3
IdeiaDesenho/drawing_base114..jpg,legacy/v1-bucket/15/154a3170729943422deb28f8ee64ae32.jpg,320351,154a3170729943422deb28f8ee64ae32
IdeiaDesenho/drawing_base115..jpg,legacy/v1-bucket/92/923c6b316271675656a5745cf6e99c24.jpg,596480,923c6b316271675656a5745cf6e99c24
IdeiaDesenho/drawing_base116..jpg,legacy/v1-bucket/19/191444a9cbb35c43d553e16a727179c0.jpg,192061,191444a9cbb35c43d553e16a727179c0
IdeiaDesenho/drawing_base117..jpg,legacy/v1-bucket/bb/bb332059d1ec9d3f27feda92574839d0.jpg,342855,bb332059d1ec9d3f27feda92574839d0
IdeiaDesenho/drawing_base118..jpg,legacy/v1-bucket/9a/9a5e7eac3e12d18be3ca1d2ef72cfc4e.jpg,156565,9a5e7eac3e12d18be3ca1d2ef72cfc4e
IdeiaDesenho/drawing_base119..jpg,legacy/v1-bucket/38/3810b6b2d0d6b6c8d1e555a82164c687.jpg,389313,3810b6b2d0d6b6c8d1e555a82164c687
IdeiaDesenho/drawing_base12..png,legacy/v1-bucket/6a/6a012b475d62c9508c77664af8134c48.png,264514,6a012b475d62c9508c77664af8134c48
IdeiaDesenho/drawing_base120..jpg,legacy/v1-bucket/65/65e8b59efeb0fc14fcffb093a7807c8f.jpg,273811,65e8b59efeb0fc14fcffb093a7807c8f
IdeiaDesenho/drawing_base121..jpg,legacy/v1-bucket/e0/e08fb8a76e22e5c9ea18e70a7c0f9214.jpg,413015,e08fb8a76e22e5c9ea18e70a7c0f9214
IdeiaDesenho/drawing_base122..jpg,legacy/v1-bucket/b8/b83f4df0e1409199292bf0a4c57d989c.jpg,130247,b83f4df0e1409199292bf0a4c57d989c
IdeiaDesenho/drawing_base123..jpg,legacy/v1-bucket/62/623a811f60bd87e67a0ef6affbeed85a.jpg,163924,623a811f60bd87e67a0ef6affbeed85a
IdeiaDesenho/drawing_base124..jpg,legacy/v1-bucket/c8/c85e11933c4b9cc42f6d13bb05eab79c.jpg,368084,c85e11933c4b9cc42f6d13bb05eab79c
IdeiaDesenho/drawing_base125..jpg,legacy/v1-bucket/15/15f49ebab8a4ac5da76d04021dec007e.jpg,485763,15f49ebab8a4ac5da76d04021dec007e
IdeiaDesenho/drawing_base126..jpg,legacy/v1-bucket/b1/b101b3d7ab659927f4321a8123d32d66.jpg,458139,b101b3d7ab659927f4321a8123d32d66
IdeiaDesenho/drawing_base127..jpg,legacy/v1-bucket/2e/2ec6fd171353190c1a8d85a4d8d820e7.jpg,350948,2ec6fd171353190c1a8d85a4d8d820e7
IdeiaDesenho/drawing_base128..jpg,legacy/v1-bucket/43/432a0d81a940f315c3c6e0a352fd679f.jpg,416323,432a0d81a940f315c3c6e0a352fd679f
IdeiaDesenho/drawing_base129..jpg,legacy/v1-bucket/74/7486b8ddc68149d26588a869fc7bcba9.jpg,217333,7486b8ddc68149d26588a869fc7bcba9
IdeiaDesenho/drawing_base130..jpg,legacy/v1-bucket/75/75fb3620edc0bb01b89ef49b57614917.jpg,167003,75fb3620edc0bb01b89ef49b57614917
IdeiaDesenho/drawing_base131..jpg,legacy/v1-bucket/79/793eb0115bb6c9a54569d5dff7da70a1.jpg,468061,793eb0115bb6c9a54569d5dff7da70a1
IdeiaDesenho/drawing_base132..jpg,legacy/v1-bucket/2f/2fad20bf7b2abd61015a110e7724e4cf.jpg,313322,2fad20bf7b2abd61015a110e7724e4cf
IdeiaDesenho/drawing_base133..jpg,legacy/v1-bucket/7d/7ddf06b8874e9033806e31ff5bcc0ad6.jpg,285449,7ddf06b8874e9033806e31ff5bcc0ad6
IdeiaDesenho/drawing_base134..jpg,legacy/v1-bucket/03/0355de03746ea0da36bda5baccccaf28.jpg,160760,0355de03746ea0da36bda5baccccaf28
IdeiaDesenho/drawing_base135..jpg,legacy/v1-bucket/99/997dc40c5f39a391c273383c46ea4c40.jpg,368997,997dc40c5f39a391c273383c46ea4c40
IdeiaDesenho/drawing_base136..jpg,legacy/v1-bucket/b7/b705e387de9051c71f8d46ec0052ed54.jpg,315826,b705e387de9051c71f8d46ec0052ed54
IdeiaDesenho/drawing_base137..jpg,legacy/v1-bucket/8d/8d8da6b87c0ba592c8b320fb2f193d3f.jpg,875166,8d8da6b87c0ba592c8b320fb2f193d3f
IdeiaDesenho/drawing_base138..jpg,legacy/v1-bucket/f1/f13a374e243a28c7f3be5d4072c120b9.jpg,427667,f13a374e243a28c7f3be5d4072c120b9
IdeiaDesenho/drawing_base139..jpg,legacy/v1-bucket/a8/a84437429da22cb8c6f8f3d1f5738f16.jpg,456756,a84437429da22cb8c6f8f3d1f5738f16
IdeiaDesenho/drawing_base14..png,legacy/v1-bucket/61/61604118c7a866349866324289df47cd.png,40810,61604118c7a866349866324289df47cd
IdeiaDesenho/drawing_base140..jpg,legacy/v1-bucket/09/0996de88f23e5e0ead76d6c2d1e733c9.jpg,591009,0996de88f23e5e0ead76d6c2d1e733c9
IdeiaDesenho/drawing_base141..jpg,legacy/v1-bucket/d5/d5b91b1b2a1a681ddbe6a70a90f2836e.jpg,369373,d5b91b1b2a1a681ddbe6a70a90f2836e
IdeiaDesenho/drawing_base142..jpg,legacy/v1-bucket/cb/cb184698ac88817cfe5c179f4097dfb8.jpg,396710,cb184698ac88817cfe5c179f4097dfb8
IdeiaDesenho/drawing_base143..jpg,legacy/v1-bucket/d4/d45b3d65fe5ff47213cc914e57e6c778.jpg,140410,d45b3d65fe5ff47213cc914e57e6c778
IdeiaDesenho/drawing_base144..jpg,legacy/v1-bucket/a5/a5166210fabb7191a93fd89157467ac9.jpg,507978,a5166210fabb7191a93fd89157467ac9
IdeiaDesenho/drawing_base145..jpg,legacy/v1-bucket/85/8562728dc99863de6614008ecac85576.jpg,259750,8562728dc99863de6614008ecac85576
IdeiaDesenho/drawing_base146..jpg,legacy/v1-bucket/2d/2d20f093e4c0b724c6153d2b34ccd82f.jpg,271823,2d20f093e4c0b724c6153d2b34ccd82f
IdeiaDesenho/drawing_base147..jpg,legacy/v1-bucket/0c/0cb3e117e882b2818ed42af8100382c8.jpg,172412,0cb3e117e882b2818ed42af8100382c8
IdeiaDesenho/drawing_base148..jpg,legacy/v1-bucket/96/968418e7c3d006847b7e87e95586c8b5.jpg,308228,968418e7c3d006847b7e87e95586c8b5
IdeiaDesenho/drawing_base149..jpg,legacy/v1-bucket/21/213ae39940d5deb931776296ff630d37.jpg,249204,213ae39940d5deb931776296ff630d37
IdeiaDesenho/drawing_base15..jpg,legacy/v1-bucket/b4/b4a81fe3d704f6fa8740421f4ffb683f.jpg,169726,b4a81fe3d704f6fa8740421f4ffb683f
IdeiaDesenho/drawing_base150..jpg,legacy/v1-bucket/bf/bf6e8be11ed7b4c2ded1fb393d968f96.jpg,135826,bf6e8be11ed7b4c2ded1fb393d968f96
IdeiaDesenho/drawing_base151..jpg,legacy/v1-bucket/2c/2c6302032efdecb75e156c034e2a3615.jpg,357287,2c6302032efdecb75e156c034e2a3615
IdeiaDesenho/drawing_base152..jpg,legacy/v1-bucket/a0/a0a4bccd914fd037719eb569f503f4a5.jpg,217798,a0a4bccd914fd037719eb569f503f4a5
IdeiaDesenho/drawing_base153..jpg,legacy/v1-bucket/8b/8b4a349d5f891d513bc804d0eab25125.jpg,471999,8b4a349d5f891d513bc804d0eab25125
IdeiaDesenho/drawing_base154..jpg,legacy/v1-bucket/ea/eaad0829c051851ba8afaf828661e23d.jpg,347109,eaad0829c051851ba8afaf828661e23d
IdeiaDesenho/drawing_base155..jpg,legacy/v1-bucket/c2/c29fdaa3c54365408cf02ea618c8500d.jpg,152103,c29fdaa3c54365408cf02ea618c8500d
IdeiaDesenho/drawing_base156..jpg,legacy/v1-bucket/8b/8b22bdd5f1c8f5dc061a1c7922426b56.jpg,244094,8b22bdd5f1c8f5dc061a1c7922426b56
IdeiaDesenho/drawing_base157..jpg,legacy/v1-bucket/33/335a71916c406c4dce9fa75976db3c92.jpg,394803,335a71916c406c4dce9fa75976db3c92
IdeiaDesenho/drawing_base158..jpg,legacy/v1-bucket/73/733faee3fef16ba33c50279aa5932745.jpg,228967,733faee3fef16ba33c50279aa5932745
IdeiaDesenho/drawing_base159..jpg,legacy/v1-bucket/40/40ead7094e0e47780660728147768d3e.jpg,271963,40ead7094e0e47780660728147768d3e
IdeiaDesenho/drawing_base16..png,legacy/v1-bucket/b9/b91252872aee660c97ea05a7cbbfaa03.png,11534,b91252872aee660c97ea05a7cbbfaa03
IdeiaDesenho/drawing_base160..jpg,legacy/v1-bucket/fe/fed123fb22e9f3e24fc6f1704c052657.jpg,98620,fed123fb22e9f3e24fc6f1704c052657
IdeiaDesenho/drawing_base161..jpg,legacy/v1-bucket/48/481fd2439978772e572d30bdc2a53387.jpg,393868,481fd2439978772e572d30bdc2a53387
IdeiaDesenho/drawing_base162..jpg,legacy/v1-bucket/ec/ec1886f59a276b16ac8079a868d7e602.jpg,402007,ec1886f59a276b16ac8079a868d7e602
IdeiaDesenho/drawing_base163..jpg,legacy/v1-bucket/24/24ca3117f4bfbcd50c255a68a1ffef30.jpg,183098,24ca3117f4bfbcd50c255a68a1ffef30
IdeiaDesenho/drawing_base164..jpg,legacy/v1-bucket/1f/1f28a8bb38acfab618d21253baac87ef.jpg,258053,1f28a8bb38acfab618d21253baac87ef
IdeiaDesenho/drawing_base165..jpg,legacy/v1-bucket/e4/e49bd2a9ce08ac20802f94fb13c06a84.jpg,191190,e49bd2a9ce08ac20802f94fb13c06a84
IdeiaDesenho/drawing_base166..jpg,legacy/v1-bucket/d8/d8172290dafcb80696b32f588fbd1756.jpg,157151,d8172290dafcb80696b32f588fbd1756
IdeiaDesenho/drawing_base167..jpg,legacy/v1-bucket/39/3956156a073549d25d5672472e0869f2.jpg,435385,3956156a073549d25d5672472e0869f2
IdeiaDesenho/drawing_base168..jpg,legacy/v1-bucket/ff/ff650f503799420d0f9d6d8c3e2dc00d.jpg,385084,ff650f503799420d0f9d6d8c3e2dc00d
IdeiaDesenho/drawing_base169..jpg,legacy/v1-bucket/02/028b5705caf11ba25bd55d69201add12.jpg,231423,028b5705caf11ba25bd55d69201add12
IdeiaDesenho/drawing_base17..jpg,legacy/v1-bucket/69/6922a9e3fb6adbc680c5c7b934e642f0.jpg,13143,6922a9e3fb6adbc680c5c7b934e642f0
IdeiaDesenho/drawing_base170..jpg,legacy/v1-bucket/6b/6b06b35b4d9e1ecbeebcf0352b0a7b73.jpg,316426,6b06b35b4d9e1ecbeebcf0352b0a7b73
IdeiaDesenho/drawing_base171..jpg,legacy/v1-bucket/94/94f2c83482b7f7b8abbdd7b1eff2582a.jpg,125581,94f2c83482b7f7b8abbdd7b1eff2582a
IdeiaDesenho/drawing_base172..jpg,legacy/v1-bucket/52/52d43f97af85bee36b2233d9e963874e.jpg,234053,52d43f97af85bee36b2233d9e963874e
IdeiaDesenho/drawing_base173..jpg,legacy/v1-bucket/7c/7c564fe4ae0f7416c537702b33a41501.jpg,471972,7c564fe4ae0f7416c537702b33a41501
IdeiaDesenho/drawing_base174..jpg,legacy/v1-bucket/64/64d061b42c2835763eabb346d559944e.jpg,499473,64d061b42c2835763eabb346d559944e
IdeiaDesenho/drawing_base175..jpg,legacy/v1-bucket/ff/ffd001343516a85383efd02121cff57d.jpg,414168,ffd001343516a85383efd02121cff57d
IdeiaDesenho/drawing_base176..jpg,legacy/v1-bucket/f7/f78ba13b1ac18efaa5b5221ca5a2811a.jpg,229095,f78ba13b1ac18efaa5b5221ca5a2811a
IdeiaDesenho/drawing_base177..jpg,legacy/v1-bucket/43/43527dfe8325ae5bc957efca720b2ac4.jpg,904207,43527dfe8325ae5bc957efca720b2ac4
IdeiaDesenho/drawing_base178..jpg,legacy/v1-bucket/61/61e7a3063ae74ac294fb1cc018707fa2.jpg,229123,61e7a3063ae74ac294fb1cc018707fa2
IdeiaDesenho/drawing_base179..jpg,legacy/v1-bucket/3b/3bad2fc36fcaae470c76c2a9c3901135.jpg,219971,3bad2fc36fcaae470c76c2a9c3901135
IdeiaDesenho/drawing_base18..png,legacy/v1-bucket/a1/a14129653e602b93e4fffa90bc2ead83.png,455717,a14129653e602b93e4fffa90bc2ead83
IdeiaDesenho/drawing_base180..jpg,legacy/v1-bucket/e7/e71a4cc72375df8c6025daef7fce4023.jpg,223935,e71a4cc72375df8c6025daef7fce4023
IdeiaDesenho/drawing_base182..jpg,legacy/v1-bucket/4e/4e02414502969d7a51968c216c1995d9.jpg,706551,4e02414502969d7a51968c216c1995d9
IdeiaDesenho/drawing_base183..jpg,legacy/v1-bucket/e3/e3d5037abc5ac44b4cb8ba87731037fd.jpg,439837,e3d5037abc5ac44b4cb8ba87731037fd
IdeiaDesenho/drawing_base184..jpg,legacy/v1-bucket/b1/b14cab918dbba66cf3c120b8edb47fb6.jpg,194203,b14cab918dbba66cf3c120b8edb47fb6
IdeiaDesenho/drawing_base185..jpg,legacy/v1-bucket/c7/c73a1710f17f43cad9560a63e992c6d5.jpg,162862,c73a1710f17f43cad9560a63e992c6d5
IdeiaDesenho/drawing_base186..jpg,legacy/v1-bucket/5e/5e0971e4f0c39942ea9618f1fe36a861.jpg,269704,5e0971e4f0c39942ea9618f1fe36a861
IdeiaDesenho/drawing_base187..jpg,legacy/v1-bucket/40/407096b425e12c840847196b24415095.jpg,271456,407096b425e12c840847196b24415095
IdeiaDesenho/drawing_base188..jpg,legacy/v1-bucket/c3/c3235c332f62f574f1370bb45386258e.jpg,527628,c3235c332f62f574f1370bb45386258e
IdeiaDesenho/drawing_base189..jpg,legacy/v1-bucket/fc/fcb1914fa12a2a9bff5d36e8f831342c.jpg,211348,fcb1914fa12a2a9bff5d36e8f831342c
IdeiaDesenho/drawing_base19..png,legacy/v1-bucket/a7/a73075f2266d2b706721b373d058b79b.png,32154,a73075f2266d2b706721b373d058b79b
IdeiaDesenho/drawing_base190..jpg,legacy/v1-bucket/16/1673dbe03dacf55d5ddaf679715b83b3.jpg,344417,1673dbe03dacf55d5ddaf679715b83b3
IdeiaDesenho/drawing_base191..jpg,legacy/v1-bucket/79/7987e9f2c5d02d0c49bcfeb0e9dbf5d4.jpg,698300,7987e9f2c5d02d0c49bcfeb0e9dbf5d4
IdeiaDesenho/drawing_base192..jpg,legacy/v1-bucket/b7/b75ba88bb87e7349e77c56ce52ffa07f.jpg,196280,b75ba88bb87e7349e77c56ce52ffa07f
IdeiaDesenho/drawing_base194..jpg,legacy/v1-bucket/fd/fdb86760909fc02906fceeca960007ad.jpg,319183,fdb86760909fc02906fceeca960007ad
IdeiaDesenho/drawing_base195..jpg,legacy/v1-bucket/3c/3c794d6521c92d4d9e85084e4db30188.jpg,429509,3c794d6521c92d4d9e85084e4db30188
IdeiaDesenho/drawing_base196..jpg,legacy/v1-bucket/dc/dccaf706ad78e8fe2bb759fceb479bda.jpg,189532,dccaf706ad78e8fe2bb759fceb479bda
IdeiaDesenho/drawing_base197..jpg,legacy/v1-bucket/55/55bd28138fdaed92b6f9e1ca0d3331e5.jpg,140952,55bd28138fdaed92b6f9e1ca0d3331e5
IdeiaDesenho/drawing_base198..jpg,legacy/v1-bucket/94/94399df36aeafc54128ff54cd2660431.jpg,586299,94399df36aeafc54128ff54cd2660431
IdeiaDesenho/drawing_base199..jpg,legacy/v1-bucket/0b/0bef9e6eb91903465ea4e04426a12435.jpg,329150,0bef9e6eb91903465ea4e04426a12435
IdeiaDesenho/drawing_base2..png,legacy/v1-bucket/d4/d4eece6f76e64c290f32f31fb2c1bd9a.png,230850,d4eece6f76e64c290f32f31fb2c1bd9a
IdeiaDesenho/drawing_base20..png,legacy/v1-bucket/20/2098f9805cc54a1540d2ed2810213969.png,255175,2098f9805cc54a1540d2ed2810213969
IdeiaDesenho/drawing_base200..jpg,legacy/v1-bucket/b0/b014ff03b040164d2a3b3eb5f75f7cfe.jpg,436991,b014ff03b040164d2a3b3eb5f75f7cfe
IdeiaDesenho/drawing_base202..jpg,legacy/v1-bucket/2d/2d05ca61c6b6dd3844ff41de1307c0ff.jpg,300576,2d05ca61c6b6dd3844ff41de1307c0ff
IdeiaDesenho/drawing_base204..jpg,legacy/v1-bucket/f2/f238d01b5d5efb4aa7e6b13e37f7b2b3.jpg,504652,f238d01b5d5efb4aa7e6b13e37f7b2b3
IdeiaDesenho/drawing_base205..jpg,legacy/v1-bucket/71/71419f23b0d79c5feefad87a347bcc98.jpg,266634,71419f23b0d79c5feefad87a347bcc98
IdeiaDesenho/drawing_base206..jpg,legacy/v1-bucket/bd/bd20cdca4cc7ba9d5353a95576b894fd.jpg,301618,bd20cdca4cc7ba9d5353a95576b894fd
IdeiaDesenho/drawing_base207..jpg,legacy/v1-bucket/dd/dda35dfc053fda6e78a0dc40aeaa3aca.jpg,151866,dda35dfc053fda6e78a0dc40aeaa3aca
IdeiaDesenho/drawing_base208..jpg,legacy/v1-bucket/89/895ca6b1012221ad1be1bbeed5e3c120.jpg,626078,895ca6b1012221ad1be1bbeed5e3c120
IdeiaDesenho/drawing_base209..jpg,legacy/v1-bucket/a2/a2df2fbdc72741aabd04c437e3c3bb7d.jpg,288378,a2df2fbdc72741aabd04c437e3c3bb7d
IdeiaDesenho/drawing_base21..png,legacy/v1-bucket/ac/ac5644da2911dc6977d988c615573180.png,196539,ac5644da2911dc6977d988c615573180
IdeiaDesenho/drawing_base210..jpg,legacy/v1-bucket/cf/cfbacae33dfaeb7fa1fa70a5d2ca1ae7.jpg,710847,cfbacae33dfaeb7fa1fa70a5d2ca1ae7
IdeiaDesenho/drawing_base211..jpg,legacy/v1-bucket/08/08415b4949eb2983319a5e6bd657eac1.jpg,266886,08415b4949eb2983319a5e6bd657eac1
IdeiaDesenho/drawing_base212..jpg,legacy/v1-bucket/58/58cd0aa4377a878fa35ea6f32850ea3b.jpg,386527,58cd0aa4377a878fa35ea6f32850ea3b
IdeiaDesenho/drawing_base213..jpg,legacy/v1-bucket/79/7943be917fbdeeb7defad4b32851bde6.jpg,365525,7943be917fbdeeb7defad4b32851bde6
IdeiaDesenho/drawing_base214..jpg,legacy/v1-bucket/78/78c83e089b7b7583f9c7c62920199e2d.jpg,290035,78c83e089b7b7583f9c7c62920199e2d
IdeiaDesenho/drawing_base215..jpg,legacy/v1-bucket/d6/d6b8f76b970fe8710ccc9aa439caae9a.jpg,428724,d6b8f76b970fe8710ccc9aa439caae9a
IdeiaDesenho/drawing_base216..jpg,legacy/v1-bucket/c6/c6c100e5a4bd689f4b3be6dbb92cef9b.jpg,639781,c6c100e5a4bd689f4b3be6dbb92cef9b
IdeiaDesenho/drawing_base217..jpg,legacy/v1-bucket/63/631fd9843f690fec68d9a7d0ae0335d9.jpg,164034,631fd9843f690fec68d9a7d0ae0335d9
IdeiaDesenho/drawing_base218..jpg,legacy/v1-bucket/1d/1ddf0685cf91115abca6bf2ded8c3bd0.jpg,408113,1ddf0685cf91115abca6bf2ded8c3bd0
IdeiaDesenho/drawing_base219..jpg,legacy/v1-bucket/81/818687787f0c076d2d0ad703bdb1596c.jpg,171659,818687787f0c076d2d0ad703bdb1596c
IdeiaDesenho/drawing_base22..png,legacy/v1-bucket/00/00380c2413943066e039f31a8e739b33.png,109085,00380c2413943066e039f31a8e739b33
IdeiaDesenho/drawing_base220..jpg,legacy/v1-bucket/99/99b2984af111b5a5171715fc3ccb6931.jpg,322549,99b2984af111b5a5171715fc3ccb6931
IdeiaDesenho/drawing_base221..jpg,legacy/v1-bucket/06/060ccaab2882b044f1bd0eb92c8a1686.jpg,458670,060ccaab2882b044f1bd0eb92c8a1686
IdeiaDesenho/drawing_base222..jpg,legacy/v1-bucket/25/2577a94a2ea1714cf9970aa2492bceee.jpg,38662,2577a94a2ea1714cf9970aa2492bceee
IdeiaDesenho/drawing_base223..jpg,legacy/v1-bucket/c1/c1a74e14646643207fd688084fff8d9d.jpg,155076,c1a74e14646643207fd688084fff8d9d
IdeiaDesenho/drawing_base224..jpg,legacy/v1-bucket/80/80453556465a4613b55beff9de1223b6.jpg,539954,80453556465a4613b55beff9de1223b6
IdeiaDesenho/drawing_base225..jpg,legacy/v1-bucket/ac/aca05f2bc7ab55a319d3da114a7e56c0.jpg,555455,aca05f2bc7ab55a319d3da114a7e56c0
IdeiaDesenho/drawing_base226..jpg,legacy/v1-bucket/2c/2c17acf49bf82140fdb939c3a0e65dad.jpg,528208,2c17acf49bf82140fdb939c3a0e65dad
IdeiaDesenho/drawing_base227..jpg,legacy/v1-bucket/c0/c0fec86a50882c4e4eae6a9ba6bce1e8.jpg,329393,c0fec86a50882c4e4eae6a9ba6bce1e8
IdeiaDesenho/drawing_base228..jpg,legacy/v1-bucket/e1/e12314ecbab6f175fb3a7abef6639f91.jpg,422922,e12314ecbab6f175fb3a7abef6639f91
IdeiaDesenho/drawing_base229..jpg,legacy/v1-bucket/af/af23b981adea198bcdf3c476c78acb1c.jpg,151255,af23b981adea198bcdf3c476c78acb1c
IdeiaDesenho/drawing_base23..png,legacy/v1-bucket/19/19f7bcf3feaae9f72f489ee16116d65b.png,16907,19f7bcf3feaae9f72f489ee16116d65b
IdeiaDesenho/drawing_base230..jpg,legacy/v1-bucket/41/411ae01ee9c6a9ed212328132f5a38ff.jpg,149119,411ae01ee9c6a9ed212328132f5a38ff
IdeiaDesenho/drawing_base231..jpg,legacy/v1-bucket/10/10984f0762a29dc1c332e9cc2599ad46.jpg,466021,10984f0762a29dc1c332e9cc2599ad46
IdeiaDesenho/drawing_base232..jpg,legacy/v1-bucket/f3/f3305e6c2db24f0de4d81ee00ef7e8aa.jpg,459549,f3305e6c2db24f0de4d81ee00ef7e8aa
IdeiaDesenho/drawing_base233..jpg,legacy/v1-bucket/be/be5c86958ffbf9e0bf7d1c30d7e622a4.jpg,235167,be5c86958ffbf9e0bf7d1c30d7e622a4
IdeiaDesenho/drawing_base234..jpg,legacy/v1-bucket/80/80221852e85374980cdde41a482f9a65.jpg,556774,80221852e85374980cdde41a482f9a65
IdeiaDesenho/drawing_base235..jpg,legacy/v1-bucket/4b/4b8f00bb5f6f6ca7a93bcb49e7beffd8.jpg,335599,4b8f00bb5f6f6ca7a93bcb49e7beffd8
IdeiaDesenho/drawing_base236..jpg,legacy/v1-bucket/2f/2fcd0d716b20f9a372145d654126a26e.jpg,518141,2fcd0d716b20f9a372145d654126a26e
IdeiaDesenho/drawing_base237..jpg,legacy/v1-bucket/27/275973e534fb2606b952bd0e5e6046ae.jpg,380166,275973e534fb2606b952bd0e5e6046ae
IdeiaDesenho/drawing_base238..jpg,legacy/v1-bucket/7d/7da13b24e1909374015a84839019e36d.jpg,357796,7da13b24e1909374015a84839019e36d
IdeiaDesenho/drawing_base239..jpg,legacy/v1-bucket/34/34797a3bdc619fdbf931d688cd68cac4.jpg,202123,34797a3bdc619fdbf931d688cd68cac4
IdeiaDesenho/drawing_base24..jpg,legacy/v1-bucket/8d/8d583db3f17d6c3e4502cad9553a653d.jpg,25158,8d583db3f17d6c3e4502cad9553a653d
IdeiaDesenho/drawing_base240..jpg,legacy/v1-bucket/d3/d3e7f417ce9bfabf3060a8a0dad8390a.jpg,483347,d3e7f417ce9bfabf3060a8a0dad8390a
IdeiaDesenho/drawing_base241..jpg,legacy/v1-bucket/6c/6cf6fcdba5e54f81c8bf5f90f2337a5d.jpg,381992,6cf6fcdba5e54f81c8bf5f90f2337a5d
IdeiaDesenho/drawing_base242..jpg,legacy/v1-bucket/cd/cdf2d3a26a1c7f96a7a4a6dd9f2df3c5.jpg,362682,cdf2d3a26a1c7f96a7a4a6dd9f2df3c5
IdeiaDesenho/drawing_base243..jpg,legacy/v1-bucket/35/357c8559813d19f428df47477c09dad9.jpg,356578,357c8559813d19f428df47477c09dad9
IdeiaDesenho/drawing_base244..jpg,legacy/v1-bucket/fa/fad606ff7586a9c62d4efa188cc5f873.jpg,193468,fad606ff7586a9c62d4efa188cc5f873
IdeiaDesenho/drawing_base245..jpg,legacy/v1-bucket/6f/6fda27a3abf88223fe62f39398601bc5.jpg,270976,6fda27a3abf88223fe62f39398601bc5
IdeiaDesenho/drawing_base246..jpg,legacy/v1-bucket/1b/1b3afbe71ae320036ae912fb6d8541f6.jpg,445276,1b3afbe71ae320036ae912fb6d8541f6
IdeiaDesenho/drawing_base247..jpg,legacy/v1-bucket/81/819019b70f248368910fbba712ad48b7.jpg,386876,819019b70f248368910fbba712ad48b7
IdeiaDesenho/drawing_base248..jpg,legacy/v1-bucket/9f/9fad6fec1517e0bfa2c06fca67f0afcb.jpg,378452,9fad6fec1517e0bfa2c06fca67f0afcb
IdeiaDesenho/drawing_base25..jpg,legacy/v1-bucket/d4/d4a467aa9c5fd3e8d64f636fc056cb74.jpg,50462,d4a467aa9c5fd3e8d64f636fc056cb74
IdeiaDesenho/drawing_base250..jpg,legacy/v1-bucket/5c/5cb4d8ffe01286a8d3a84182ced2e005.jpg,445670,5cb4d8ffe01286a8d3a84182ced2e005
IdeiaDesenho/drawing_base251..jpg,legacy/v1-bucket/f9/f9ff4cfaa7162b4208086ea345dde748.jpg,416646,f9ff4cfaa7162b4208086ea345dde748
IdeiaDesenho/drawing_base252..jpg,legacy/v1-bucket/57/571763f7d0b88335166ea031ffbd0d8e.jpg,644112,571763f7d0b88335166ea031ffbd0d8e
IdeiaDesenho/drawing_base253..jpg,legacy/v1-bucket/6d/6d7f6c45e736f872643b941a9eb6a29d.jpg,137691,6d7f6c45e736f872643b941a9eb6a29d
IdeiaDesenho/drawing_base255..jpg,legacy/v1-bucket/5d/5d3919c5ac43ef27921a0e9902ea83f9.jpg,368174,5d3919c5ac43ef27921a0e9902ea83f9
IdeiaDesenho/drawing_base256..jpg,legacy/v1-bucket/6d/6da33c781f20d42ae0dc244f05f3b137.jpg,252172,6da33c781f20d42ae0dc244f05f3b137
IdeiaDesenho/drawing_base257..jpg,legacy/v1-bucket/13/13c289e77c37decd19e03993078ac550.jpg,335996,13c289e77c37decd19e03993078ac550
IdeiaDesenho/drawing_base258..jpg,legacy/v1-bucket/31/31a10702286136f2965bb84a2de177e5.jpg,90019,31a10702286136f2965bb84a2de177e5
IdeiaDesenho/drawing_base259..jpg,legacy/v1-bucket/6a/6a3fa80a05bbcb1ec074d9554db56d84.jpg,147280,6a3fa80a05bbcb1ec074d9554db56d84
IdeiaDesenho/drawing_base26..png,legacy/v1-bucket/0a/0a4a909a7c1a386def03a1112a9ff89a.png,168115,0a4a909a7c1a386def03a1112a9ff89a
IdeiaDesenho/drawing_base260..jpg,legacy/v1-bucket/8e/8ef50bcb02b91283a12f8f3a01b56000.jpg,90921,8ef50bcb02b91283a12f8f3a01b56000
IdeiaDesenho/drawing_base261..jpg,legacy/v1-bucket/50/50d918e32736d71647005775dd29b915.jpg,454959,50d918e32736d71647005775dd29b915
IdeiaDesenho/drawing_base262..jpg,legacy/v1-bucket/55/5558cfae98964756714c58aa53111768.jpg,517719,5558cfae98964756714c58aa53111768
IdeiaDesenho/drawing_base263..jpg,legacy/v1-bucket/3a/3a4bbc7763a9c383efafbe9c3acdaa1b.jpg,78849,3a4bbc7763a9c383efafbe9c3acdaa1b
IdeiaDesenho/drawing_base264..jpg,legacy/v1-bucket/1e/1ee36a5eeec2655197c40fcde34f4ba5.jpg,197550,1ee36a5eeec2655197c40fcde34f4ba5
IdeiaDesenho/drawing_base265..jpg,legacy/v1-bucket/27/2728f6aa8c6bc978f302da4337738764.jpg,47244,2728f6aa8c6bc978f302da4337738764
IdeiaDesenho/drawing_base266..jpg,legacy/v1-bucket/b7/b7cac4ab9f8bd73d4c50b19d86b0cf54.jpg,227657,b7cac4ab9f8bd73d4c50b19d86b0cf54
IdeiaDesenho/drawing_base267..jpg,legacy/v1-bucket/a2/a2e291fad49aa6f26455a3831224f40f.jpg,195961,a2e291fad49aa6f26455a3831224f40f
IdeiaDesenho/drawing_base268..jpg,legacy/v1-bucket/3f/3fa9944f9258c9180c002f08d89b7d76.jpg,369427,3fa9944f9258c9180c002f08d89b7d76
IdeiaDesenho/drawing_base269..jpg,legacy/v1-bucket/38/38b7f8315624ca97533321859ea754d1.jpg,524620,38b7f8315624ca97533321859ea754d1
IdeiaDesenho/drawing_base27..png,legacy/v1-bucket/f1/f1bf54381474db58ffb77e8f10348642.png,130704,f1bf54381474db58ffb77e8f10348642
IdeiaDesenho/drawing_base270..jpg,legacy/v1-bucket/10/10df4459a000f71ed508195f67761ccb.jpg,834612,10df4459a000f71ed508195f67761ccb
IdeiaDesenho/drawing_base271..jpg,legacy/v1-bucket/0e/0e3bfe982918860e04baaf5bb718b176.jpg,378193,0e3bfe982918860e04baaf5bb718b176
IdeiaDesenho/drawing_base272..jpg,legacy/v1-bucket/fb/fb085bfcd44e15fbde741af61fa3eba2.jpg,325891,fb085bfcd44e15fbde741af61fa3eba2
IdeiaDesenho/drawing_base273..jpg,legacy/v1-bucket/ed/edd81be923c30741566b9342f516dae7.jpg,590841,edd81be923c30741566b9342f516dae7
IdeiaDesenho/drawing_base274..jpg,legacy/v1-bucket/7a/7af5c54a43a9103141a76050c4221a41.jpg,338443,7af5c54a43a9103141a76050c4221a41
IdeiaDesenho/drawing_base276..jpg,legacy/v1-bucket/30/301132b4d245aacd311ab35a40c6d873.jpg,230557,301132b4d245aacd311ab35a40c6d873
IdeiaDesenho/drawing_base278..jpg,legacy/v1-bucket/02/02c82b4f7707c4a0a0f3cb60a06a6c69.jpg,82802,02c82b4f7707c4a0a0f3cb60a06a6c69
IdeiaDesenho/drawing_base279..jpg,legacy/v1-bucket/c2/c2e9ded2092c15f2bbd863a75093130f.jpg,141227,c2e9ded2092c15f2bbd863a75093130f
IdeiaDesenho/drawing_base28..png,legacy/v1-bucket/46/464a26fec0c4ab60a7be0dce15bda5b1.png,138031,464a26fec0c4ab60a7be0dce15bda5b1
IdeiaDesenho/drawing_base280..jpg,legacy/v1-bucket/e6/e647c4e19b296fcbbb3c8274f0f4f762.jpg,254102,e647c4e19b296fcbbb3c8274f0f4f762
IdeiaDesenho/drawing_base281..jpg,legacy/v1-bucket/88/8834b520611230a338e8cb226645b4f2.jpg,356202,8834b520611230a338e8cb226645b4f2
IdeiaDesenho/drawing_base282..jpg,legacy/v1-bucket/8f/8f1992c870feb31d87df182e88bc5122.jpg,220794,8f1992c870feb31d87df182e88bc5122
IdeiaDesenho/drawing_base283..jpg,legacy/v1-bucket/3e/3e7d4c1df7dcbceabb1cd4d185ae1fa2.jpg,41601,3e7d4c1df7dcbceabb1cd4d185ae1fa2
IdeiaDesenho/drawing_base284..jpg,legacy/v1-bucket/27/27a73d618614ae78658078fd3777c40d.jpg,281666,27a73d618614ae78658078fd3777c40d
IdeiaDesenho/drawing_base285..jpg,legacy/v1-bucket/64/6455baa45a9d31d06ee69f7bc9285530.jpg,463760,6455baa45a9d31d06ee69f7bc9285530
IdeiaDesenho/drawing_base286..jpg,legacy/v1-bucket/fd/fdd649110a9f713df1fdbf3a6e58de3e.jpg,393092,fdd649110a9f713df1fdbf3a6e58de3e
IdeiaDesenho/drawing_base287..jpg,legacy/v1-bucket/c5/c528cd36617656ab096d24ba5f0eb57f.jpg,53419,c528cd36617656ab096d24ba5f0eb57f
IdeiaDesenho/drawing_base288..jpg,legacy/v1-bucket/2f/2fba3bc37343798534227fd5bd4c009f.jpg,318698,2fba3bc37343798534227fd5bd4c009f
IdeiaDesenho/drawing_base289..jpg,legacy/v1-bucket/81/81719bf11872bea465b7f0d0fdeeb2e6.jpg,220615,81719bf11872bea465b7f0d0fdeeb2e6
IdeiaDesenho/drawing_base29..png,legacy/v1-bucket/13/132c90d922477bb700afeecf01abd65e.png,16458,132c90d922477bb700afeecf01abd65e
IdeiaDesenho/drawing_base290..jpg,legacy/v1-bucket/ad/ade5fb8265e12ffbc93d1b2acc91389d.jpg,369600,ade5fb8265e12ffbc93d1b2acc91389d
IdeiaDesenho/drawing_base291..jpg,legacy/v1-bucket/5d/5da70b5b5225bccc325745c2428400a5.jpg,370281,5da70b5b5225bccc325745c2428400a5
IdeiaDesenho/drawing_base292..jpg,legacy/v1-bucket/0d/0dd6e61d6b9969ec38888ce3d033c34a.jpg,219654,0dd6e61d6b9969ec38888ce3d033c34a
IdeiaDesenho/drawing_base293..jpg,legacy/v1-bucket/a2/a2d126ca509be1e9338aadd5527f595f.jpg,206205,a2d126ca509be1e9338aadd5527f595f
IdeiaDesenho/drawing_base294..jpg,legacy/v1-bucket/7d/7d162838de38c699b0f7582a1ca607e2.jpg,117475,7d162838de38c699b0f7582a1ca607e2
IdeiaDesenho/drawing_base295..jpg,legacy/v1-bucket/8e/8eee84e838acce5f6cf9dacbe2f40e1c.jpg,553432,8eee84e838acce5f6cf9dacbe2f40e1c
IdeiaDesenho/drawing_base296..jpg,legacy/v1-bucket/7e/7e1a0ac7a22de7a47106503c05dcbd15.jpg,317189,7e1a0ac7a22de7a47106503c05dcbd15
IdeiaDesenho/drawing_base297..jpg,legacy/v1-bucket/e8/e8e2f4aa669ad29f07ba01a0916ffa71.jpg,401238,e8e2f4aa669ad29f07ba01a0916ffa71
IdeiaDesenho/drawing_base298..jpg,legacy/v1-bucket/31/31c6c9b702f33db1d90301b0ca063a7f.jpg,482324,31c6c9b702f33db1d90301b0ca063a7f
IdeiaDesenho/drawing_base299..jpg,legacy/v1-bucket/c5/c5d241e974da5d7e51ff3f4120b31b7b.jpg,300494,c5d241e974da5d7e51ff3f4120b31b7b
IdeiaDesenho/drawing_base3..png,legacy/v1-bucket/29/291f1419d7d3e7c8b8e191783e60d130.png,86053,291f1419d7d3e7c8b8e191783e60d130
IdeiaDesenho/drawing_base30..png,legacy/v1-bucket/4e/4ed8be516b07486a9aa681ee7508c1d3.png,162902,4ed8be516b07486a9aa681ee7508c1d3
IdeiaDesenho/drawing_base300..jpg,legacy/v1-bucket/8b/8b9ec8292c066a9bbf56e77581865517.jpg,383330,8b9ec8292c066a9bbf56e77581865517
IdeiaDesenho/drawing_base301..jpg,legacy/v1-bucket/ef/ef658fb1efc4468d1bae0ddc35316a56.jpg,268465,ef658fb1efc4468d1bae0ddc35316a56
IdeiaDesenho/drawing_base302..jpg,legacy/v1-bucket/c8/c883c48f744a6ab68b89f9aacdfc1437.jpg,261225,c883c48f744a6ab68b89f9aacdfc1437
IdeiaDesenho/drawing_base303..jpg,legacy/v1-bucket/43/4319dc83d229cf3effb54b8566d1eadf.jpg,508045,4319dc83d229cf3effb54b8566d1eadf
IdeiaDesenho/drawing_base304..jpg,legacy/v1-bucket/84/8469e9d6df64de7f787245b7694ffb47.jpg,452420,8469e9d6df64de7f787245b7694ffb47
IdeiaDesenho/drawing_base305..jpg,legacy/v1-bucket/2c/2c347b04dc069338f2d38b901c472d7a.jpg,280479,2c347b04dc069338f2d38b901c472d7a
IdeiaDesenho/drawing_base306..jpg,legacy/v1-bucket/af/afb68e794ab6f7c4f2188794ff177c6a.jpg,132381,afb68e794ab6f7c4f2188794ff177c6a
IdeiaDesenho/drawing_base307..jpg,legacy/v1-bucket/b5/b5fbe444781d216b46082125062b96dd.jpg,242218,b5fbe444781d216b46082125062b96dd
IdeiaDesenho/drawing_base308..jpg,legacy/v1-bucket/fb/fb89c92c209d3b56b1f0b7e6ad86d242.jpg,285317,fb89c92c209d3b56b1f0b7e6ad86d242
IdeiaDesenho/drawing_base309..jpg,legacy/v1-bucket/78/78598e9603ab98f130c38a3db835080a.jpg,456836,78598e9603ab98f130c38a3db835080a
IdeiaDesenho/drawing_base31..jpg,legacy/v1-bucket/b1/b1a5f7d615828767109df226d325a868.jpg,43780,b1a5f7d615828767109df226d325a868
IdeiaDesenho/drawing_base310..jpg,legacy/v1-bucket/b9/b93a5796f9bd8eac9a4be9eebc3eacf4.jpg,523862,b93a5796f9bd8eac9a4be9eebc3eacf4
IdeiaDesenho/drawing_base311..jpg,legacy/v1-bucket/0b/0bb662df2082336e9ecc0884d1c82003.jpg,505861,0bb662df2082336e9ecc0884d1c82003
IdeiaDesenho/drawing_base312..jpg,legacy/v1-bucket/b3/b33e554420dac2503f58bb6b20d74010.jpg,105213,b33e554420dac2503f58bb6b20d74010
IdeiaDesenho/drawing_base313..jpg,legacy/v1-bucket/84/84b92dc460574e607062d7ccbbe20711.jpg,566364,84b92dc460574e607062d7ccbbe20711
IdeiaDesenho/drawing_base314..jpg,legacy/v1-bucket/b3/b38797646f33986872da4bd4bc2956a5.jpg,189188,b38797646f33986872da4bd4bc2956a5
IdeiaDesenho/drawing_base315..jpg,legacy/v1-bucket/a9/a931b5396918f805ee2cefc819917259.jpg,482401,a931b5396918f805ee2cefc819917259
IdeiaDesenho/drawing_base316..jpg,legacy/v1-bucket/49/49b1b28c18b875ff143f1d4cdea4ce53.jpg,385565,49b1b28c18b875ff143f1d4cdea4ce53
IdeiaDesenho/drawing_base317..jpg,legacy/v1-bucket/9d/9d4dcb23ace2ba9faa4b63c7327c68d5.jpg,305990,9d4dcb23ace2ba9faa4b63c7327c68d5
IdeiaDesenho/drawing_base318..jpg,legacy/v1-bucket/d0/d0d64c633f14bd0feeec832b88c9e4e8.jpg,183323,d0d64c633f14bd0feeec832b88c9e4e8
IdeiaDesenho/drawing_base319..jpg,legacy/v1-bucket/b9/b949ee3868abd5cd7dcc4c9d8359565c.jpg,415318,b949ee3868abd5cd7dcc4c9d8359565c
IdeiaDesenho/drawing_base32..png,legacy/v1-bucket/50/50ebeb0dea826f5e6778165cbc6b9768.png,156182,50ebeb0dea826f5e6778165cbc6b9768
IdeiaDesenho/drawing_base320..jpg,legacy/v1-bucket/a5/a5c7f172672c30535e38bb12f840ce14.jpg,612023,a5c7f172672c30535e38bb12f840ce14
IdeiaDesenho/drawing_base321..jpg,legacy/v1-bucket/1d/1d433eb5d43d02647ee4be3df00112f1.jpg,357866,1d433eb5d43d02647ee4be3df00112f1
IdeiaDesenho/drawing_base322..jpg,legacy/v1-bucket/35/354f574fcb4b39f0e9429d2fd609e36c.jpg,239446,354f574fcb4b39f0e9429d2fd609e36c
IdeiaDesenho/drawing_base323..jpg,legacy/v1-bucket/30/30491627c6947066cccc57760a3e9ea7.jpg,388896,30491627c6947066cccc57760a3e9ea7
IdeiaDesenho/drawing_base324..jpg,legacy/v1-bucket/60/60f5fad9e432ebb34118a115bd10d8b2.jpg,553400,60f5fad9e432ebb34118a115bd10d8b2
IdeiaDesenho/drawing_base325..jpg,legacy/v1-bucket/c6/c6a56891894abb93e945ac443c1be2d0.jpg,175711,c6a56891894abb93e945ac443c1be2d0
IdeiaDesenho/drawing_base326..jpg,legacy/v1-bucket/4d/4da5b36569adf42bf8b57e888c761315.jpg,318104,4da5b36569adf42bf8b57e888c761315
IdeiaDesenho/drawing_base327..jpg,legacy/v1-bucket/e1/e173c91893f630058be56d00bd547ef3.jpg,156055,e173c91893f630058be56d00bd547ef3
IdeiaDesenho/drawing_base328..jpg,legacy/v1-bucket/79/7972379666571fb71c82a13503083c27.jpg,501451,7972379666571fb71c82a13503083c27
IdeiaDesenho/drawing_base329..jpg,legacy/v1-bucket/5f/5f14b3c7d7b61934dee50e6fb9e45c34.jpg,334302,5f14b3c7d7b61934dee50e6fb9e45c34
IdeiaDesenho/drawing_base33..png,legacy/v1-bucket/1e/1e6b97084c39bd723936b0114917d096.png,199389,1e6b97084c39bd723936b0114917d096
IdeiaDesenho/drawing_base330..jpg,legacy/v1-bucket/ba/ba42a662286aea1192895e14a4c3a4f7.jpg,367990,ba42a662286aea1192895e14a4c3a4f7
IdeiaDesenho/drawing_base331..jpg,legacy/v1-bucket/2a/2a19b9e35dc839752be3e43d2c1bc55d.jpg,216248,2a19b9e35dc839752be3e43d2c1bc55d
IdeiaDesenho/drawing_base332..jpg,legacy/v1-bucket/e9/e9697cf160611d82f20ea70b8b6c4250.jpg,316414,e9697cf160611d82f20ea70b8b6c4250
IdeiaDesenho/drawing_base333..jpg,legacy/v1-bucket/5f/5fecd5154a1e7eeaabb721e81317bbf7.jpg,208700,5fecd5154a1e7eeaabb721e81317bbf7
IdeiaDesenho/drawing_base334..jpg,legacy/v1-bucket/c0/c0c5bc081307ec6ccbe508df226f8d0d.jpg,474001,c0c5bc081307ec6ccbe508df226f8d0d
IdeiaDesenho/drawing_base335..jpg,legacy/v1-bucket/61/614f259687bd20fdc3da614314597f63.jpg,260527,614f259687bd20fdc3da614314597f63
IdeiaDesenho/drawing_base336..jpg,legacy/v1-bucket/0c/0c61bc3fe75f69addc1a867d5dc58154.jpg,248987,0c61bc3fe75f69addc1a867d5dc58154
IdeiaDesenho/drawing_base337..jpg,legacy/v1-bucket/c0/c0d916e55f3de8233f67db3d47b22f58.jpg,319145,c0d916e55f3de8233f67db3d47b22f58
IdeiaDesenho/drawing_base338..jpg,legacy/v1-bucket/a7/a7c3685905b9c60d9cf07a48849e7be1.jpg,362794,a7c3685905b9c60d9cf07a48849e7be1
IdeiaDesenho/drawing_base339..jpg,legacy/v1-bucket/40/409019f4b20934d10f6d3d03cb448a00.jpg,166959,409019f4b20934d10f6d3d03cb448a00
IdeiaDesenho/drawing_base34..png,legacy/v1-bucket/30/3014a81b53f982de622ec67ca660661f.png,24128,3014a81b53f982de622ec67ca660661f
IdeiaDesenho/drawing_base340..jpg,legacy/v1-bucket/f2/f2969bb0688cdf3eafd399b24acdbe04.jpg,122819,f2969bb0688cdf3eafd399b24acdbe04
IdeiaDesenho/drawing_base342..jpg,legacy/v1-bucket/a0/a08da1af99931faf5ff5a0445555807c.jpg,103355,a08da1af99931faf5ff5a0445555807c
IdeiaDesenho/drawing_base344..jpg,legacy/v1-bucket/cc/ccda49f60902c20d4bacd9b4673a5826.jpg,168105,ccda49f60902c20d4bacd9b4673a5826
IdeiaDesenho/drawing_base345..jpg,legacy/v1-bucket/56/5654550080a4dfa73eec2a0663ec0080.jpg,265675,5654550080a4dfa73eec2a0663ec0080
IdeiaDesenho/drawing_base346..jpg,legacy/v1-bucket/70/708e028a3931288c7d936db01523a0c0.jpg,405942,708e028a3931288c7d936db01523a0c0
IdeiaDesenho/drawing_base347..jpg,legacy/v1-bucket/57/5749c2881a9cdbeb46471a6385cdc9e1.jpg,86283,5749c2881a9cdbeb46471a6385cdc9e1
IdeiaDesenho/drawing_base348..jpg,legacy/v1-bucket/ab/ab2c9fed25494466d2e97f476d4e006f.jpg,818481,ab2c9fed25494466d2e97f476d4e006f
IdeiaDesenho/drawing_base349..jpg,legacy/v1-bucket/d9/d9fcbee62bb151ab9fd5c0f8bf2ae8cb.jpg,400814,d9fcbee62bb151ab9fd5c0f8bf2ae8cb
IdeiaDesenho/drawing_base35..png,legacy/v1-bucket/16/169e5dcdc60cbaead17e3f36becd9d77.png,105171,169e5dcdc60cbaead17e3f36becd9d77
IdeiaDesenho/drawing_base350..jpg,legacy/v1-bucket/7b/7bd4f7d2e6278ed62b09bef88f3e7571.jpg,394496,7bd4f7d2e6278ed62b09bef88f3e7571
IdeiaDesenho/drawing_base351..jpg,legacy/v1-bucket/5a/5a40afe60e52d85e904c9b2f1387fe99.jpg,455905,5a40afe60e52d85e904c9b2f1387fe99
IdeiaDesenho/drawing_base352..jpg,legacy/v1-bucket/ac/acd34edf9360787f9249d8abc0b9905f.jpg,741628,acd34edf9360787f9249d8abc0b9905f
IdeiaDesenho/drawing_base353..jpg,legacy/v1-bucket/dc/dc8301c1e91ace6f04951341e0e2bd29.jpg,512663,dc8301c1e91ace6f04951341e0e2bd29
IdeiaDesenho/drawing_base354..jpg,legacy/v1-bucket/53/5397345019af01cc1d3ca81d56365538.jpg,144546,5397345019af01cc1d3ca81d56365538
IdeiaDesenho/drawing_base355..jpg,legacy/v1-bucket/28/280ef1f1d12735ae32d9f6edd45878bf.jpg,308729,280ef1f1d12735ae32d9f6edd45878bf
IdeiaDesenho/drawing_base356..jpg,legacy/v1-bucket/59/5917d40289caae9b6d02c1014ef194db.jpg,528403,5917d40289caae9b6d02c1014ef194db
IdeiaDesenho/drawing_base357..jpg,legacy/v1-bucket/df/df337304a355b3a389a6c5901251a1e2.jpg,455014,df337304a355b3a389a6c5901251a1e2
IdeiaDesenho/drawing_base358..jpg,legacy/v1-bucket/f3/f392cbe2d5548cc198b988125f43bc46.jpg,763638,f392cbe2d5548cc198b988125f43bc46
IdeiaDesenho/drawing_base359..jpg,legacy/v1-bucket/44/44c5c1f50dabdcc1a9f03c74e568d6ef.jpg,282171,44c5c1f50dabdcc1a9f03c74e568d6ef
IdeiaDesenho/drawing_base36..png,legacy/v1-bucket/89/891b1b148c8becbfd7a53be783ad2f68.png,24476,891b1b148c8becbfd7a53be783ad2f68
IdeiaDesenho/drawing_base360..jpg,legacy/v1-bucket/fa/fa3200faad9a2fe2adffda7553901148.jpg,151926,fa3200faad9a2fe2adffda7553901148
IdeiaDesenho/drawing_base361..jpg,legacy/v1-bucket/00/00c72227f4e5665f48b1de0386dba59c.jpg,88345,00c72227f4e5665f48b1de0386dba59c
IdeiaDesenho/drawing_base362..jpg,legacy/v1-bucket/6f/6fc52f084abac73189b8b294db6b838c.jpg,238285,6fc52f084abac73189b8b294db6b838c
IdeiaDesenho/drawing_base363..jpg,legacy/v1-bucket/2b/2b50d5873d9efb7a6e4c09c9a2eaed61.jpg,227182,2b50d5873d9efb7a6e4c09c9a2eaed61
IdeiaDesenho/drawing_base364..jpg,legacy/v1-bucket/b8/b8c317ac35c3b672411adf34d5d35d18.jpg,217375,b8c317ac35c3b672411adf34d5d35d18
IdeiaDesenho/drawing_base366..jpg,legacy/v1-bucket/8b/8b881bd886008154aa64deb80f8346d4.jpg,472908,8b881bd886008154aa64deb80f8346d4
IdeiaDesenho/drawing_base367..jpg,legacy/v1-bucket/f2/f2512f8a188309bd25a9d813d7b97e7e.jpg,433708,f2512f8a188309bd25a9d813d7b97e7e
IdeiaDesenho/drawing_base368..jpg,legacy/v1-bucket/04/04aaf006e9e0fd1f55803e53717328d5.jpg,323314,04aaf006e9e0fd1f55803e53717328d5
IdeiaDesenho/drawing_base369..jpg,legacy/v1-bucket/5b/5bfe5df7ce47e1583b2b1f875fac11bd.jpg,318809,5bfe5df7ce47e1583b2b1f875fac11bd
IdeiaDesenho/drawing_base37..png,legacy/v1-bucket/7c/7cbe1865da8690eef867addf14c86882.png,47314,7cbe1865da8690eef867addf14c86882
IdeiaDesenho/drawing_base370..jpg,legacy/v1-bucket/3e/3e1386173732cda45d50e552c0a0a47c.jpg,961764,3e1386173732cda45d50e552c0a0a47c
IdeiaDesenho/drawing_base371..jpg,legacy/v1-bucket/d3/d345d6ac070d3eb880fe4e49d9fd0f97.jpg,360545,d345d6ac070d3eb880fe4e49d9fd0f97
IdeiaDesenho/drawing_base372..jpg,legacy/v1-bucket/ba/ba9199d1048fc0f25eb92817f274a034.jpg,471997,ba9199d1048fc0f25eb92817f274a034
IdeiaDesenho/drawing_base373..jpg,legacy/v1-bucket/ad/adac9cb79cd12e7d67379e90ea8cc04e.jpg,305121,adac9cb79cd12e7d67379e90ea8cc04e
IdeiaDesenho/drawing_base374..jpg,legacy/v1-bucket/5b/5b9156e628355393d9d824c7fb449200.jpg,236498,5b9156e628355393d9d824c7fb449200
IdeiaDesenho/drawing_base375..jpg,legacy/v1-bucket/6e/6e37589f690fd0c4ed272e0a72a68c31.jpg,358455,6e37589f690fd0c4ed272e0a72a68c31
IdeiaDesenho/drawing_base376..jpg,legacy/v1-bucket/6d/6d58f8a3d7900728e7dc0286ca33b02c.jpg,168763,6d58f8a3d7900728e7dc0286ca33b02c
IdeiaDesenho/drawing_base377..jpg,legacy/v1-bucket/76/7672488fd4af2276d020772fef443fe6.jpg,552095,7672488fd4af2276d020772fef443fe6
IdeiaDesenho/drawing_base378..jpg,legacy/v1-bucket/54/54cd07aafcf75dee94a203189b7c1da7.jpg,241553,54cd07aafcf75dee94a203189b7c1da7
IdeiaDesenho/drawing_base379..jpg,legacy/v1-bucket/13/134f7568be241aa32669ee17d02901c3.jpg,308833,134f7568be241aa32669ee17d02901c3
IdeiaDesenho/drawing_base38..png,legacy/v1-bucket/6a/6af5841cee629688670d4510f7390163.png,555209,6af5841cee629688670d4510f7390163
IdeiaDesenho/drawing_base380..jpg,legacy/v1-bucket/fa/fa96631788ed7264b8408baffd34f4cb.jpg,544727,fa96631788ed7264b8408baffd34f4cb
IdeiaDesenho/drawing_base381..jpg,legacy/v1-bucket/ea/eab6505fedaeb5628219640c4d585789.jpg,518331,eab6505fedaeb5628219640c4d585789
IdeiaDesenho/drawing_base382..jpg,legacy/v1-bucket/9b/9bbac198e36012b4bbaa00edd7582294.jpg,355181,9bbac198e36012b4bbaa00edd7582294
IdeiaDesenho/drawing_base383..jpg,legacy/v1-bucket/74/7468d38d11214973810620a09cb5ea65.jpg,679768,7468d38d11214973810620a09cb5ea65
IdeiaDesenho/drawing_base384..jpg,legacy/v1-bucket/0e/0ed3101ea3fd45f7c90d63acab80da95.jpg,316180,0ed3101ea3fd45f7c90d63acab80da95
IdeiaDesenho/drawing_base385..jpg,legacy/v1-bucket/1c/1c53937ba3963a0eca2669ad1a19066f.jpg,539516,1c53937ba3963a0eca2669ad1a19066f
IdeiaDesenho/drawing_base386..jpg,legacy/v1-bucket/a4/a4eb3a679cc4ae2f066d49b0a8a62fe4.jpg,592097,a4eb3a679cc4ae2f066d49b0a8a62fe4
IdeiaDesenho/drawing_base387..jpg,legacy/v1-bucket/d9/d90bc7612e9ccc3d26bbae4500eeedfa.jpg,397469,d90bc7612e9ccc3d26bbae4500eeedfa
IdeiaDesenho/drawing_base388..jpg,legacy/v1-bucket/97/97fa8e4abd8cdf68fbdf5ae7b1287657.jpg,588472,97fa8e4abd8cdf68fbdf5ae7b1287657
IdeiaDesenho/drawing_base389..jpg,legacy/v1-bucket/df/df596b70785dc2e412772904cf40662f.jpg,592309,df596b70785dc2e412772904cf40662f
IdeiaDesenho/drawing_base39..png,legacy/v1-bucket/63/6356faeea1b7508f997a95e13869c4d6.png,229129,6356faeea1b7508f997a95e13869c4d6
IdeiaDesenho/drawing_base390..jpg,legacy/v1-bucket/da/daf62169aa359e5cf8de7b3ec3d58f88.jpg,122459,daf62169aa359e5cf8de7b3ec3d58f88
IdeiaDesenho/drawing_base391..jpg,legacy/v1-bucket/94/94c5f5cf1812a25de4cf23d54c5dae20.jpg,709179,94c5f5cf1812a25de4cf23d54c5dae20
IdeiaDesenho/drawing_base392..jpg,legacy/v1-bucket/98/983276e25ae3bc0096c6bfa73947ca37.jpg,369457,983276e25ae3bc0096c6bfa73947ca37
IdeiaDesenho/drawing_base394..jpg,legacy/v1-bucket/69/691012e38068388fa971ddb56e17f131.jpg,497225,691012e38068388fa971ddb56e17f131
IdeiaDesenho/drawing_base395..jpg,legacy/v1-bucket/3f/3f450435e016a3bbb5ef686c37644ad0.jpg,141114,3f450435e016a3bbb5ef686c37644ad0
IdeiaDesenho/drawing_base396..jpg,legacy/v1-bucket/fa/fadba8f992d39604d5ef445d09738aec.jpg,354095,fadba8f992d39604d5ef445d09738aec
IdeiaDesenho/drawing_base397..jpg,legacy/v1-bucket/91/917772419067b863917dcea8e312901a.jpg,573267,917772419067b863917dcea8e312901a
IdeiaDesenho/drawing_base398..jpg,legacy/v1-bucket/1d/1d7c00a87614f5a71ace9582bc5b3729.jpg,669530,1d7c00a87614f5a71ace9582bc5b3729
IdeiaDesenho/drawing_base4..jpg,legacy/v1-bucket/84/84e642c65befc8fb44c154995f14d05d.jpg,28567,84e642c65befc8fb44c154995f14d05d
IdeiaDesenho/drawing_base40..png,legacy/v1-bucket/9f/9fa69930e838fc463ceb16a0499b98bf.png,30177,9fa69930e838fc463ceb16a0499b98bf
IdeiaDesenho/drawing_base400..jpg,legacy/v1-bucket/4b/4b8ec9e7df2ec3dedd435153fa9eb956.jpg,176200,4b8ec9e7df2ec3dedd435153fa9eb956
IdeiaDesenho/drawing_base401..jpg,legacy/v1-bucket/38/381bd6fbc489a7bb15d769cad406dc03.jpg,117056,381bd6fbc489a7bb15d769cad406dc03
IdeiaDesenho/drawing_base402..jpg,legacy/v1-bucket/ed/ed716e35deefbb71e0e1b8bafda87aa8.jpg,421699,ed716e35deefbb71e0e1b8bafda87aa8
IdeiaDesenho/drawing_base403..jpg,legacy/v1-bucket/bc/bc651c2fb1ad7097a7ebe52260cbb65a.jpg,645524,bc651c2fb1ad7097a7ebe52260cbb65a
IdeiaDesenho/drawing_base404..jpg,legacy/v1-bucket/9c/9c15b42301aaf99f0dc56edd109e6968.jpg,160390,9c15b42301aaf99f0dc56edd109e6968
IdeiaDesenho/drawing_base405..jpg,legacy/v1-bucket/58/588a778b6d8ea818dd7cb7289650a523.jpg,486284,588a778b6d8ea818dd7cb7289650a523
IdeiaDesenho/drawing_base406..jpg,legacy/v1-bucket/56/56fceaee55846c236d43b3bf4c0800ae.jpg,64089,56fceaee55846c236d43b3bf4c0800ae
IdeiaDesenho/drawing_base407..jpg,legacy/v1-bucket/88/88bf6d98af2ec62451a4e1acc5ba8a27.jpg,349415,88bf6d98af2ec62451a4e1acc5ba8a27
IdeiaDesenho/drawing_base408..jpg,legacy/v1-bucket/35/3577f646fe755cd916991b620584f868.jpg,505622,3577f646fe755cd916991b620584f868
IdeiaDesenho/drawing_base409..jpg,legacy/v1-bucket/da/da771221289b43a635e1f75ab75144b6.jpg,392254,da771221289b43a635e1f75ab75144b6
IdeiaDesenho/drawing_base41..jpg,legacy/v1-bucket/f7/f792c451f813c6c11e27b25c62a5ebdf.jpg,23279,f792c451f813c6c11e27b25c62a5ebdf
IdeiaDesenho/drawing_base410..jpg,legacy/v1-bucket/3d/3d8d2c7cbd549988c76e874cc7509c9c.jpg,157230,3d8d2c7cbd549988c76e874cc7509c9c
IdeiaDesenho/drawing_base411..jpg,legacy/v1-bucket/5d/5d8c4c29ffbf89b3cdc80dba7df0f5be.jpg,518037,5d8c4c29ffbf89b3cdc80dba7df0f5be
IdeiaDesenho/drawing_base412..jpg,legacy/v1-bucket/0d/0d9aee99f766c8378656d474b8ab5b9a.jpg,256924,0d9aee99f766c8378656d474b8ab5b9a
IdeiaDesenho/drawing_base413..jpg,legacy/v1-bucket/7a/7a70c2b42cf9347d166641fcb1bf9470.jpg,303755,7a70c2b42cf9347d166641fcb1bf9470
IdeiaDesenho/drawing_base414..jpg,legacy/v1-bucket/f1/f140e40470b6e9fb34e915eb0661859a.jpg,548158,f140e40470b6e9fb34e915eb0661859a
IdeiaDesenho/drawing_base415..jpg,legacy/v1-bucket/0b/0ba3e3f89fd817f10368d03710bbcd75.jpg,812883,0ba3e3f89fd817f10368d03710bbcd75
IdeiaDesenho/drawing_base416..jpg,legacy/v1-bucket/ee/ee1e8e4e7ae3591887dfedd6d6b7005e.jpg,634551,ee1e8e4e7ae3591887dfedd6d6b7005e
IdeiaDesenho/drawing_base417..jpg,legacy/v1-bucket/a2/a2c28ad74df3ca14fbc75504a88c5297.jpg,491967,a2c28ad74df3ca14fbc75504a88c5297
IdeiaDesenho/drawing_base418..jpg,legacy/v1-bucket/50/50ed962ee0a3c275773141241fefb010.jpg,104573,50ed962ee0a3c275773141241fefb010
IdeiaDesenho/drawing_base419..jpg,legacy/v1-bucket/e7/e71973d365dbd56617ee9ba1c4cc93b1.jpg,320638,e71973d365dbd56617ee9ba1c4cc93b1
IdeiaDesenho/drawing_base42..png,legacy/v1-bucket/8d/8d5423bb4714812950cef50306e5710a.png,42824,8d5423bb4714812950cef50306e5710a
IdeiaDesenho/drawing_base420..jpg,legacy/v1-bucket/73/73dcad401920173e37709df8a22c29d5.jpg,210692,73dcad401920173e37709df8a22c29d5
IdeiaDesenho/drawing_base421..jpg,legacy/v1-bucket/b1/b1e7bf6f95541e41013901253867ccf4.jpg,54341,b1e7bf6f95541e41013901253867ccf4
IdeiaDesenho/drawing_base422..jpg,legacy/v1-bucket/d6/d686fc72093f275d161e6e1400746d58.jpg,388772,d686fc72093f275d161e6e1400746d58
IdeiaDesenho/drawing_base423..jpg,legacy/v1-bucket/15/15c0e5baf6f483ffb083b7bac1d77408.jpg,300436,15c0e5baf6f483ffb083b7bac1d77408
IdeiaDesenho/drawing_base424..jpg,legacy/v1-bucket/bb/bb66a90ccaaed457b8857af86bf6cb8b.jpg,459397,bb66a90ccaaed457b8857af86bf6cb8b
IdeiaDesenho/drawing_base425..jpg,legacy/v1-bucket/00/00b6382f9648bf68a5d599e76f2cc7df.jpg,259926,00b6382f9648bf68a5d599e76f2cc7df
IdeiaDesenho/drawing_base426..jpg,legacy/v1-bucket/f7/f7f81ea792857375cc4653bf10276046.jpg,591174,f7f81ea792857375cc4653bf10276046
IdeiaDesenho/drawing_base427..jpg,legacy/v1-bucket/5a/5a4305a2b07b251696324bbb5ac977e7.jpg,304940,5a4305a2b07b251696324bbb5ac977e7
IdeiaDesenho/drawing_base428..jpg,legacy/v1-bucket/41/418197e738039ec949353a7a9adfa949.jpg,144346,418197e738039ec949353a7a9adfa949
IdeiaDesenho/drawing_base429..jpg,legacy/v1-bucket/c3/c3f4c9a3a6f60e95793266f29f80b0b2.jpg,878977,c3f4c9a3a6f60e95793266f29f80b0b2
IdeiaDesenho/drawing_base43..png,legacy/v1-bucket/bd/bd45812152b0623ecb01bd7d99c423d9.png,44352,bd45812152b0623ecb01bd7d99c423d9
IdeiaDesenho/drawing_base430..jpg,legacy/v1-bucket/78/786f833a919cd06db56761e9a69af215.jpg,143975,786f833a919cd06db56761e9a69af215
IdeiaDesenho/drawing_base431..jpg,legacy/v1-bucket/2e/2ea19fe3f87a0d23a208e278dff60838.jpg,464083,2ea19fe3f87a0d23a208e278dff60838
IdeiaDesenho/drawing_base432..jpg,legacy/v1-bucket/48/484b428b8379d0f71c9f005b8970c449.jpg,150163,484b428b8379d0f71c9f005b8970c449
IdeiaDesenho/drawing_base433..jpg,legacy/v1-bucket/dd/dd74aef5d24c3ad272ecbf34374c071a.jpg,645006,dd74aef5d24c3ad272ecbf34374c071a
IdeiaDesenho/drawing_base434..jpg,legacy/v1-bucket/0e/0ea68a2f41b7f3fd5e1d795852799379.jpg,381103,0ea68a2f41b7f3fd5e1d795852799379
IdeiaDesenho/drawing_base435..jpg,legacy/v1-bucket/76/766f76337f3ed4ffe883c9f9e7947e9c.jpg,254675,766f76337f3ed4ffe883c9f9e7947e9c
IdeiaDesenho/drawing_base436..jpg,legacy/v1-bucket/7d/7d59040ab9a14a6ad56f5f95876b4dab.jpg,608649,7d59040ab9a14a6ad56f5f95876b4dab
IdeiaDesenho/drawing_base437..jpg,legacy/v1-bucket/e9/e9a4b73cb3afd808f1bfb027482561cd.jpg,317625,e9a4b73cb3afd808f1bfb027482561cd
IdeiaDesenho/drawing_base438..jpg,legacy/v1-bucket/d5/d5b61d19feafbe47d7718eaa7c944a98.jpg,326216,d5b61d19feafbe47d7718eaa7c944a98
IdeiaDesenho/drawing_base439..jpg,legacy/v1-bucket/cf/cff66131fdc142cf56acaaf7b3fc28e1.jpg,443558,cff66131fdc142cf56acaaf7b3fc28e1
IdeiaDesenho/drawing_base44..png,legacy/v1-bucket/31/31c53b920cc421b879e86f7d523aeaab.png,188337,31c53b920cc421b879e86f7d523aeaab
IdeiaDesenho/drawing_base440..jpg,legacy/v1-bucket/d2/d26e317fd500080d42a378bef4d7cfc3.jpg,751553,d26e317fd500080d42a378bef4d7cfc3
IdeiaDesenho/drawing_base441..jpg,legacy/v1-bucket/f0/f00fa4335f6d2d36c0c3d28612b07d21.jpg,236272,f00fa4335f6d2d36c0c3d28612b07d21
IdeiaDesenho/drawing_base442..jpg,legacy/v1-bucket/68/6887188b4c211cd23731ad43a257f30d.jpg,515154,6887188b4c211cd23731ad43a257f30d
IdeiaDesenho/drawing_base443..jpg,legacy/v1-bucket/6b/6b19562b0922b350b3cb868fa5801e30.jpg,312333,6b19562b0922b350b3cb868fa5801e30
IdeiaDesenho/drawing_base444..jpg,legacy/v1-bucket/1b/1bdab69eed0115f0dea16401c1967c9e.jpg,249119,1bdab69eed0115f0dea16401c1967c9e
IdeiaDesenho/drawing_base445..jpg,legacy/v1-bucket/15/15b4c10f5c164d6af637eba9cfcb3f3e.jpg,286867,15b4c10f5c164d6af637eba9cfcb3f3e
IdeiaDesenho/drawing_base446..jpg,legacy/v1-bucket/f5/f53a86da32fd0296b405e2b57b41e05d.jpg,609491,f53a86da32fd0296b405e2b57b41e05d
IdeiaDesenho/drawing_base447..jpg,legacy/v1-bucket/24/245bc745de2aa15d2ba73beae7dd66d6.jpg,479551,245bc745de2aa15d2ba73beae7dd66d6
IdeiaDesenho/drawing_base448..jpg,legacy/v1-bucket/c0/c0a1809a2fb782a6df59bfe9d07d2cf6.jpg,195981,c0a1809a2fb782a6df59bfe9d07d2cf6
IdeiaDesenho/drawing_base449..jpg,legacy/v1-bucket/3e/3e5099e935514c6e3d359991ce78ad37.jpg,157092,3e5099e935514c6e3d359991ce78ad37
IdeiaDesenho/drawing_base45..jpg,legacy/v1-bucket/15/1575bdef465d542df9ab5e6f9d75ad97.jpg,30040,1575bdef465d542df9ab5e6f9d75ad97
IdeiaDesenho/drawing_base450..jpg,legacy/v1-bucket/54/54edf57050903ca139594c2c9956a953.jpg,79863,54edf57050903ca139594c2c9956a953
IdeiaDesenho/drawing_base451..jpg,legacy/v1-bucket/23/230c5dbc0bdbe9b06f23431549c0689d.jpg,160843,230c5dbc0bdbe9b06f23431549c0689d
IdeiaDesenho/drawing_base452..jpg,legacy/v1-bucket/55/550f9df3ed514934648d66db990f34fd.jpg,373161,550f9df3ed514934648d66db990f34fd
IdeiaDesenho/drawing_base453..jpg,legacy/v1-bucket/e2/e26c5ac6cb7d2c9d517a15144562f012.jpg,245698,e26c5ac6cb7d2c9d517a15144562f012
IdeiaDesenho/drawing_base454..jpg,legacy/v1-bucket/5e/5e0700ed08f864b6f06653b3c35599dc.jpg,151589,5e0700ed08f864b6f06653b3c35599dc
IdeiaDesenho/drawing_base455..jpg,legacy/v1-bucket/87/8777f9478119df87828f0b4e3e9e675c.jpg,448855,8777f9478119df87828f0b4e3e9e675c
IdeiaDesenho/drawing_base456..jpg,legacy/v1-bucket/9c/9ca181d0ce55318a61a95d529d0bf496.jpg,292256,9ca181d0ce55318a61a95d529d0bf496
IdeiaDesenho/drawing_base457..jpg,legacy/v1-bucket/b9/b98fdf3359ebbaf44571fa80ec35752b.jpg,385358,b98fdf3359ebbaf44571fa80ec35752b
IdeiaDesenho/drawing_base458..jpg,legacy/v1-bucket/5c/5cb067b4346fe3536ec23742a752956d.jpg,185033,5cb067b4346fe3536ec23742a752956d
IdeiaDesenho/drawing_base459..jpg,legacy/v1-bucket/00/0073a8aaa1253c69d2e6f6859dcde03e.jpg,304971,0073a8aaa1253c69d2e6f6859dcde03e
IdeiaDesenho/drawing_base46..png,legacy/v1-bucket/45/4562f0809ec234b57689c89d3d2c00ab.png,73278,4562f0809ec234b57689c89d3d2c00ab
IdeiaDesenho/drawing_base460..jpg,legacy/v1-bucket/5d/5dc8d643ee592f9e148c978229ca5e8f.jpg,485200,5dc8d643ee592f9e148c978229ca5e8f
IdeiaDesenho/drawing_base461..jpg,legacy/v1-bucket/af/af903819f48b6f068c36178480133045.jpg,274005,af903819f48b6f068c36178480133045
IdeiaDesenho/drawing_base462..jpg,legacy/v1-bucket/b3/b3614d4b562b0d3ea42459d0ebfb7c2c.jpg,224331,b3614d4b562b0d3ea42459d0ebfb7c2c
IdeiaDesenho/drawing_base463..jpg,legacy/v1-bucket/b3/b34c312218959f3d84c361c3edc15f4b.jpg,440113,b34c312218959f3d84c361c3edc15f4b
IdeiaDesenho/drawing_base464..jpg,legacy/v1-bucket/ac/acda483a025f29414d840e306da4e2fc.jpg,685301,acda483a025f29414d840e306da4e2fc
IdeiaDesenho/drawing_base465..jpg,legacy/v1-bucket/f6/f6a7475683f8c0f879f0f8af403a08a1.jpg,702497,f6a7475683f8c0f879f0f8af403a08a1
IdeiaDesenho/drawing_base466..jpg,legacy/v1-bucket/34/349261b696af3dd0c2808f06c400ccb8.jpg,360868,349261b696af3dd0c2808f06c400ccb8
IdeiaDesenho/drawing_base467..jpg,legacy/v1-bucket/97/9781e8808e4cc57ae90da5fe18a215f5.jpg,279322,9781e8808e4cc57ae90da5fe18a215f5
IdeiaDesenho/drawing_base468..jpg,legacy/v1-bucket/36/365e3af369f5dd70ca8d350ce82e646d.jpg,72445,365e3af369f5dd70ca8d350ce82e646d
IdeiaDesenho/drawing_base469..jpg,legacy/v1-bucket/b9/b9af5b7adc210d649310e2126fc51450.jpg,200910,b9af5b7adc210d649310e2126fc51450
IdeiaDesenho/drawing_base47..png,legacy/v1-bucket/19/199f92bfa5df217ac9143f9099d4ca10.png,92733,199f92bfa5df217ac9143f9099d4ca10
IdeiaDesenho/drawing_base470..jpg,legacy/v1-bucket/dd/ddb518336d48d5a378ffd7108fb74977.jpg,190404,ddb518336d48d5a378ffd7108fb74977
IdeiaDesenho/drawing_base471..jpg,legacy/v1-bucket/72/72f253ac332fa22383ed355115876544.jpg,194701,72f253ac332fa22383ed355115876544
IdeiaDesenho/drawing_base472..jpg,legacy/v1-bucket/44/44170c42afc325dfcab5cc20b7096479.jpg,324890,44170c42afc325dfcab5cc20b7096479
IdeiaDesenho/drawing_base473..jpg,legacy/v1-bucket/ea/ea49599aaf2bdd76bb004abc54efdd81.jpg,306592,ea49599aaf2bdd76bb004abc54efdd81
IdeiaDesenho/drawing_base474..jpg,legacy/v1-bucket/31/312f2847b0b08bfa75ddbd58e379e6d9.jpg,336761,312f2847b0b08bfa75ddbd58e379e6d9
IdeiaDesenho/drawing_base475..jpg,legacy/v1-bucket/23/235a681d46f622be5492164b50c0ddc0.jpg,280822,235a681d46f622be5492164b50c0ddc0
IdeiaDesenho/drawing_base476..jpg,legacy/v1-bucket/9c/9cd3a80980f5a4a8999bf82450594b1d.jpg,512818,9cd3a80980f5a4a8999bf82450594b1d
IdeiaDesenho/drawing_base477..jpg,legacy/v1-bucket/40/400a36ff7d887ad9a91d50a52240d9f7.jpg,560328,400a36ff7d887ad9a91d50a52240d9f7
IdeiaDesenho/drawing_base478..jpg,legacy/v1-bucket/c0/c057fd819014ae100b4fd1be7b2ff082.jpg,455579,c057fd819014ae100b4fd1be7b2ff082
IdeiaDesenho/drawing_base479..jpg,legacy/v1-bucket/f4/f46353a600ea477fe86ea876e50e43e0.jpg,503819,f46353a600ea477fe86ea876e50e43e0
IdeiaDesenho/drawing_base48..png,legacy/v1-bucket/30/30b2cac50aef903e780bfa8d6bebda3d.png,51014,30b2cac50aef903e780bfa8d6bebda3d
IdeiaDesenho/drawing_base480..jpg,legacy/v1-bucket/02/02edac826468e153fa935884529bcf56.jpg,201413,02edac826468e153fa935884529bcf56
IdeiaDesenho/drawing_base481..jpg,legacy/v1-bucket/78/78a104d6734f4660d01ebd00d8269809.jpg,508952,78a104d6734f4660d01ebd00d8269809
IdeiaDesenho/drawing_base482..jpg,legacy/v1-bucket/19/19e0d8a4664cb1b5349a0df3b336eb72.jpg,87756,19e0d8a4664cb1b5349a0df3b336eb72
IdeiaDesenho/drawing_base483..jpg,legacy/v1-bucket/96/965b7576ba8fbd6a28c0bc357747f765.jpg,299395,965b7576ba8fbd6a28c0bc357747f765
IdeiaDesenho/drawing_base484..jpg,legacy/v1-bucket/58/585e2e97095020a0f69135ef071b2839.jpg,42970,585e2e97095020a0f69135ef071b2839
IdeiaDesenho/drawing_base485..jpg,legacy/v1-bucket/78/78255d43a478f1ca170e5e9c1595e446.jpg,335831,78255d43a478f1ca170e5e9c1595e446
IdeiaDesenho/drawing_base486..jpg,legacy/v1-bucket/9d/9d9357064da2c26c53095cd7539cfd07.jpg,149892,9d9357064da2c26c53095cd7539cfd07
IdeiaDesenho/drawing_base487..jpg,legacy/v1-bucket/f4/f4b72e5a4a876ab45de40589f28440eb.jpg,171490,f4b72e5a4a876ab45de40589f28440eb
IdeiaDesenho/drawing_base488..jpg,legacy/v1-bucket/cf/cf8558c3a7cfe04da898dcf25635f2f2.jpg,237076,cf8558c3a7cfe04da898dcf25635f2f2
IdeiaDesenho/drawing_base489..jpg,legacy/v1-bucket/ae/ae2e6b2a7d4c2ff31d6787ac6420db28.jpg,511817,ae2e6b2a7d4c2ff31d6787ac6420db28
IdeiaDesenho/drawing_base49..png,legacy/v1-bucket/52/52ab9e91e62aa631df3acf65c77a74e7.png,124096,52ab9e91e62aa631df3acf65c77a74e7
IdeiaDesenho/drawing_base490..jpg,legacy/v1-bucket/19/1919dc6124b3cbc2cb87a4bffac7fc54.jpg,442404,1919dc6124b3cbc2cb87a4bffac7fc54
IdeiaDesenho/drawing_base491..jpg,legacy/v1-bucket/cd/cd02afeb510ef0706f2a2ec7c30ef894.jpg,359533,cd02afeb510ef0706f2a2ec7c30ef894
IdeiaDesenho/drawing_base492..jpg,legacy/v1-bucket/2b/2bd072d2c00424900abf3a280faa5b24.jpg,346489,2bd072d2c00424900abf3a280faa5b24
IdeiaDesenho/drawing_base493..jpg,legacy/v1-bucket/3a/3ae03b214a45dae32a11ef53f85379fe.jpg,93462,3ae03b214a45dae32a11ef53f85379fe
IdeiaDesenho/drawing_base494..jpg,legacy/v1-bucket/82/828196e29757d2707d555992cd8f005e.jpg,129488,828196e29757d2707d555992cd8f005e
IdeiaDesenho/drawing_base495..jpg,legacy/v1-bucket/a5/a5966005ae84e59603181ca598911540.jpg,470778,a5966005ae84e59603181ca598911540
IdeiaDesenho/drawing_base496..jpg,legacy/v1-bucket/98/98836dde315edfd4c3caee02cccd0658.jpg,548725,98836dde315edfd4c3caee02cccd0658
IdeiaDesenho/drawing_base497..jpg,legacy/v1-bucket/f3/f3702850e01e9855a1834e0369431d9c.jpg,198627,f3702850e01e9855a1834e0369431d9c
IdeiaDesenho/drawing_base498..jpg,legacy/v1-bucket/c8/c806c7d869dc28a4f79cd1431bd8b03b.jpg,355743,c806c7d869dc28a4f79cd1431bd8b03b
IdeiaDesenho/drawing_base499..jpg,legacy/v1-bucket/e6/e6656e1bc302d5306d4a9e437c6763b2.jpg,371279,e6656e1bc302d5306d4a9e437c6763b2
IdeiaDesenho/drawing_base5..png,legacy/v1-bucket/79/790d92ecceddc98f16074e0224966d1a.png,269151,790d92ecceddc98f16074e0224966d1a
IdeiaDesenho/drawing_base50..png,legacy/v1-bucket/15/15d2fbd6558d4ae9478f07fc2648e649.png,35908,15d2fbd6558d4ae9478f07fc2648e649
IdeiaDesenho/drawing_base500..jpg,legacy/v1-bucket/40/408d07e733c52f42c7e31c00c1c0208f.jpg,242832,408d07e733c52f42c7e31c00c1c0208f
IdeiaDesenho/drawing_base501..jpg,legacy/v1-bucket/59/599c7071abe30de8c8b218601a870691.jpg,165700,599c7071abe30de8c8b218601a870691
IdeiaDesenho/drawing_base502..jpg,legacy/v1-bucket/a6/a651b2276782d3409df5c299eb9b4eaa.jpg,148261,a651b2276782d3409df5c299eb9b4eaa
IdeiaDesenho/drawing_base503..jpg,legacy/v1-bucket/c0/c0a7f66e9bb64b9ad0f4f0fa2796e565.jpg,172839,c0a7f66e9bb64b9ad0f4f0fa2796e565
IdeiaDesenho/drawing_base504..jpg,legacy/v1-bucket/a2/a21fe9fb162dae257edf36d9302d3984.jpg,281457,a21fe9fb162dae257edf36d9302d3984
IdeiaDesenho/drawing_base505..jpg,legacy/v1-bucket/7d/7d8aeae15c31afc0378df035c04cef97.jpg,549825,7d8aeae15c31afc0378df035c04cef97
IdeiaDesenho/drawing_base506..jpg,legacy/v1-bucket/e4/e44bb00034bf835bf57586fb76bec30a.jpg,501800,e44bb00034bf835bf57586fb76bec30a
IdeiaDesenho/drawing_base507..jpg,legacy/v1-bucket/c5/c514690d85292ebf5c945cacdf83ad72.jpg,719863,c514690d85292ebf5c945cacdf83ad72
IdeiaDesenho/drawing_base508..jpg,legacy/v1-bucket/1f/1fc655be8fc8c8b1629ac47e213e2d07.jpg,394777,1fc655be8fc8c8b1629ac47e213e2d07
IdeiaDesenho/drawing_base509..jpg,legacy/v1-bucket/d4/d49eeb722720135a497870bc831e3fde.jpg,134153,d49eeb722720135a497870bc831e3fde
IdeiaDesenho/drawing_base51..png,legacy/v1-bucket/c7/c7dd2cbf22787cf78107eb68a454bb90.png,87692,c7dd2cbf22787cf78107eb68a454bb90
IdeiaDesenho/drawing_base510..jpg,legacy/v1-bucket/ff/ff4814e5e9e95ce68355ddd5964e1c2d.jpg,358790,ff4814e5e9e95ce68355ddd5964e1c2d
IdeiaDesenho/drawing_base511..jpg,legacy/v1-bucket/59/59e45525324541fea62cdea105648d7d.jpg,530715,59e45525324541fea62cdea105648d7d
IdeiaDesenho/drawing_base512..jpg,legacy/v1-bucket/68/682308c85b15e1910ca77d646b03c663.jpg,387183,682308c85b15e1910ca77d646b03c663
IdeiaDesenho/drawing_base513..jpg,legacy/v1-bucket/57/577e0261243c2d907d4895f515882dda.jpg,340655,577e0261243c2d907d4895f515882dda
IdeiaDesenho/drawing_base514..jpg,legacy/v1-bucket/2d/2d918e32613019ace0e26fa6cbcfccbb.jpg,412471,2d918e32613019ace0e26fa6cbcfccbb
IdeiaDesenho/drawing_base515..jpg,legacy/v1-bucket/9d/9d141a4aa0510de6827e13d91121ad0f.jpg,243306,9d141a4aa0510de6827e13d91121ad0f
IdeiaDesenho/drawing_base516..jpg,legacy/v1-bucket/c6/c6b9eded9e6b48258b5dd7838d58b21b.jpg,274631,c6b9eded9e6b48258b5dd7838d58b21b
IdeiaDesenho/drawing_base517..jpg,legacy/v1-bucket/53/5316708879c05f4b73fe38b3173c37f0.jpg,333082,5316708879c05f4b73fe38b3173c37f0
IdeiaDesenho/drawing_base518..jpg,legacy/v1-bucket/54/541d4ddf5cabe7a455d317718b76d0a2.jpg,324027,541d4ddf5cabe7a455d317718b76d0a2
IdeiaDesenho/drawing_base519..jpg,legacy/v1-bucket/ad/ad80b6b049a38ff5d326ae936df13ee6.jpg,402412,ad80b6b049a38ff5d326ae936df13ee6
IdeiaDesenho/drawing_base52..png,legacy/v1-bucket/45/4554b1ef4d82cac058c5c0f848ef76be.png,80767,4554b1ef4d82cac058c5c0f848ef76be
IdeiaDesenho/drawing_base520..jpg,legacy/v1-bucket/95/954f38937dc96d523181ee6e95321456.jpg,441467,954f38937dc96d523181ee6e95321456
IdeiaDesenho/drawing_base521..jpg,legacy/v1-bucket/c2/c27f1ed0105c1c6b454da2cfd0a6ca8f.jpg,286325,c27f1ed0105c1c6b454da2cfd0a6ca8f
IdeiaDesenho/drawing_base522..jpg,legacy/v1-bucket/23/235b5aa422e34c535dd6fe0068a31480.jpg,105206,235b5aa422e34c535dd6fe0068a31480
IdeiaDesenho/drawing_base523..jpg,legacy/v1-bucket/6c/6c3ae7f7879737a6f1470107c02f4ea4.jpg,339842,6c3ae7f7879737a6f1470107c02f4ea4
IdeiaDesenho/drawing_base524..jpg,legacy/v1-bucket/c3/c371704bd71f3b835c0cfa1c0aecbf2a.jpg,269634,c371704bd71f3b835c0cfa1c0aecbf2a
IdeiaDesenho/drawing_base525..jpg,legacy/v1-bucket/82/8295e3949dd54b671df5180aa93e831f.jpg,624049,8295e3949dd54b671df5180aa93e831f
IdeiaDesenho/drawing_base526..jpg,legacy/v1-bucket/67/6708940fae8ba6af09ca4c488c117032.jpg,210384,6708940fae8ba6af09ca4c488c117032
IdeiaDesenho/drawing_base527..jpg,legacy/v1-bucket/48/48b9d4ee024d8879e50cf4de53351d41.jpg,190154,48b9d4ee024d8879e50cf4de53351d41
IdeiaDesenho/drawing_base528..jpg,legacy/v1-bucket/b7/b7a850e2288c510c253563c13f781c0f.jpg,299549,b7a850e2288c510c253563c13f781c0f
IdeiaDesenho/drawing_base529..jpg,legacy/v1-bucket/c0/c0c6277e13b4e34437418d6ba4e58ce8.jpg,292355,c0c6277e13b4e34437418d6ba4e58ce8
IdeiaDesenho/drawing_base53..jpg,legacy/v1-bucket/89/89f5829b0ab7ae188f17c97be5fb4b1f.jpg,21163,89f5829b0ab7ae188f17c97be5fb4b1f
IdeiaDesenho/drawing_base530..jpg,legacy/v1-bucket/40/40bb513b7710861566c46d45c782db1a.jpg,220432,40bb513b7710861566c46d45c782db1a
IdeiaDesenho/drawing_base531..jpg,legacy/v1-bucket/84/8452569da60bcb235d96c7bf23ef857a.jpg,498148,8452569da60bcb235d96c7bf23ef857a
IdeiaDesenho/drawing_base532..jpg,legacy/v1-bucket/ae/aecb66e26eb4da1c3d30221917fd748b.jpg,180904,aecb66e26eb4da1c3d30221917fd748b
IdeiaDesenho/drawing_base533..jpg,legacy/v1-bucket/7a/7a808b01f6dfbbde56944f6ee3cd8290.jpg,526991,7a808b01f6dfbbde56944f6ee3cd8290
IdeiaDesenho/drawing_base534..jpg,legacy/v1-bucket/2b/2b1d7d653ee9b86544d9cee342bef2db.jpg,144714,2b1d7d653ee9b86544d9cee342bef2db
IdeiaDesenho/drawing_base535..jpg,legacy/v1-bucket/3c/3c22da974f575ba649ad07c73bd38e95.jpg,261289,3c22da974f575ba649ad07c73bd38e95
IdeiaDesenho/drawing_base536..jpg,legacy/v1-bucket/34/348d78570f101a8075d92d003226c2e8.jpg,111283,348d78570f101a8075d92d003226c2e8
IdeiaDesenho/drawing_base537..jpg,legacy/v1-bucket/07/07cdbb866f483a21fea31c63810ee68b.jpg,248948,07cdbb866f483a21fea31c63810ee68b
IdeiaDesenho/drawing_base538..jpg,legacy/v1-bucket/ca/ca360762063960c22cdd29abed7ac93f.jpg,761807,ca360762063960c22cdd29abed7ac93f
IdeiaDesenho/drawing_base539..jpg,legacy/v1-bucket/33/331020a90e0e2e569a69911b6fc19f42.jpg,585586,331020a90e0e2e569a69911b6fc19f42
IdeiaDesenho/drawing_base54..jpg,legacy/v1-bucket/93/93a1c00121ddd66c498f2a0acdc2d686.jpg,445125,93a1c00121ddd66c498f2a0acdc2d686
IdeiaDesenho/drawing_base540..jpg,legacy/v1-bucket/1c/1ca6599d31060c7bf213691c8acbd3ae.jpg,298236,1ca6599d31060c7bf213691c8acbd3ae
IdeiaDesenho/drawing_base541..jpg,legacy/v1-bucket/48/4804abcedc9932765ad8157b60bf07e6.jpg,496912,4804abcedc9932765ad8157b60bf07e6
IdeiaDesenho/drawing_base542..jpg,legacy/v1-bucket/b9/b95bd00f5f82948b457b17bb6a44ece7.jpg,237633,b95bd00f5f82948b457b17bb6a44ece7
IdeiaDesenho/drawing_base543..jpg,legacy/v1-bucket/93/9352b1a0f219138e84d8d4e7b909ce51.jpg,355054,9352b1a0f219138e84d8d4e7b909ce51
IdeiaDesenho/drawing_base544..jpg,legacy/v1-bucket/47/476ed523773db48d48832f4dd2cd570e.jpg,359986,476ed523773db48d48832f4dd2cd570e
IdeiaDesenho/drawing_base545..jpg,legacy/v1-bucket/6a/6a9661a62bbda7b7ecc7ba6af967ac10.jpg,293379,6a9661a62bbda7b7ecc7ba6af967ac10
IdeiaDesenho/drawing_base546..jpg,legacy/v1-bucket/53/538dd69e5538ff6883e95a0c0be63e65.jpg,472713,538dd69e5538ff6883e95a0c0be63e65
IdeiaDesenho/drawing_base547..jpg,legacy/v1-bucket/77/77f71237323f9a17d8255fad0a71db10.jpg,218517,77f71237323f9a17d8255fad0a71db10
IdeiaDesenho/drawing_base548..jpg,legacy/v1-bucket/84/8429fcbeaf560653661c3ef8643730f4.jpg,252262,8429fcbeaf560653661c3ef8643730f4
IdeiaDesenho/drawing_base549..jpg,legacy/v1-bucket/4a/4a95607c0d3bd3d83567b8aeefd766fa.jpg,324751,4a95607c0d3bd3d83567b8aeefd766fa
IdeiaDesenho/drawing_base55..jpg,legacy/v1-bucket/83/8340a5d64d90fe75c9080ba21f50e5c1.jpg,9002,8340a5d64d90fe75c9080ba21f50e5c1
IdeiaDesenho/drawing_base550..jpg,legacy/v1-bucket/32/3263a4462c24b6ad301559ecccbbd168.jpg,276667,3263a4462c24b6ad301559ecccbbd168
IdeiaDesenho/drawing_base551..jpg,legacy/v1-bucket/8d/8dd27b9294d9f1946c39909f86e8c38d.jpg,370931,8dd27b9294d9f1946c39909f86e8c38d
IdeiaDesenho/drawing_base552..jpg,legacy/v1-bucket/d3/d3b18faedd25ba926fa771a66ed87965.jpg,512999,d3b18faedd25ba926fa771a66ed87965
IdeiaDesenho/drawing_base553..jpg,legacy/v1-bucket/b5/b5dc805ae97ba5721f2a227ac8c74d22.jpg,258757,b5dc805ae97ba5721f2a227ac8c74d22
IdeiaDesenho/drawing_base554..jpg,legacy/v1-bucket/2e/2e8b39f47646aad748954b2de7f0d9ec.jpg,627801,2e8b39f47646aad748954b2de7f0d9ec
IdeiaDesenho/drawing_base555..jpg,legacy/v1-bucket/8e/8e2987ef7630898b918205f9e50075e6.jpg,300816,8e2987ef7630898b918205f9e50075e6
IdeiaDesenho/drawing_base556..jpg,legacy/v1-bucket/83/8343d348537e1816a788e75e7c4c2688.jpg,261434,8343d348537e1816a788e75e7c4c2688
IdeiaDesenho/drawing_base557..jpg,legacy/v1-bucket/ab/ab6b0ec412622bbfb0a5e46167c4ac2a.jpg,599571,ab6b0ec412622bbfb0a5e46167c4ac2a
IdeiaDesenho/drawing_base558..jpg,legacy/v1-bucket/da/da5bd661a321d33a8932f1dd1b61b7ee.jpg,349262,da5bd661a321d33a8932f1dd1b61b7ee
IdeiaDesenho/drawing_base559..jpg,legacy/v1-bucket/03/03fe70e225e92320601792db07def2dc.jpg,506192,03fe70e225e92320601792db07def2dc
IdeiaDesenho/drawing_base56..jpg,legacy/v1-bucket/d5/d5939945fbb6d79430d6397becc2f781.jpg,54829,d5939945fbb6d79430d6397becc2f781
IdeiaDesenho/drawing_base560..jpg,legacy/v1-bucket/c3/c3d89979eb2915db28894dac389938b1.jpg,290732,c3d89979eb2915db28894dac389938b1
IdeiaDesenho/drawing_base561..jpg,legacy/v1-bucket/64/6455eae8584cb41398e73e03894fea85.jpg,144156,6455eae8584cb41398e73e03894fea85
IdeiaDesenho/drawing_base562..jpg,legacy/v1-bucket/6c/6c3a2b5ca8d60abfa429e7d9ad2f9ec1.jpg,532167,6c3a2b5ca8d60abfa429e7d9ad2f9ec1
IdeiaDesenho/drawing_base563..jpg,legacy/v1-bucket/87/872e7bce8c17fd988d16828099b337a5.jpg,457698,872e7bce8c17fd988d16828099b337a5
IdeiaDesenho/drawing_base564..jpg,legacy/v1-bucket/c3/c3cfff79995ba47b5c14001108abe728.jpg,167128,c3cfff79995ba47b5c14001108abe728
IdeiaDesenho/drawing_base565..jpg,legacy/v1-bucket/1a/1aa903cbf8b0a49cfc3659b0befefa9e.jpg,368372,1aa903cbf8b0a49cfc3659b0befefa9e
IdeiaDesenho/drawing_base566..jpg,legacy/v1-bucket/29/29d1b1b91ba8623838f3c5b09da35eee.jpg,481818,29d1b1b91ba8623838f3c5b09da35eee
IdeiaDesenho/drawing_base567..jpg,legacy/v1-bucket/bc/bcc4044c26c27be95391ec0bbdb1a9ad.jpg,216621,bcc4044c26c27be95391ec0bbdb1a9ad
IdeiaDesenho/drawing_base568..jpg,legacy/v1-bucket/c3/c390cadd2c6ee3ee56db7ea65550fcb9.jpg,47115,c390cadd2c6ee3ee56db7ea65550fcb9
IdeiaDesenho/drawing_base569..jpg,legacy/v1-bucket/71/71dec57ac8a9c298837e0b8e1935f0a0.jpg,399095,71dec57ac8a9c298837e0b8e1935f0a0
IdeiaDesenho/drawing_base570..jpg,legacy/v1-bucket/86/86e070e10535b8cb5aae124a5f02f34e.jpg,66264,86e070e10535b8cb5aae124a5f02f34e
IdeiaDesenho/drawing_base571..jpg,legacy/v1-bucket/9a/9a81c32207c58d6a6165fee6068b5920.jpg,418948,9a81c32207c58d6a6165fee6068b5920
IdeiaDesenho/drawing_base572..jpg,legacy/v1-bucket/74/74b4befd087020d62812702179b5f99b.jpg,574012,74b4befd087020d62812702179b5f99b
IdeiaDesenho/drawing_base573..jpg,legacy/v1-bucket/0d/0d71508f2e3ee2e3dde46b082da5b46e.jpg,294967,0d71508f2e3ee2e3dde46b082da5b46e
IdeiaDesenho/drawing_base574..jpg,legacy/v1-bucket/cb/cb5e98d74b5e91c0dbb8080e9b2b6813.jpg,122180,cb5e98d74b5e91c0dbb8080e9b2b6813
IdeiaDesenho/drawing_base575..jpg,legacy/v1-bucket/67/67c421fc5a9b8f735d4e5d1b93dd97ae.jpg,138919,67c421fc5a9b8f735d4e5d1b93dd97ae
IdeiaDesenho/drawing_base576..jpg,legacy/v1-bucket/91/9156bbdfcabffab161ac08e44b7b45ca.jpg,231592,9156bbdfcabffab161ac08e44b7b45ca
IdeiaDesenho/drawing_base577..jpg,legacy/v1-bucket/54/5471d46c70c4e6e25365a83388fb8898.jpg,650952,5471d46c70c4e6e25365a83388fb8898
IdeiaDesenho/drawing_base578..jpg,legacy/v1-bucket/11/115d33ff00685042619a1043af81b9ac.jpg,273212,115d33ff00685042619a1043af81b9ac
IdeiaDesenho/drawing_base579..jpg,legacy/v1-bucket/8e/8e7f333ac33c0ef136034789cd35ec35.jpg,390498,8e7f333ac33c0ef136034789cd35ec35
IdeiaDesenho/drawing_base58..gif,legacy/v1-bucket/8d/8d8ca8e1a1ffe2d59f3e0f27b024f824.gif,14989,8d8ca8e1a1ffe2d59f3e0f27b024f824
IdeiaDesenho/drawing_base580..jpg,legacy/v1-bucket/5d/5de156a4c8dc5b60d2a2b10ea9daa82b.jpg,55225,5de156a4c8dc5b60d2a2b10ea9daa82b
IdeiaDesenho/drawing_base581..jpg,legacy/v1-bucket/95/9547234952656ecc703f4b30e184aee6.jpg,281333,9547234952656ecc703f4b30e184aee6
IdeiaDesenho/drawing_base582..jpg,legacy/v1-bucket/33/33b7852ee2358d6bb38ab5859f1a0437.jpg,492610,33b7852ee2358d6bb38ab5859f1a0437
IdeiaDesenho/drawing_base583..jpg,legacy/v1-bucket/04/0491c97c3165e6e766eceeda30c8690d.jpg,300520,0491c97c3165e6e766eceeda30c8690d
IdeiaDesenho/drawing_base584..jpg,legacy/v1-bucket/f3/f36c942b14b1e83d280881353566f3ce.jpg,321800,f36c942b14b1e83d280881353566f3ce
IdeiaDesenho/drawing_base585..jpg,legacy/v1-bucket/43/431189a19cad5810c32ad7c001b96aff.jpg,409886,431189a19cad5810c32ad7c001b96aff
IdeiaDesenho/drawing_base586..jpg,legacy/v1-bucket/39/39b5d42284fb70616d3ec45e00e65387.jpg,403290,39b5d42284fb70616d3ec45e00e65387
IdeiaDesenho/drawing_base587..jpg,legacy/v1-bucket/e9/e9c1865eaaa971ba3606f8cd838d3ab3.jpg,178622,e9c1865eaaa971ba3606f8cd838d3ab3
IdeiaDesenho/drawing_base588..jpg,legacy/v1-bucket/d0/d02993b0a806f406a8073ed5a308a9e0.jpg,389891,d02993b0a806f406a8073ed5a308a9e0
IdeiaDesenho/drawing_base589..jpg,legacy/v1-bucket/d1/d1fa87a2206d19ee09e1f7057e15e77b.jpg,366363,d1fa87a2206d19ee09e1f7057e15e77b
IdeiaDesenho/drawing_base59..jpg,legacy/v1-bucket/15/15f28aa339f84206c1256efe064210a0.jpg,55465,15f28aa339f84206c1256efe064210a0
IdeiaDesenho/drawing_base590..jpg,legacy/v1-bucket/9d/9d2d447d7cdd14535447d1714be4e890.jpg,364781,9d2d447d7cdd14535447d1714be4e890
IdeiaDesenho/drawing_base591..jpg,legacy/v1-bucket/a8/a88263c119cbf2b0aa57dfff440ce41d.jpg,215973,a88263c119cbf2b0aa57dfff440ce41d
IdeiaDesenho/drawing_base592..jpg,legacy/v1-bucket/b8/b8b30b6e9344d8f7fd26c20f2ec28aba.jpg,970733,b8b30b6e9344d8f7fd26c20f2ec28aba
IdeiaDesenho/drawing_base593..jpg,legacy/v1-bucket/0f/0f6521f70476259bb9c421c479c46eb5.jpg,178439,0f6521f70476259bb9c421c479c46eb5
IdeiaDesenho/drawing_base594..jpg,legacy/v1-bucket/03/03dc1e46ef5192ef4db54e514be6c2b6.jpg,531686,03dc1e46ef5192ef4db54e514be6c2b6
IdeiaDesenho/drawing_base595..jpg,legacy/v1-bucket/a2/a2a55f2e58efd704adbd7a22768a7fe1.jpg,563091,a2a55f2e58efd704adbd7a22768a7fe1
IdeiaDesenho/drawing_base596..jpg,legacy/v1-bucket/95/95946ce1c8b8fa292973fc9c1ba9e5c0.jpg,328312,95946ce1c8b8fa292973fc9c1ba9e5c0
IdeiaDesenho/drawing_base597..jpg,legacy/v1-bucket/c6/c678c39bbe25ac9f3d4b8030b870ef59.jpg,116552,c678c39bbe25ac9f3d4b8030b870ef59
IdeiaDesenho/drawing_base598..jpg,legacy/v1-bucket/c8/c8cbc16bb02fef3d3c07688a8ccde97d.jpg,327937,c8cbc16bb02fef3d3c07688a8ccde97d
IdeiaDesenho/drawing_base599..jpg,legacy/v1-bucket/fa/fa5a058d3c66f23e988621e614d6fdfa.jpg,866744,fa5a058d3c66f23e988621e614d6fdfa
IdeiaDesenho/drawing_base6..png,legacy/v1-bucket/16/16f1fb85e78e068e3f1d8edeaef2ad35.png,515605,16f1fb85e78e068e3f1d8edeaef2ad35
IdeiaDesenho/drawing_base600..jpg,legacy/v1-bucket/d0/d0508d440a0071a7db2534d6e233b591.jpg,319091,d0508d440a0071a7db2534d6e233b591
IdeiaDesenho/drawing_base601..jpg,legacy/v1-bucket/65/657c80676a55f9a9bd8fede94a2aa3f5.jpg,405615,657c80676a55f9a9bd8fede94a2aa3f5
IdeiaDesenho/drawing_base602..jpg,legacy/v1-bucket/4e/4e3dc38de8ccb82c131d28e1d6696c7d.jpg,151171,4e3dc38de8ccb82c131d28e1d6696c7d
IdeiaDesenho/drawing_base603..jpg,legacy/v1-bucket/b2/b20ed992a5d67a42d1e6c14c1f0e5361.jpg,282070,b20ed992a5d67a42d1e6c14c1f0e5361
IdeiaDesenho/drawing_base604..jpg,legacy/v1-bucket/14/14c70fdcfbf184d1dd9225a0f93d9234.jpg,109268,14c70fdcfbf184d1dd9225a0f93d9234
IdeiaDesenho/drawing_base605..jpg,legacy/v1-bucket/eb/eb80dec79cf4892859e97d9efd293589.jpg,532089,eb80dec79cf4892859e97d9efd293589
IdeiaDesenho/drawing_base606..jpg,legacy/v1-bucket/17/1711b2aaa24ce0af3028b5f6c98ad530.jpg,480372,1711b2aaa24ce0af3028b5f6c98ad530
IdeiaDesenho/drawing_base607..jpg,legacy/v1-bucket/35/35b40d424e4a7de4479e1c3e86c6c627.jpg,565399,35b40d424e4a7de4479e1c3e86c6c627
IdeiaDesenho/drawing_base608..jpg,legacy/v1-bucket/ce/ce8bb54e94344e13f8581dca49bb47b4.jpg,206180,ce8bb54e94344e13f8581dca49bb47b4
IdeiaDesenho/drawing_base609..jpg,legacy/v1-bucket/84/84b5c3a224e0f18e673ea623724506ec.jpg,185686,84b5c3a224e0f18e673ea623724506ec
IdeiaDesenho/drawing_base61..jpg,legacy/v1-bucket/a0/a057d655cb76dd41c10d6319c23c3c11.jpg,51331,a057d655cb76dd41c10d6319c23c3c11
IdeiaDesenho/drawing_base610..jpg,legacy/v1-bucket/e5/e51986a7d608f55869088541b10d4e86.jpg,374997,e51986a7d608f55869088541b10d4e86
IdeiaDesenho/drawing_base611..jpg,legacy/v1-bucket/c6/c61f958b0a07c70fe12833ea141937a5.jpg,282937,c61f958b0a07c70fe12833ea141937a5
IdeiaDesenho/drawing_base612..jpg,legacy/v1-bucket/27/27c05869023149fed5e4c5c0fffc9733.jpg,283113,27c05869023149fed5e4c5c0fffc9733
IdeiaDesenho/drawing_base613..jpg,legacy/v1-bucket/c3/c3e752cd9845881156d98965aab4bbb8.jpg,408410,c3e752cd9845881156d98965aab4bbb8
IdeiaDesenho/drawing_base614..jpg,legacy/v1-bucket/19/1963dc054f4478643d2721836c34c584.jpg,395592,1963dc054f4478643d2721836c34c584
IdeiaDesenho/drawing_base615..jpg,legacy/v1-bucket/66/66c7d093576fd0746590c8d6b1b12f58.jpg,227505,66c7d093576fd0746590c8d6b1b12f58
IdeiaDesenho/drawing_base616..jpg,legacy/v1-bucket/c8/c847f57b15d742e23894cb269405a4d6.jpg,232179,c847f57b15d742e23894cb269405a4d6
IdeiaDesenho/drawing_base617..jpg,legacy/v1-bucket/15/15a6192e1577cecd70f46cb0b0e19182.jpg,344132,15a6192e1577cecd70f46cb0b0e19182
IdeiaDesenho/drawing_base618..jpg,legacy/v1-bucket/b8/b842797433ba6e654b9fe3fedb36618f.jpg,427525,b842797433ba6e654b9fe3fedb36618f
IdeiaDesenho/drawing_base619..jpg,legacy/v1-bucket/23/23ad218c720be3fd1b1944ba16d2244a.jpg,359776,23ad218c720be3fd1b1944ba16d2244a
IdeiaDesenho/drawing_base62..jpg,legacy/v1-bucket/ae/aee3e7dd5732591078e65bc7b55eacf4.jpg,48793,aee3e7dd5732591078e65bc7b55eacf4
IdeiaDesenho/drawing_base621..jpg,legacy/v1-bucket/d2/d2698b8d744267042b12b6dccee37de1.jpg,97335,d2698b8d744267042b12b6dccee37de1
IdeiaDesenho/drawing_base622..jpg,legacy/v1-bucket/c9/c9ffdbe6281597b283826ef88138484b.jpg,146030,c9ffdbe6281597b283826ef88138484b
IdeiaDesenho/drawing_base623..png,legacy/v1-bucket/94/94c14ef07f67892625ce3447e83061f3.png,676270,94c14ef07f67892625ce3447e83061f3
IdeiaDesenho/drawing_base624..jpg,legacy/v1-bucket/15/15bb3d98d057da69f309b42eb1e08442.jpg,42406,15bb3d98d057da69f309b42eb1e08442
IdeiaDesenho/drawing_base625..png,legacy/v1-bucket/7e/7e7894335ee2db0c11c25bf5f53648d1.png,35414,7e7894335ee2db0c11c25bf5f53648d1
IdeiaDesenho/drawing_base626..png,legacy/v1-bucket/cb/cb35d01ce6f6b41c9fb8a2b004890d1d.png,24824,cb35d01ce6f6b41c9fb8a2b004890d1d
IdeiaDesenho/drawing_base627..png,legacy/v1-bucket/e7/e76debba0f1b5fd1e50ef1b1c0b56418.png,13908,e76debba0f1b5fd1e50ef1b1c0b56418
IdeiaDesenho/drawing_base628..png,legacy/v1-bucket/70/7088be9dd21b31f1b72f7d6cec2fc75f.png,28081,7088be9dd21b31f1b72f7d6cec2fc75f
IdeiaDesenho/drawing_base629..png,legacy/v1-bucket/4e/4ebf33139eb2fb335ce4cae14589c14a.png,27583,4ebf33139eb2fb335ce4cae14589c14a
IdeiaDesenho/drawing_base63..jpg,legacy/v1-bucket/d1/d1e0370d8408cd026fbae9228a1e777c.jpg,82209,d1e0370d8408cd026fbae9228a1e777c
IdeiaDesenho/drawing_base630..png,legacy/v1-bucket/d7/d72ac25d8fd0f59e94e83fd19184e11d.png,116763,d72ac25d8fd0f59e94e83fd19184e11d
IdeiaDesenho/drawing_base631..png,legacy/v1-bucket/28/281ff7ed39bcd5ea2d3002c6008e194e.png,323953,281ff7ed39bcd5ea2d3002c6008e194e
IdeiaDesenho/drawing_base632..png,legacy/v1-bucket/43/43a809ab80d14e8eb83ad0c8c055204d.png,293369,43a809ab80d14e8eb83ad0c8c055204d
IdeiaDesenho/drawing_base633..png,legacy/v1-bucket/69/691b830d9f007411ae234c2840a4fd0e.png,251551,691b830d9f007411ae234c2840a4fd0e
IdeiaDesenho/drawing_base634..png,legacy/v1-bucket/b4/b4cadd79d9fe8412da38f61eaacc7b11.png,161072,b4cadd79d9fe8412da38f61eaacc7b11
IdeiaDesenho/drawing_base64..png,legacy/v1-bucket/8d/8dd897c6b6d24fd79c77c55d4b4b82c3.png,118054,8dd897c6b6d24fd79c77c55d4b4b82c3
IdeiaDesenho/drawing_base65..jpg,legacy/v1-bucket/5e/5eafa8d56d1e2a82869a66eaa90247ee.jpg,48501,5eafa8d56d1e2a82869a66eaa90247ee
IdeiaDesenho/drawing_base66..jpg,legacy/v1-bucket/0a/0ab8643c07deebde1a7716a97922a2fa.jpg,48091,0ab8643c07deebde1a7716a97922a2fa
IdeiaDesenho/drawing_base67..png,legacy/v1-bucket/b3/b31b1701ba3859137fee0fb530cddc26.png,6301,b31b1701ba3859137fee0fb530cddc26
IdeiaDesenho/drawing_base68..jpg,legacy/v1-bucket/da/da0ad985f386f228342c77c8f458682d.jpg,41274,da0ad985f386f228342c77c8f458682d
IdeiaDesenho/drawing_base69..png,legacy/v1-bucket/f1/f18c254fd7ee7a2bb470dfbef1850e7f.png,125853,f18c254fd7ee7a2bb470dfbef1850e7f
IdeiaDesenho/drawing_base7..png,legacy/v1-bucket/d6/d661e591580ae0fc034ea7acc27c4cd3.png,191823,d661e591580ae0fc034ea7acc27c4cd3
IdeiaDesenho/drawing_base70..jpg,legacy/v1-bucket/3a/3ac396a7ee3fb49713dbf5d8654a943a.jpg,51148,3ac396a7ee3fb49713dbf5d8654a943a
IdeiaDesenho/drawing_base71..jpg,legacy/v1-bucket/31/31107631e2f9ecd715bfd1eb6003b759.jpg,204283,31107631e2f9ecd715bfd1eb6003b759
IdeiaDesenho/drawing_base72..jpg,legacy/v1-bucket/f1/f15414819ca9fd8b683c421356b94673.jpg,50253,f15414819ca9fd8b683c421356b94673
IdeiaDesenho/drawing_base8..png,legacy/v1-bucket/b6/b631cca2b10bd890107c18eb4dac0659.png,14249,b631cca2b10bd890107c18eb4dac0659
IdeiaDesenho/drawing_base80..jpeg,legacy/v1-bucket/f4/f4325e4b94928c11e4492c95d6b42a34.jpeg,10032,f4325e4b94928c11e4492c95d6b42a34
IdeiaDesenho/drawing_base81..png,legacy/v1-bucket/8e/8e78ffa89b19343893c62b8f09dbd4ef.png,5797,8e78ffa89b19343893c62b8f09dbd4ef
IdeiaDesenho/drawing_base86..jpeg,legacy/v1-bucket/6d/6da54dce2208cee6109d6630c2779788.jpeg,6007,6da54dce2208cee6109d6630c2779788
IdeiaDesenho/drawing_base87..jpeg,legacy/v1-bucket/58/584e40dd1cf1de4131df372324bc332e.jpeg,7506,584e40dd1cf1de4131df372324bc332e
IdeiaDesenho/drawing_base88..jpeg,legacy/v1-bucket/48/48affbd17a9fd0017d3e94b08c555f34.jpeg,7360,48affbd17a9fd0017d3e94b08c555f34
IdeiaDesenho/drawing_base9..png,legacy/v1-bucket/95/959adbe87dd90a4d3941ad61b606aa29.png,44478,959adbe87dd90a4d3941ad61b606aa29
IdeiaDesenho/drawing_base97..jpeg,legacy/v1-bucket/b1/b136b432dd07a727bfc8b50c6bc03936.jpeg,6829,b136b432dd07a727bfc8b50c6bc03936
IdeiaDesenho/drawing_base98..png,legacy/v1-bucket/97/9772d0bde422cce30de30b080ae4f910.png,7346,9772d0bde422cce30de30b080ae4f910
IdeiaDesenho/drawingbasegroup0..png,legacy/v1-bucket/38/386c802971de55feada521f072825e90.png,105361,386c802971de55feada521f072825e90
IdeiaDesenho/drawingbasegroup10..png,legacy/v1-bucket/55/55ebf0c28d3d4811b050b8290d7df694.png,20909,55ebf0c28d3d4811b050b8290d7df694
IdeiaDesenho/drawingbasegroup11..jpg,legacy/v1-bucket/93/939a1684292dc2e20ebf581c89118dd6.jpg,96658,939a1684292dc2e20ebf581c89118dd6
IdeiaDesenho/drawingbasegroup12..jpg,legacy/v1-bucket/97/97ed2ec7ad24df35bff2c9d265924c13.jpg,96056,97ed2ec7ad24df35bff2c9d265924c13
IdeiaDesenho/drawingbasegroup14..png,legacy/v1-bucket/11/11207cc876f8fb7588aa1e23bc61b008.png,18663,11207cc876f8fb7588aa1e23bc61b008
IdeiaDesenho/drawingbasegroup15..jpg,legacy/v1-bucket/ba/bab8b1b67f3522d2f79c23754b8d98f1.jpg,81585,bab8b1b67f3522d2f79c23754b8d98f1
IdeiaDesenho/drawingbasegroup16..png,legacy/v1-bucket/0a/0a2fe7177f8e30ea786896624fab2dbc.png,18426,0a2fe7177f8e30ea786896624fab2dbc
IdeiaDesenho/drawingbasegroup18..jpg,legacy/v1-bucket/6f/6f62331ef4583fc25646d0e14eb272a1.jpg,93246,6f62331ef4583fc25646d0e14eb272a1
IdeiaDesenho/drawingbasegroup19..jpg,legacy/v1-bucket/3f/3f697deef9b906276b2733a55f7aea4b.jpg,53656,3f697deef9b906276b2733a55f7aea4b
IdeiaDesenho/drawingbasegroup2..png,legacy/v1-bucket/a5/a54a3fe0e498c093f444740979345ab6.png,348637,a54a3fe0e498c093f444740979345ab6
IdeiaDesenho/drawingbasegroup21..png,legacy/v1-bucket/07/07cc5d6106c654918da71e69797afc31.png,25980,07cc5d6106c654918da71e69797afc31
IdeiaDesenho/drawingbasegroup22..jpg,legacy/v1-bucket/ec/ec60a36b4cfda119d265abc5ac932101.jpg,35674,ec60a36b4cfda119d265abc5ac932101
IdeiaDesenho/drawingbasegroup26..png,legacy/v1-bucket/a9/a92d498c4f1beb7f0e2da9ea4634380a.png,40691,a92d498c4f1beb7f0e2da9ea4634380a
IdeiaDesenho/drawingbasegroup28..jpg,legacy/v1-bucket/c7/c72518e6b6409a1cf537e7fed636cdf8.jpg,53892,c72518e6b6409a1cf537e7fed636cdf8
IdeiaDesenho/drawingbasegroup32..png,legacy/v1-bucket/a4/a445de62c77c2ca0b035f991c5484108.png,196227,a445de62c77c2ca0b035f991c5484108
IdeiaDesenho/drawingbasegroup34..jpg,legacy/v1-bucket/4b/4bb1f9f24d499ab3c83253d2d28a9b19.jpg,107061,4bb1f9f24d499ab3c83253d2d28a9b19
IdeiaDesenho/drawingbasegroup45..jpg,legacy/v1-bucket/a9/a9ff62979fea226cc0fa054f5ac33e82.jpg,60881,a9ff62979fea226cc0fa054f5ac33e82
IdeiaDesenho/drawingbasegroup46..png,legacy/v1-bucket/78/789b715fbf123f75bcbe79849efd2f81.png,35352,789b715fbf123f75bcbe79849efd2f81
IdeiaDesenho/drawingbasegroup49..jpeg,legacy/v1-bucket/0c/0c4c7e731c1bc6ed60dac72216aa0985.jpeg,290451,0c4c7e731c1bc6ed60dac72216aa0985
IdeiaDesenho/drawingbasegroup524..png,legacy/v1-bucket/3d/3db30eb34159181353528cecf003d8a3.png,213943,3db30eb34159181353528cecf003d8a3
IdeiaDesenho/drawingbasegroup525..png,legacy/v1-bucket/28/281ff7ed39bcd5ea2d3002c6008e194e.png,323953,281ff7ed39bcd5ea2d3002c6008e194e
IdeiaDesenho/drawingbasegroup526..png,legacy/v1-bucket/48/4834e0fda75e0d85043a98346dd55e8d.png,299423,4834e0fda75e0d85043a98346dd55e8d
IdeiaDesenho/drawingbasegroup527..png,legacy/v1-bucket/43/43a809ab80d14e8eb83ad0c8c055204d.png,293369,43a809ab80d14e8eb83ad0c8c055204d
IdeiaDesenho/drawingbasegroup528..jpg,legacy/v1-bucket/d3/d3387ff654ff36727aaff6d6cc264657.jpg,117792,d3387ff654ff36727aaff6d6cc264657
IdeiaDesenho/drawingbasegroup57..png,legacy/v1-bucket/24/2440fe1607dedc07b20d3e70d13fbcd2.png,30329,2440fe1607dedc07b20d3e70d13fbcd2
IdeiaDesenho/drawingbasegroup60..jpg,legacy/v1-bucket/d3/d3fb1696becdf24e8e87c5a7cd71475c.jpg,54534,d3fb1696becdf24e8e87c5a7cd71475c
IdeiaDesenho/drawingbasegroup62..png,legacy/v1-bucket/5e/5e7547ed2eae0ed38809dc00712e3bda.png,28863,5e7547ed2eae0ed38809dc00712e3bda
IdeiaDesenho/drawingbasegroup66..jpeg,legacy/v1-bucket/2e/2e49ce8dd7aec2a464116770c49de1af.jpeg,266859,2e49ce8dd7aec2a464116770c49de1af
IdeiaDesenho/drawingbasegroup67..jpeg,legacy/v1-bucket/52/52eb9606dbb449508cd45041687a3f29.jpeg,489902,52eb9606dbb449508cd45041687a3f29
IdeiaDesenho/drawingbasegroup68..jpeg,legacy/v1-bucket/49/491f41c252ad2d28b8c4f254cb3f0b81.jpeg,428981,491f41c252ad2d28b8c4f254cb3f0b81
IdeiaDesenho/drawingbasegroup7..jpg,legacy/v1-bucket/e3/e37fb6574c8b8cee44fa97aad343c7d5.jpg,65600,e37fb6574c8b8cee44fa97aad343c7d5
IdeiaDesenho/drawingbasegroup8..gif,legacy/v1-bucket/5a/5ae0bfeeb22d98957c9412ddc552b6d8.gif,37952,5ae0bfeeb22d98957c9412ddc552b6d8
IdeiaDesenho/drawingbasegroup9..jpg,legacy/v1-bucket/8c/8cd72842f89b4e78eb73e715377ae78f.jpg,117557,8cd72842f89b4e78eb73e715377ae78f
IdeiaDesenho/e309aea337f7c126d135a48ac75a9f98.jpg,legacy/v1-bucket/09/09dc18aeca2200fdfd6465568bf6539a.jpg,245388,09dc18aeca2200fdfd6465568bf6539a
IdeiaDesenho/fhhqnwmnnwy.jpeg,legacy/v1-bucket/0b/0b8a4ed2b610b6b93818ba8ef968cf3b.jpeg,199104,0b8a4ed2b610b6b93818ba8ef968cf3b
IdeiaDesenho/fjjiiodffdz.jpeg,legacy/v1-bucket/5c/5cb9d48015338cb4428f3ddf3b0710ca.jpeg,301563,5cb9d48015338cb4428f3ddf3b0710ca
IdeiaDesenho/furry_base0..png,legacy/v1-bucket/3f/3f4a56fb8c0eb06e32fd70b0d4400199.png,13137,3f4a56fb8c0eb06e32fd70b0d4400199
IdeiaDesenho/furry_base1..png,legacy/v1-bucket/41/41d07069e52cf4560050c9cb747b1fda.png,16727,41d07069e52cf4560050c9cb747b1fda
IdeiaDesenho/furry_base10..png,legacy/v1-bucket/d6/d61bca20d9dbd63401e5198b86adcd1d.png,37424,d61bca20d9dbd63401e5198b86adcd1d
IdeiaDesenho/furry_base100..jpg,legacy/v1-bucket/ba/bad1948fbd36634f6b1230fac3965d2b.jpg,275004,bad1948fbd36634f6b1230fac3965d2b
IdeiaDesenho/furry_base101..jpg,legacy/v1-bucket/b9/b94d6ef433fbbde42b93a1d33f0a8222.jpg,289356,b94d6ef433fbbde42b93a1d33f0a8222
IdeiaDesenho/furry_base102..jpg,legacy/v1-bucket/1b/1b60022c49efe3ae99c1e48267487c58.jpg,326481,1b60022c49efe3ae99c1e48267487c58
IdeiaDesenho/furry_base103..jpg,legacy/v1-bucket/93/93502523d4c315f37da2aaf50c2a1f9b.jpg,479670,93502523d4c315f37da2aaf50c2a1f9b
IdeiaDesenho/furry_base104..jpg,legacy/v1-bucket/ae/aed9cfdb07506f7a20066aaf7e2a0a5b.jpg,381005,aed9cfdb07506f7a20066aaf7e2a0a5b
IdeiaDesenho/furry_base105..jpg,legacy/v1-bucket/a7/a730a8c2ae34c21441023df733f41522.jpg,211331,a730a8c2ae34c21441023df733f41522
IdeiaDesenho/furry_base106..jpg,legacy/v1-bucket/d5/d56d3a804183232d095709d9f6a324fc.jpg,536066,d56d3a804183232d095709d9f6a324fc
IdeiaDesenho/furry_base107..jpg,legacy/v1-bucket/fd/fdb7b7b70ba4b7cec8b06b23e2e47c9e.jpg,191868,fdb7b7b70ba4b7cec8b06b23e2e47c9e
IdeiaDesenho/furry_base108..jpg,legacy/v1-bucket/cd/cdc3bd1f732ff44923e7206518128f93.jpg,560552,cdc3bd1f732ff44923e7206518128f93
IdeiaDesenho/furry_base109..jpg,legacy/v1-bucket/66/66844ea5d5f0f314d19993bebeab5577.jpg,349631,66844ea5d5f0f314d19993bebeab5577
IdeiaDesenho/furry_base11..png,legacy/v1-bucket/b8/b8298e408b935ec88e91721839aa842e.png,23952,b8298e408b935ec88e91721839aa842e
IdeiaDesenho/furry_base110..jpg,legacy/v1-bucket/a1/a1c417f044949bd989120fca9768a7dd.jpg,292957,a1c417f044949bd989120fca9768a7dd
IdeiaDesenho/furry_base111..jpg,legacy/v1-bucket/a0/a0aebc0f25affea4c91d18d8c64cc073.jpg,972859,a0aebc0f25affea4c91d18d8c64cc073
IdeiaDesenho/furry_base112..jpg,legacy/v1-bucket/6d/6da000dc815b83104e74f57e8e3b0bd5.jpg,423653,6da000dc815b83104e74f57e8e3b0bd5
IdeiaDesenho/furry_base113..jpg,legacy/v1-bucket/8c/8c8a1e7e93851dfacb7d1d780e62b039.jpg,401770,8c8a1e7e93851dfacb7d1d780e62b039
IdeiaDesenho/furry_base114..jpg,legacy/v1-bucket/ef/efe15ccc5bcef063f03be9a2d4ed9a33.jpg,348973,efe15ccc5bcef063f03be9a2d4ed9a33
IdeiaDesenho/furry_base115..jpg,legacy/v1-bucket/48/48ef2d58929cba2ffe9dcff4062fdc84.jpg,344476,48ef2d58929cba2ffe9dcff4062fdc84
IdeiaDesenho/furry_base116..jpg,legacy/v1-bucket/c8/c833867e9f649b5b2d7e4feb37694b76.jpg,215220,c833867e9f649b5b2d7e4feb37694b76
IdeiaDesenho/furry_base117..jpg,legacy/v1-bucket/0b/0bef9e6eb91903465ea4e04426a12435.jpg,329150,0bef9e6eb91903465ea4e04426a12435
IdeiaDesenho/furry_base118..jpg,legacy/v1-bucket/f1/f11bd7e12e26614f83aed5d95671e481.jpg,223130,f11bd7e12e26614f83aed5d95671e481
IdeiaDesenho/furry_base119..jpg,legacy/v1-bucket/82/8278c1ab311e1c22fe032b1a91c41384.jpg,250719,8278c1ab311e1c22fe032b1a91c41384
IdeiaDesenho/furry_base12..png,legacy/v1-bucket/0c/0c191f4328df54b23b9a72b5a24d242c.png,13865,0c191f4328df54b23b9a72b5a24d242c
IdeiaDesenho/furry_base120..jpg,legacy/v1-bucket/97/97d1b89337f08a2558e06d60abb7a1c8.jpg,383124,97d1b89337f08a2558e06d60abb7a1c8
IdeiaDesenho/furry_base121..jpg,legacy/v1-bucket/14/14a048cb9e524ca8be0c67a1bfea9110.jpg,307013,14a048cb9e524ca8be0c67a1bfea9110
IdeiaDesenho/furry_base122..jpg,legacy/v1-bucket/c4/c455b78d615bb1647f40f3cd6254d352.jpg,256763,c455b78d615bb1647f40f3cd6254d352
IdeiaDesenho/furry_base123..jpg,legacy/v1-bucket/0b/0b463ff36ec41d3426193f08c7603eac.jpg,395983,0b463ff36ec41d3426193f08c7603eac
IdeiaDesenho/furry_base124..jpg,legacy/v1-bucket/2a/2ad21e065ef051a0a36a43e554f6b0e1.jpg,322905,2ad21e065ef051a0a36a43e554f6b0e1
IdeiaDesenho/furry_base125..jpg,legacy/v1-bucket/c0/c05f9d6df8bcca33356162d76b5cb319.jpg,380646,c05f9d6df8bcca33356162d76b5cb319
IdeiaDesenho/furry_base126..jpg,legacy/v1-bucket/eb/eb3d770f009567454b1d57ec03eeb4b3.jpg,206208,eb3d770f009567454b1d57ec03eeb4b3
IdeiaDesenho/furry_base127..jpg,legacy/v1-bucket/36/36991fb287ae77e299ce4460ca9c5994.jpg,328515,36991fb287ae77e299ce4460ca9c5994
IdeiaDesenho/furry_base128..jpg,legacy/v1-bucket/95/954f38887a4db2b10bd13b55fa146ebc.jpg,326399,954f38887a4db2b10bd13b55fa146ebc
IdeiaDesenho/furry_base129..jpg,legacy/v1-bucket/db/db3493de36f93d9a3056ec90d839593a.jpg,354315,db3493de36f93d9a3056ec90d839593a
IdeiaDesenho/furry_base13..jpg,legacy/v1-bucket/a2/a2f98dd066aa282038377722e52c5fcb.jpg,40088,a2f98dd066aa282038377722e52c5fcb
IdeiaDesenho/furry_base130..jpg,legacy/v1-bucket/fe/fede758c38900c84f3923299f5cce644.jpg,199680,fede758c38900c84f3923299f5cce644
IdeiaDesenho/furry_base131..jpg,legacy/v1-bucket/da/da55ffa83914ee83514ad3c1cfc40c18.jpg,403751,da55ffa83914ee83514ad3c1cfc40c18
IdeiaDesenho/furry_base132..jpg,legacy/v1-bucket/ed/edd81be923c30741566b9342f516dae7.jpg,590841,edd81be923c30741566b9342f516dae7
IdeiaDesenho/furry_base133..jpg,legacy/v1-bucket/30/301132b4d245aacd311ab35a40c6d873.jpg,230557,301132b4d245aacd311ab35a40c6d873
IdeiaDesenho/furry_base134..jpg,legacy/v1-bucket/84/8404e678c6b26e60856e27a6f0f43927.jpg,215894,8404e678c6b26e60856e27a6f0f43927
IdeiaDesenho/furry_base135..jpg,legacy/v1-bucket/d3/d371784a71de416821962941c16428f9.jpg,310509,d371784a71de416821962941c16428f9
IdeiaDesenho/furry_base136..jpg,legacy/v1-bucket/79/79d43b4f4caca21c9e4a761ac89f3510.jpg,319285,79d43b4f4caca21c9e4a761ac89f3510
IdeiaDesenho/furry_base137..jpg,legacy/v1-bucket/be/be92ec3f4e9945a12200f9279f6b59b0.jpg,713813,be92ec3f4e9945a12200f9279f6b59b0
IdeiaDesenho/furry_base138..jpg,legacy/v1-bucket/1d/1d433eb5d43d02647ee4be3df00112f1.jpg,357866,1d433eb5d43d02647ee4be3df00112f1
IdeiaDesenho/furry_base139..jpg,legacy/v1-bucket/8a/8a48d60787ecead36f036fb123ac2c3d.jpg,337704,8a48d60787ecead36f036fb123ac2c3d
IdeiaDesenho/furry_base14..png,legacy/v1-bucket/43/4363eb4ecafbb00218164510c5029209.png,138486,4363eb4ecafbb00218164510c5029209
IdeiaDesenho/furry_base140..jpg,legacy/v1-bucket/f2/f2e3ed407853cf25e33fa830370e6a3e.jpg,285753,f2e3ed407853cf25e33fa830370e6a3e
IdeiaDesenho/furry_base141..jpg,legacy/v1-bucket/01/01471d3e057a95854b086336a18a08b0.jpg,228042,01471d3e057a95854b086336a18a08b0
IdeiaDesenho/furry_base142..jpg,legacy/v1-bucket/fa/fa2746eec726b5c159a6f2e939802c9f.jpg,275323,fa2746eec726b5c159a6f2e939802c9f
IdeiaDesenho/furry_base143..jpg,legacy/v1-bucket/9b/9b6be290a08795574ffa9f561f41ffaf.jpg,399435,9b6be290a08795574ffa9f561f41ffaf
IdeiaDesenho/furry_base144..jpg,legacy/v1-bucket/cd/cdaae25e983495ab9d04f3d7ce184810.jpg,322108,cdaae25e983495ab9d04f3d7ce184810
IdeiaDesenho/furry_base145..jpg,legacy/v1-bucket/30/30e2dbe24774dadc282e9df4f70f100e.jpg,564272,30e2dbe24774dadc282e9df4f70f100e
IdeiaDesenho/furry_base146..jpg,legacy/v1-bucket/db/db9eeee9d463f41fd65db1843b346b88.jpg,303930,db9eeee9d463f41fd65db1843b346b88
IdeiaDesenho/furry_base147..jpg,legacy/v1-bucket/53/53386458d68ca0c22689d8132129d5e3.jpg,364545,53386458d68ca0c22689d8132129d5e3
IdeiaDesenho/furry_base148..jpg,legacy/v1-bucket/98/983f6c630300c9345f93da21e1210840.jpg,189926,983f6c630300c9345f93da21e1210840
IdeiaDesenho/furry_base149..jpg,legacy/v1-bucket/1a/1a85873abddbc47bc68f59f263aeabc9.jpg,253314,1a85873abddbc47bc68f59f263aeabc9
IdeiaDesenho/furry_base15..png,legacy/v1-bucket/f1/f1bf54381474db58ffb77e8f10348642.png,130704,f1bf54381474db58ffb77e8f10348642
IdeiaDesenho/furry_base150..jpg,legacy/v1-bucket/a9/a95481b8348edaa4f9331d333ec6639d.jpg,324862,a95481b8348edaa4f9331d333ec6639d
IdeiaDesenho/furry_base151..jpg,legacy/v1-bucket/95/9537d198792a76eca54038b55842efef.jpg,237175,9537d198792a76eca54038b55842efef
IdeiaDesenho/furry_base152..jpg,legacy/v1-bucket/96/9680da9b08ef49c5f6b6e3dfbff6c0df.jpg,361322,9680da9b08ef49c5f6b6e3dfbff6c0df
IdeiaDesenho/furry_base153..jpg,legacy/v1-bucket/c6/c62cd275494461d0078e010f0b839ae7.jpg,369015,c62cd275494461d0078e010f0b839ae7
IdeiaDesenho/furry_base154..jpg,legacy/v1-bucket/13/1308861cda7b71a072fe5fedf73b211d.jpg,171685,1308861cda7b71a072fe5fedf73b211d
IdeiaDesenho/furry_base155..jpg,legacy/v1-bucket/72/729121c993e9e45b225e70ca1d1a9436.jpg,461070,729121c993e9e45b225e70ca1d1a9436
IdeiaDesenho/furry_base156..jpg,legacy/v1-bucket/bd/bd3e44c8ac656a34efc1c37bf416eb61.jpg,349085,bd3e44c8ac656a34efc1c37bf416eb61
IdeiaDesenho/furry_base157..jpg,legacy/v1-bucket/b0/b021e3c14bf73b1e2a9e5a3026b6f6f3.jpg,208722,b021e3c14bf73b1e2a9e5a3026b6f6f3
IdeiaDesenho/furry_base158..jpg,legacy/v1-bucket/f3/f37c954fbffa93ed7957b88492b180c4.jpg,335204,f37c954fbffa93ed7957b88492b180c4
IdeiaDesenho/furry_base159..jpg,legacy/v1-bucket/65/6547786e83276663abf0eceae13d49a0.jpg,257462,6547786e83276663abf0eceae13d49a0
IdeiaDesenho/furry_base16..png,legacy/v1-bucket/97/97a5e70510e00e37bbd4117c74411851.png,125127,97a5e70510e00e37bbd4117c74411851
IdeiaDesenho/furry_base160..jpg,legacy/v1-bucket/bf/bfe058a12199846e02c3c1720b623c77.jpg,353825,bfe058a12199846e02c3c1720b623c77
IdeiaDesenho/furry_base161..jpg,legacy/v1-bucket/ea/ea545421f75cef7f1038c83b46b09f2d.jpg,211843,ea545421f75cef7f1038c83b46b09f2d
IdeiaDesenho/furry_base162..jpg,legacy/v1-bucket/c5/c539bbc629cf686c21cda6cb194551c0.jpg,327923,c539bbc629cf686c21cda6cb194551c0
IdeiaDesenho/furry_base163..jpg,legacy/v1-bucket/40/403ab5be96a249f0fedfe4508515d8d1.jpg,250453,403ab5be96a249f0fedfe4508515d8d1
IdeiaDesenho/furry_base164..jpg,legacy/v1-bucket/6c/6cb909e09480ae2e6eb1a63877f19772.jpg,312089,6cb909e09480ae2e6eb1a63877f19772
IdeiaDesenho/furry_base165..jpg,legacy/v1-bucket/d5/d521eaf7e97faa6d390c7c162aa58727.jpg,399257,d521eaf7e97faa6d390c7c162aa58727
IdeiaDesenho/furry_base166..jpg,legacy/v1-bucket/12/122e2fd25f1f1be341dd3cd930f295cd.jpg,556887,122e2fd25f1f1be341dd3cd930f295cd
IdeiaDesenho/furry_base167..jpg,legacy/v1-bucket/10/10a825994b733324f1af645153802330.jpg,276443,10a825994b733324f1af645153802330
IdeiaDesenho/furry_base168..jpg,legacy/v1-bucket/64/64a9ab8413c53200e47c033941cf9d22.jpg,409499,64a9ab8413c53200e47c033941cf9d22
IdeiaDesenho/furry_base169..jpg,legacy/v1-bucket/ca/ca7df4024d231c4fa35078612046d370.jpg,478205,ca7df4024d231c4fa35078612046d370
IdeiaDesenho/furry_base17..jpg,legacy/v1-bucket/3f/3f8c3ad1684e00b5ca16d79fdd609789.jpg,64908,3f8c3ad1684e00b5ca16d79fdd609789
IdeiaDesenho/furry_base170..jpg,legacy/v1-bucket/a0/a012a4088017eb4868eb7f133d293628.jpg,401833,a012a4088017eb4868eb7f133d293628
IdeiaDesenho/furry_base171..jpg,legacy/v1-bucket/1c/1c8aa7662f9dde414a1a3ff24dfcb114.jpg,610944,1c8aa7662f9dde414a1a3ff24dfcb114
IdeiaDesenho/furry_base172..jpg,legacy/v1-bucket/2e/2ed1670fba819d310cb61d110ecac9ad.jpg,281734,2ed1670fba819d310cb61d110ecac9ad
IdeiaDesenho/furry_base173..jpg,legacy/v1-bucket/c3/c3cdc1b313149902c4aa8df52039877f.jpg,384399,c3cdc1b313149902c4aa8df52039877f
IdeiaDesenho/furry_base174..jpg,legacy/v1-bucket/de/de316574db3b11198e09b19d82b5ca60.jpg,314371,de316574db3b11198e09b19d82b5ca60
IdeiaDesenho/furry_base175..jpg,legacy/v1-bucket/1d/1d936efcf115216a520b4d9ff9a06e23.jpg,757497,1d936efcf115216a520b4d9ff9a06e23
IdeiaDesenho/furry_base176..jpg,legacy/v1-bucket/85/853469cf5ca8d8a30c10091abcecc85c.jpg,221573,853469cf5ca8d8a30c10091abcecc85c
IdeiaDesenho/furry_base177..jpg,legacy/v1-bucket/fd/fdee41f74865721485edd8871596961d.jpg,286122,fdee41f74865721485edd8871596961d
IdeiaDesenho/furry_base178..jpg,legacy/v1-bucket/8d/8d607bd553fa6a8b211e20cc86c0492c.jpg,360568,8d607bd553fa6a8b211e20cc86c0492c
IdeiaDesenho/furry_base179..jpg,legacy/v1-bucket/8e/8e7be6ad299d90abf047f2c7ff77e505.jpg,338964,8e7be6ad299d90abf047f2c7ff77e505
IdeiaDesenho/furry_base18..png,legacy/v1-bucket/4b/4bba6701aeba05a21ec43b2edda50a1b.png,149415,4bba6701aeba05a21ec43b2edda50a1b
IdeiaDesenho/furry_base180..jpg,legacy/v1-bucket/9a/9afaf65df701e99483e0ae68c8fb602b.jpg,268932,9afaf65df701e99483e0ae68c8fb602b
IdeiaDesenho/furry_base181..jpg,legacy/v1-bucket/d9/d98b2c872934f239974bc6ae39064f32.jpg,312526,d98b2c872934f239974bc6ae39064f32
IdeiaDesenho/furry_base182..jpg,legacy/v1-bucket/a3/a362b48102a02ec1ec532113241049a2.jpg,333431,a362b48102a02ec1ec532113241049a2
IdeiaDesenho/furry_base183..jpg,legacy/v1-bucket/59/591ab0515a21a30d54680c29922ae7c9.jpg,424827,591ab0515a21a30d54680c29922ae7c9
IdeiaDesenho/furry_base184..jpg,legacy/v1-bucket/67/67d2e0686a8c32712ac704b19826d834.jpg,786840,67d2e0686a8c32712ac704b19826d834
IdeiaDesenho/furry_base185..jpg,legacy/v1-bucket/cb/cb5c772de81f18f8683201cdcb463593.jpg,375664,cb5c772de81f18f8683201cdcb463593
IdeiaDesenho/furry_base186..jpg,legacy/v1-bucket/e3/e3a7b53e4b134d3130bb0e6978149016.jpg,401030,e3a7b53e4b134d3130bb0e6978149016
IdeiaDesenho/furry_base187..jpg,legacy/v1-bucket/b4/b431a203d3668355f9e9db5e17589fdd.jpg,373729,b431a203d3668355f9e9db5e17589fdd
IdeiaDesenho/furry_base188..jpg,legacy/v1-bucket/3f/3fb513a6eaf80d100986e0b663ef03a0.jpg,255115,3fb513a6eaf80d100986e0b663ef03a0
IdeiaDesenho/furry_base189..jpg,legacy/v1-bucket/06/063cae39e87338682580de610f19b1b5.jpg,550179,063cae39e87338682580de610f19b1b5
IdeiaDesenho/furry_base19..jpg,legacy/v1-bucket/1c/1c35db3d03acf95e028b09a81ca5e787.jpg,42956,1c35db3d03acf95e028b09a81ca5e787
IdeiaDesenho/furry_base190..jpg,legacy/v1-bucket/eb/eb0ec6face8148a0233142a37eb08e3d.jpg,431582,eb0ec6face8148a0233142a37eb08e3d
IdeiaDesenho/furry_base191..jpg,legacy/v1-bucket/2e/2eeb82adf3f4a4d4f9074d22ba0117f8.jpg,429677,2eeb82adf3f4a4d4f9074d22ba0117f8
IdeiaDesenho/furry_base192..jpg,legacy/v1-bucket/9a/9a52a54a65c667c38da8fdacf37cd41c.jpg,194191,9a52a54a65c667c38da8fdacf37cd41c
IdeiaDesenho/furry_base193..jpg,legacy/v1-bucket/a5/a531594c16ef5f7bff9756c197815d79.jpg,815345,a531594c16ef5f7bff9756c197815d79
IdeiaDesenho/furry_base194..jpg,legacy/v1-bucket/a3/a3486b19694a2ab2a1623c61b866cba2.jpg,391483,a3486b19694a2ab2a1623c61b866cba2
IdeiaDesenho/furry_base195..jpg,legacy/v1-bucket/70/708029794aafec2802bb185d9d67a525.jpg,494293,708029794aafec2802bb185d9d67a525
IdeiaDesenho/furry_base196..jpg,legacy/v1-bucket/72/7219840845eb7a78fd09d366e6472ecc.jpg,519507,7219840845eb7a78fd09d366e6472ecc
IdeiaDesenho/furry_base197..jpg,legacy/v1-bucket/d4/d46c82cbe4ff92ecd1cee0f3194bbfe0.jpg,325967,d46c82cbe4ff92ecd1cee0f3194bbfe0
IdeiaDesenho/furry_base198..jpg,legacy/v1-bucket/f7/f7e31e2133fd2edda5844dfb99d79aa2.jpg,278584,f7e31e2133fd2edda5844dfb99d79aa2
IdeiaDesenho/furry_base199..jpg,legacy/v1-bucket/62/62e20e84821749ca15be007d469a136d.jpg,170386,62e20e84821749ca15be007d469a136d
IdeiaDesenho/furry_base2..jpg,legacy/v1-bucket/5a/5af130c20e57eff7b40fb227589ae9b9.jpg,44348,5af130c20e57eff7b40fb227589ae9b9
IdeiaDesenho/furry_base20..jpg,legacy/v1-bucket/f9/f99ff9d33c8528f8c92e5fee8b12d4bc.jpg,53588,f99ff9d33c8528f8c92e5fee8b12d4bc
IdeiaDesenho/furry_base200..jpg,legacy/v1-bucket/cb/cbb0c00a8c3768731440ec37f49a597e.jpg,305690,cbb0c00a8c3768731440ec37f49a597e
IdeiaDesenho/furry_base201..jpg,legacy/v1-bucket/71/71555cdf4d915cd881488473b9cb9f22.jpg,324062,71555cdf4d915cd881488473b9cb9f22
IdeiaDesenho/furry_base202..jpg,legacy/v1-bucket/ab/abb29275a159a84629977d8d8a6cd603.jpg,677708,abb29275a159a84629977d8d8a6cd603
IdeiaDesenho/furry_base203..jpg,legacy/v1-bucket/92/9290f7e40e54f80751b587ece1f8f3ee.jpg,253178,9290f7e40e54f80751b587ece1f8f3ee
IdeiaDesenho/furry_base204..jpg,legacy/v1-bucket/d1/d19c327b5f45811172e324ebff7bb7c0.jpg,671184,d19c327b5f45811172e324ebff7bb7c0
IdeiaDesenho/furry_base205..jpg,legacy/v1-bucket/7e/7e1375468130491c12e046ee450e5124.jpg,536034,7e1375468130491c12e046ee450e5124
IdeiaDesenho/furry_base206..jpg,legacy/v1-bucket/4c/4cf431eb4730445b6272d8fb11874bfe.jpg,464407,4cf431eb4730445b6272d8fb11874bfe
IdeiaDesenho/furry_base207..jpg,legacy/v1-bucket/6e/6e7d8e34bdadcfe7e7d9962aa90da157.jpg,481584,6e7d8e34bdadcfe7e7d9962aa90da157
IdeiaDesenho/furry_base208..jpg,legacy/v1-bucket/43/43e82368473f44e6a1db44d1a5ad82ac.jpg,283735,43e82368473f44e6a1db44d1a5ad82ac
IdeiaDesenho/furry_base209..jpg,legacy/v1-bucket/e4/e450be13939eac4af2b9c99fbbf5f097.jpg,211458,e450be13939eac4af2b9c99fbbf5f097
IdeiaDesenho/furry_base21..png,legacy/v1-bucket/f5/f5b00bad4c7123bde5848e0d16cead6d.png,123052,f5b00bad4c7123bde5848e0d16cead6d
IdeiaDesenho/furry_base210..jpg,legacy/v1-bucket/67/679b331d518673cfc8aa07b414669d2a.jpg,357177,679b331d518673cfc8aa07b414669d2a
IdeiaDesenho/furry_base211..jpg,legacy/v1-bucket/7c/7c60a43f4951470706acc5676c025374.jpg,381662,7c60a43f4951470706acc5676c025374
IdeiaDesenho/furry_base212..jpg,legacy/v1-bucket/8d/8d1e7f91df63ad5ef8bd0274b9d6f333.jpg,310005,8d1e7f91df63ad5ef8bd0274b9d6f333
IdeiaDesenho/furry_base213..jpg,legacy/v1-bucket/ee/eedfdbe1554a56bc1def0b132f8c4591.jpg,143013,eedfdbe1554a56bc1def0b132f8c4591
IdeiaDesenho/furry_base214..jpg,legacy/v1-bucket/79/79cb80521377bfc00b49b14accfda94e.jpg,318024,79cb80521377bfc00b49b14accfda94e
IdeiaDesenho/furry_base215..jpg,legacy/v1-bucket/ed/ed5748d1373608b4a2bb50bb15e3dd45.jpg,249057,ed5748d1373608b4a2bb50bb15e3dd45
IdeiaDesenho/furry_base216..jpg,legacy/v1-bucket/90/90514a06fcfd6102625b859cceaa1106.jpg,588952,90514a06fcfd6102625b859cceaa1106
IdeiaDesenho/furry_base217..jpg,legacy/v1-bucket/c0/c0c5bc081307ec6ccbe508df226f8d0d.jpg,474001,c0c5bc081307ec6ccbe508df226f8d0d
IdeiaDesenho/furry_base218..jpg,legacy/v1-bucket/28/280ef1f1d12735ae32d9f6edd45878bf.jpg,308729,280ef1f1d12735ae32d9f6edd45878bf
IdeiaDesenho/furry_base219..jpg,legacy/v1-bucket/1b/1b58e8fe6a53352d1b83dfd72aa0aefa.jpg,269640,1b58e8fe6a53352d1b83dfd72aa0aefa
IdeiaDesenho/furry_base22..jpg,legacy/v1-bucket/cb/cb3a7a22b612992419083dddde91b801.jpg,35245,cb3a7a22b612992419083dddde91b801
IdeiaDesenho/furry_base220..jpg,legacy/v1-bucket/af/af0312b78add503990dc04f130d60133.jpg,351272,af0312b78add503990dc04f130d60133
IdeiaDesenho/furry_base221..jpg,legacy/v1-bucket/42/423665c36cd12e02abcd7d07c6a37f39.jpg,292722,423665c36cd12e02abcd7d07c6a37f39
IdeiaDesenho/furry_base222..jpg,legacy/v1-bucket/c8/c87dee7bcb47c3df2ae725f07651be45.jpg,411067,c87dee7bcb47c3df2ae725f07651be45
IdeiaDesenho/furry_base223..jpg,legacy/v1-bucket/09/094a79fc1c8113f4ff7acf317ce14872.jpg,313543,094a79fc1c8113f4ff7acf317ce14872
IdeiaDesenho/furry_base224..jpg,legacy/v1-bucket/b0/b00f035afd2b3e9c6f4e95a7f1d51411.jpg,262716,b00f035afd2b3e9c6f4e95a7f1d51411
IdeiaDesenho/furry_base225..jpg,legacy/v1-bucket/8b/8b9822741cafe68027a3fa3b844c72ba.jpg,353519,8b9822741cafe68027a3fa3b844c72ba
IdeiaDesenho/furry_base226..jpg,legacy/v1-bucket/e6/e6f4b4d1bc3dfa3f864d03526fafb713.jpg,734350,e6f4b4d1bc3dfa3f864d03526fafb713
IdeiaDesenho/furry_base227..jpg,legacy/v1-bucket/78/786d2a504ff6ed3255c3ad2edce39293.jpg,419986,786d2a504ff6ed3255c3ad2edce39293
IdeiaDesenho/furry_base228..jpg,legacy/v1-bucket/87/873e6daa3daf16966f4945a5683d8ce4.jpg,359832,873e6daa3daf16966f4945a5683d8ce4
IdeiaDesenho/furry_base229..jpg,legacy/v1-bucket/43/43e6ff05d6b1dfe7f52521b13bc6e9fb.jpg,472037,43e6ff05d6b1dfe7f52521b13bc6e9fb
IdeiaDesenho/furry_base23..png,legacy/v1-bucket/94/94a399358e32f6f19324b276458f3781.png,26966,94a399358e32f6f19324b276458f3781
IdeiaDesenho/furry_base230..jpg,legacy/v1-bucket/7c/7c9c2b52b0376c246e456392e2512461.jpg,218285,7c9c2b52b0376c246e456392e2512461
IdeiaDesenho/furry_base231..jpg,legacy/v1-bucket/63/63a261dff4da43e829acafdc76d923fd.jpg,356908,63a261dff4da43e829acafdc76d923fd
IdeiaDesenho/furry_base232..jpg,legacy/v1-bucket/b7/b7904799443df676494e59f280c36edb.jpg,320266,b7904799443df676494e59f280c36edb
IdeiaDesenho/furry_base233..jpg,legacy/v1-bucket/84/8414d6a972b334db5a398dab3bf85e34.jpg,425501,8414d6a972b334db5a398dab3bf85e34
IdeiaDesenho/furry_base234..jpg,legacy/v1-bucket/cc/cc37daf2f4bf68157e8319528903ef74.jpg,427412,cc37daf2f4bf68157e8319528903ef74
IdeiaDesenho/furry_base235..jpg,legacy/v1-bucket/34/34a0c569dc87961dd3480749732188fb.jpg,295577,34a0c569dc87961dd3480749732188fb
IdeiaDesenho/furry_base236..jpg,legacy/v1-bucket/07/07c932d9524eb8cb7e358b73cd046360.jpg,240642,07c932d9524eb8cb7e358b73cd046360
IdeiaDesenho/furry_base237..jpg,legacy/v1-bucket/f0/f0f41db93b14e6f24d7c8aabb8208357.jpg,509884,f0f41db93b14e6f24d7c8aabb8208357
IdeiaDesenho/furry_base238..jpg,legacy/v1-bucket/c2/c2773941d112cf4ecafe8cc0f822236d.jpg,196592,c2773941d112cf4ecafe8cc0f822236d
IdeiaDesenho/furry_base239..jpg,legacy/v1-bucket/55/55b883beceb79d08e81dbda1339809a0.jpg,527946,55b883beceb79d08e81dbda1339809a0
IdeiaDesenho/furry_base24..png,legacy/v1-bucket/29/29a4fb106c72a252f6f0eab1ac71f91a.png,251701,29a4fb106c72a252f6f0eab1ac71f91a
IdeiaDesenho/furry_base240..jpg,legacy/v1-bucket/4b/4b250896e1b01eeb7a4226aa0c88bb90.jpg,465277,4b250896e1b01eeb7a4226aa0c88bb90
IdeiaDesenho/furry_base241..jpg,legacy/v1-bucket/e4/e4bf8e9280eb0427556aac576c415960.jpg,207982,e4bf8e9280eb0427556aac576c415960
IdeiaDesenho/furry_base242..jpg,legacy/v1-bucket/ed/ed553e205f4beda5b77d9a92506a0088.jpg,317458,ed553e205f4beda5b77d9a92506a0088
IdeiaDesenho/furry_base243..jpg,legacy/v1-bucket/47/4708e03b4a5816e6ecd8b1da0c66d800.jpg,319956,4708e03b4a5816e6ecd8b1da0c66d800
IdeiaDesenho/furry_base244..jpg,legacy/v1-bucket/22/22c48bf0e90977d70d1cfdf716e7eb6d.jpg,317480,22c48bf0e90977d70d1cfdf716e7eb6d
IdeiaDesenho/furry_base245..jpg,legacy/v1-bucket/20/2031ef3c0f9776789747b43ef1b5c3fb.jpg,332476,2031ef3c0f9776789747b43ef1b5c3fb
IdeiaDesenho/furry_base246..jpg,legacy/v1-bucket/45/454a0e820ecdd960ea93d89281a8a45d.jpg,308290,454a0e820ecdd960ea93d89281a8a45d
IdeiaDesenho/furry_base247..jpg,legacy/v1-bucket/48/4837843eff9ca076475919b64c1ad8d7.jpg,380250,4837843eff9ca076475919b64c1ad8d7
IdeiaDesenho/furry_base248..jpg,legacy/v1-bucket/e6/e60a0acc558a4c72eb75d1d075b79cfe.jpg,299521,e60a0acc558a4c72eb75d1d075b79cfe
IdeiaDesenho/furry_base249..jpg,legacy/v1-bucket/5b/5bacba8e196f9a3f123223e641afe20c.jpg,462740,5bacba8e196f9a3f123223e641afe20c
IdeiaDesenho/furry_base25..png,legacy/v1-bucket/93/93401921b429afa7b472510828dca120.png,134724,93401921b429afa7b472510828dca120
IdeiaDesenho/furry_base250..jpg,legacy/v1-bucket/08/086616307dd2e5b9aa213a80f97a4795.jpg,466040,086616307dd2e5b9aa213a80f97a4795
IdeiaDesenho/furry_base251..jpg,legacy/v1-bucket/69/69967a10324f1c39700fbc332c6d47f0.jpg,345787,69967a10324f1c39700fbc332c6d47f0
IdeiaDesenho/furry_base252..jpg,legacy/v1-bucket/35/3524d3125a48d8dfd1128ebdb3eb2816.jpg,471305,3524d3125a48d8dfd1128ebdb3eb2816
IdeiaDesenho/furry_base253..jpg,legacy/v1-bucket/fa/faa53dc796dcf57b85d43ce4fddf60c3.jpg,416603,faa53dc796dcf57b85d43ce4fddf60c3
IdeiaDesenho/furry_base254..jpg,legacy/v1-bucket/1f/1f29bcf3eee0bb373af6204f6dc11546.jpg,627120,1f29bcf3eee0bb373af6204f6dc11546
IdeiaDesenho/furry_base255..jpg,legacy/v1-bucket/c5/c54ec846ea4e3e01ee8ca53f96640c99.jpg,371510,c54ec846ea4e3e01ee8ca53f96640c99
IdeiaDesenho/furry_base256..jpg,legacy/v1-bucket/45/45dd7f88fba6be6dda66630f26152918.jpg,377285,45dd7f88fba6be6dda66630f26152918
IdeiaDesenho/furry_base257..jpg,legacy/v1-bucket/1e/1e577f546cc1dfc18811a9b72aa4a155.jpg,308299,1e577f546cc1dfc18811a9b72aa4a155
IdeiaDesenho/furry_base258..jpg,legacy/v1-bucket/41/41ba80c7631750dda9d3c9926cf8213b.jpg,310265,41ba80c7631750dda9d3c9926cf8213b
IdeiaDesenho/furry_base259..jpg,legacy/v1-bucket/01/0131f9e9e89cb3b9d803299307ac1523.jpg,271705,0131f9e9e89cb3b9d803299307ac1523
IdeiaDesenho/furry_base26..png,legacy/v1-bucket/13/1361f1700a67b1990bc7d996b3d34fc0.png,135492,1361f1700a67b1990bc7d996b3d34fc0
IdeiaDesenho/furry_base260..jpg,legacy/v1-bucket/67/670bf45f1442bf3871827bbbe4919230.jpg,516601,670bf45f1442bf3871827bbbe4919230
IdeiaDesenho/furry_base261..jpg,legacy/v1-bucket/72/72b4d113bf1012c3a073789efa235f02.jpg,298361,72b4d113bf1012c3a073789efa235f02
IdeiaDesenho/furry_base262..jpg,legacy/v1-bucket/c3/c3ceccd783b5971a5d97807314f7af26.jpg,363644,c3ceccd783b5971a5d97807314f7af26
IdeiaDesenho/furry_base263..jpg,legacy/v1-bucket/ee/ee1937d127c308561d745c463b6256aa.jpg,131185,ee1937d127c308561d745c463b6256aa
IdeiaDesenho/furry_base264..jpg,legacy/v1-bucket/c1/c1915d85b5efbd94732ee1e6f6ea63c4.jpg,324481,c1915d85b5efbd94732ee1e6f6ea63c4
IdeiaDesenho/furry_base265..jpg,legacy/v1-bucket/a5/a551135f92b040d15511f55a33c9723d.jpg,251072,a551135f92b040d15511f55a33c9723d
IdeiaDesenho/furry_base266..jpg,legacy/v1-bucket/de/de432ae78babcac2133893c03840b253.jpg,187683,de432ae78babcac2133893c03840b253
IdeiaDesenho/furry_base267..jpg,legacy/v1-bucket/24/2409c59325561e6d2b80ec83f2f671ec.jpg,217836,2409c59325561e6d2b80ec83f2f671ec
IdeiaDesenho/furry_base268..jpg,legacy/v1-bucket/e0/e0a33499ec2829971ec5ecb3c6db3794.jpg,438924,e0a33499ec2829971ec5ecb3c6db3794
IdeiaDesenho/furry_base269..jpg,legacy/v1-bucket/90/901ec37f0ed173ace410af0bfef8f2b8.jpg,370783,901ec37f0ed173ace410af0bfef8f2b8
IdeiaDesenho/furry_base27..jpg,legacy/v1-bucket/40/400e6633649244c919535461e1a6ad5a.jpg,27578,400e6633649244c919535461e1a6ad5a
IdeiaDesenho/furry_base270..jpg,legacy/v1-bucket/e8/e8d8b99da5e2ccd106c64dc1834e2147.jpg,460524,e8d8b99da5e2ccd106c64dc1834e2147
IdeiaDesenho/furry_base271..jpg,legacy/v1-bucket/c3/c3ce50d5dca2ee920676ee37ccb71434.jpg,596301,c3ce50d5dca2ee920676ee37ccb71434
IdeiaDesenho/furry_base272..jpg,legacy/v1-bucket/54/540115f4feffcdf613874398ed982415.jpg,272193,540115f4feffcdf613874398ed982415
IdeiaDesenho/furry_base273..jpg,legacy/v1-bucket/de/ded4991acd31f9c95ec62206f6e8c908.jpg,293318,ded4991acd31f9c95ec62206f6e8c908
IdeiaDesenho/furry_base274..jpg,legacy/v1-bucket/47/4775a5861be6f4119a8735d6da4c951c.jpg,415323,4775a5861be6f4119a8735d6da4c951c
IdeiaDesenho/furry_base275..jpg,legacy/v1-bucket/40/40ef7b2feb560ec5c3b9e9ef5c29a484.jpg,180116,40ef7b2feb560ec5c3b9e9ef5c29a484
IdeiaDesenho/furry_base276..jpg,legacy/v1-bucket/2c/2c70ca0bad3105737d3ed4a7a122e047.jpg,286252,2c70ca0bad3105737d3ed4a7a122e047
IdeiaDesenho/furry_base277..jpg,legacy/v1-bucket/63/63503da500ab5c8465f53577d9b4cd11.jpg,308765,63503da500ab5c8465f53577d9b4cd11
IdeiaDesenho/furry_base278..jpg,legacy/v1-bucket/1f/1fe6746ce39301884e4e1c7d2ed73f75.jpg,371558,1fe6746ce39301884e4e1c7d2ed73f75
IdeiaDesenho/furry_base279..jpg,legacy/v1-bucket/72/725eb3893f7ab425eff92146f7cc6129.jpg,245969,725eb3893f7ab425eff92146f7cc6129
IdeiaDesenho/furry_base28..png,legacy/v1-bucket/c4/c401cdfa9616c7b860a1bc4b6371008d.png,25447,c401cdfa9616c7b860a1bc4b6371008d
IdeiaDesenho/furry_base280..jpg,legacy/v1-bucket/93/9364f531f91a0762150dff6117abb6e3.jpg,359298,9364f531f91a0762150dff6117abb6e3
IdeiaDesenho/furry_base281..jpg,legacy/v1-bucket/1a/1a9d26f9edbc03c176e492731260c94a.jpg,271548,1a9d26f9edbc03c176e492731260c94a
IdeiaDesenho/furry_base282..jpg,legacy/v1-bucket/a7/a79f1f975239e2786144805987f3b451.jpg,358849,a79f1f975239e2786144805987f3b451
IdeiaDesenho/furry_base283..jpg,legacy/v1-bucket/9f/9f8eccbafc88de0c74b54f8b96e33107.jpg,391362,9f8eccbafc88de0c74b54f8b96e33107
IdeiaDesenho/furry_base284..jpg,legacy/v1-bucket/79/797f35e1035ae99b7debc1057a12ed8a.jpg,201269,797f35e1035ae99b7debc1057a12ed8a
IdeiaDesenho/furry_base285..jpg,legacy/v1-bucket/2c/2c81d0ee9eee1cf2503876a1f28978a7.jpg,255858,2c81d0ee9eee1cf2503876a1f28978a7
IdeiaDesenho/furry_base286..jpg,legacy/v1-bucket/29/295c25e39301029f9c4d9ef3af82243e.jpg,800982,295c25e39301029f9c4d9ef3af82243e
IdeiaDesenho/furry_base287..jpg,legacy/v1-bucket/57/579b41b1f96edd449b96c129364b739b.jpg,413504,579b41b1f96edd449b96c129364b739b
IdeiaDesenho/furry_base288..jpg,legacy/v1-bucket/cc/cccbfd3f663eefef832c8d9f9308bace.jpg,313669,cccbfd3f663eefef832c8d9f9308bace
IdeiaDesenho/furry_base289..jpg,legacy/v1-bucket/f7/f779d30d1862a159ef826545a62c2434.jpg,406509,f779d30d1862a159ef826545a62c2434
IdeiaDesenho/furry_base29..png,legacy/v1-bucket/3d/3d57287374c2cfb9f8794528dbb48892.png,22910,3d57287374c2cfb9f8794528dbb48892
IdeiaDesenho/furry_base290..jpg,legacy/v1-bucket/79/79382041bf2330c6ec8971991ef0857e.jpg,626822,79382041bf2330c6ec8971991ef0857e
IdeiaDesenho/furry_base291..jpg,legacy/v1-bucket/db/dbafa72821ba8f26934180a32f08649a.jpg,456644,dbafa72821ba8f26934180a32f08649a
IdeiaDesenho/furry_base292..jpg,legacy/v1-bucket/05/051c0ef97732b168d3d0c8345d2c3e4c.jpg,354597,051c0ef97732b168d3d0c8345d2c3e4c
IdeiaDesenho/furry_base293..jpg,legacy/v1-bucket/2f/2fdf5a2de083cc9b76ae15a8f00a3c1e.jpg,467839,2fdf5a2de083cc9b76ae15a8f00a3c1e
IdeiaDesenho/furry_base294..jpg,legacy/v1-bucket/f3/f31ead3b05b47e37d6c31a2f2e87db55.jpg,226044,f31ead3b05b47e37d6c31a2f2e87db55
IdeiaDesenho/furry_base295..jpg,legacy/v1-bucket/6b/6b9bd7cbba8d3d0f881be7a9616be172.jpg,188359,6b9bd7cbba8d3d0f881be7a9616be172
IdeiaDesenho/furry_base296..jpg,legacy/v1-bucket/fc/fcc12979dd33e606b7667be2afb64041.jpg,325011,fcc12979dd33e606b7667be2afb64041
IdeiaDesenho/furry_base297..jpg,legacy/v1-bucket/66/66a75a4ba41a0384860c1db8684cbf0c.jpg,400738,66a75a4ba41a0384860c1db8684cbf0c
IdeiaDesenho/furry_base298..jpg,legacy/v1-bucket/b3/b326a393f6e1aa0131c79d63160071a1.jpg,405216,b326a393f6e1aa0131c79d63160071a1
IdeiaDesenho/furry_base299..jpg,legacy/v1-bucket/e4/e495c44673d49ca29f39b1dd377ac0e5.jpg,329773,e495c44673d49ca29f39b1dd377ac0e5
IdeiaDesenho/furry_base3..png,legacy/v1-bucket/bf/bf0f8a74950797bc3159219956da566d.png,144989,bf0f8a74950797bc3159219956da566d
IdeiaDesenho/furry_base30..png,legacy/v1-bucket/81/81e21802f01b5687d2d3f583f7e8edb6.png,202101,81e21802f01b5687d2d3f583f7e8edb6
IdeiaDesenho/furry_base300..jpg,legacy/v1-bucket/dd/dd66878d6a8dc0bca95e60b9e49fa007.jpg,370722,dd66878d6a8dc0bca95e60b9e49fa007
IdeiaDesenho/furry_base301..jpg,legacy/v1-bucket/f9/f9a76b504c63042ff6b5c5a0caff6c1d.jpg,459471,f9a76b504c63042ff6b5c5a0caff6c1d
IdeiaDesenho/furry_base302..jpg,legacy/v1-bucket/64/641dda927448775519dc94f6bd2168c6.jpg,216487,641dda927448775519dc94f6bd2168c6
IdeiaDesenho/furry_base303..jpg,legacy/v1-bucket/05/058506debad1adb929cea8070ecf4386.jpg,752985,058506debad1adb929cea8070ecf4386
IdeiaDesenho/furry_base304..jpg,legacy/v1-bucket/56/56be41a0bbe21bebdacbb3354d6db992.jpg,195094,56be41a0bbe21bebdacbb3354d6db992
IdeiaDesenho/furry_base305..jpg,legacy/v1-bucket/10/106cca04ae33c76dd3a260b624051b4d.jpg,340988,106cca04ae33c76dd3a260b624051b4d
IdeiaDesenho/furry_base306..jpg,legacy/v1-bucket/e2/e24b39ff5b57ea366450d465f3605ca3.jpg,381992,e24b39ff5b57ea366450d465f3605ca3
IdeiaDesenho/furry_base307..jpg,legacy/v1-bucket/5a/5a93b114b6238cd609e19faee4ace1b7.jpg,534897,5a93b114b6238cd609e19faee4ace1b7
IdeiaDesenho/furry_base308..jpg,legacy/v1-bucket/de/de6ab9dbfa7e38cb9a58faf2e56e8009.jpg,259658,de6ab9dbfa7e38cb9a58faf2e56e8009
IdeiaDesenho/furry_base309..jpg,legacy/v1-bucket/a7/a79826802e43b798ba94d416da875585.jpg,260605,a79826802e43b798ba94d416da875585
IdeiaDesenho/furry_base31..png,legacy/v1-bucket/17/1754f8ec6b92305cfad7fa1409329efd.png,43247,1754f8ec6b92305cfad7fa1409329efd
IdeiaDesenho/furry_base310..jpg,legacy/v1-bucket/0a/0a6d3a2e7ec8297a9c4a14329090d276.jpg,367849,0a6d3a2e7ec8297a9c4a14329090d276
IdeiaDesenho/furry_base311..jpg,legacy/v1-bucket/84/84ea0b474b40fea0315db2d9939ec65d.jpg,403041,84ea0b474b40fea0315db2d9939ec65d
IdeiaDesenho/furry_base312..jpg,legacy/v1-bucket/30/30b4ba80a10d8cf78a0c4ce17abaabdb.jpg,201417,30b4ba80a10d8cf78a0c4ce17abaabdb
IdeiaDesenho/furry_base313..jpg,legacy/v1-bucket/2d/2daa663320847d0303bc7bc6e0ad3f07.jpg,501739,2daa663320847d0303bc7bc6e0ad3f07
IdeiaDesenho/furry_base314..jpg,legacy/v1-bucket/a7/a71f56ed6113eb7b2ca8595ee071d870.jpg,350026,a71f56ed6113eb7b2ca8595ee071d870
IdeiaDesenho/furry_base315..jpg,legacy/v1-bucket/ae/ae2e6b2a7d4c2ff31d6787ac6420db28.jpg,511817,ae2e6b2a7d4c2ff31d6787ac6420db28
IdeiaDesenho/furry_base316..jpg,legacy/v1-bucket/80/80584b89f96876ff77bfd67e03071904.jpg,215603,80584b89f96876ff77bfd67e03071904
IdeiaDesenho/furry_base317..jpg,legacy/v1-bucket/a9/a9d49b4ee875fbfb26bcfdecf329e70a.jpg,358172,a9d49b4ee875fbfb26bcfdecf329e70a
IdeiaDesenho/furry_base318..jpg,legacy/v1-bucket/a2/a21ad2eab66c6975393a9ffdd72c6cf7.jpg,614401,a21ad2eab66c6975393a9ffdd72c6cf7
IdeiaDesenho/furry_base319..jpg,legacy/v1-bucket/c6/c6b9eded9e6b48258b5dd7838d58b21b.jpg,274631,c6b9eded9e6b48258b5dd7838d58b21b
IdeiaDesenho/furry_base32..png,legacy/v1-bucket/01/01ec608ea2e6bcc397a59e221a5e96b9.png,148253,01ec608ea2e6bcc397a59e221a5e96b9
IdeiaDesenho/furry_base320..jpg,legacy/v1-bucket/26/26af908d41b50f3ba51da240ebbacb60.jpg,185019,26af908d41b50f3ba51da240ebbacb60
IdeiaDesenho/furry_base321..jpg,legacy/v1-bucket/b3/b3a3b7f077bbc90bc6b3d735aeb23999.jpg,243271,b3a3b7f077bbc90bc6b3d735aeb23999
IdeiaDesenho/furry_base322..jpg,legacy/v1-bucket/19/19f957df5e170cc8fc67f4cdb1ae66ea.jpg,378092,19f957df5e170cc8fc67f4cdb1ae66ea
IdeiaDesenho/furry_base323..jpg,legacy/v1-bucket/8e/8ea7f9dcfd847598e894d944ee027e9c.jpg,377183,8ea7f9dcfd847598e894d944ee027e9c
IdeiaDesenho/furry_base324..jpg,legacy/v1-bucket/dc/dce7e6a4386c5120b140e0a363f3bcba.jpg,421152,dce7e6a4386c5120b140e0a363f3bcba
IdeiaDesenho/furry_base325..jpg,legacy/v1-bucket/f9/f9c28a9f0ce0ebe3bfcfdebdb5173df4.jpg,211086,f9c28a9f0ce0ebe3bfcfdebdb5173df4
IdeiaDesenho/furry_base326..jpg,legacy/v1-bucket/06/06016551157865e188e814beae076644.jpg,513126,06016551157865e188e814beae076644
IdeiaDesenho/furry_base327..jpg,legacy/v1-bucket/2f/2fc0b78d6ab59c2d7f1bddb469300a41.jpg,383170,2fc0b78d6ab59c2d7f1bddb469300a41
IdeiaDesenho/furry_base328..jpg,legacy/v1-bucket/9d/9d1e3d9157b6be658de6f25923d7c9ee.jpg,216793,9d1e3d9157b6be658de6f25923d7c9ee
IdeiaDesenho/furry_base329..jpg,legacy/v1-bucket/ed/ed93b937d1d2aaaf089ded42b53c2f18.jpg,428424,ed93b937d1d2aaaf089ded42b53c2f18
IdeiaDesenho/furry_base33..png,legacy/v1-bucket/80/80b09555b127ce3ffef2da6dd0a2b10a.png,149755,80b09555b127ce3ffef2da6dd0a2b10a
IdeiaDesenho/furry_base330..jpg,legacy/v1-bucket/fd/fdaf8c76e223d0c4f7cbeef8edd688ef.jpg,211677,fdaf8c76e223d0c4f7cbeef8edd688ef
IdeiaDesenho/furry_base331..jpg,legacy/v1-bucket/11/110add5a9266eec9f199809a015fdc41.jpg,256279,110add5a9266eec9f199809a015fdc41
IdeiaDesenho/furry_base332..jpg,legacy/v1-bucket/c3/c3cfff79995ba47b5c14001108abe728.jpg,167128,c3cfff79995ba47b5c14001108abe728
IdeiaDesenho/furry_base333..jpg,legacy/v1-bucket/40/40bb513b7710861566c46d45c782db1a.jpg,220432,40bb513b7710861566c46d45c782db1a
IdeiaDesenho/furry_base334..jpg,legacy/v1-bucket/cf/cf193c3b6bce9404d0a5cd8770107178.jpg,264505,cf193c3b6bce9404d0a5cd8770107178
IdeiaDesenho/furry_base335..jpg,legacy/v1-bucket/fb/fb40efe03e8d1af3283139ed073a8384.jpg,286656,fb40efe03e8d1af3283139ed073a8384
IdeiaDesenho/furry_base336..jpg,legacy/v1-bucket/00/0026fae074b754ef8d688de0bf8a64c6.jpg,250395,0026fae074b754ef8d688de0bf8a64c6
IdeiaDesenho/furry_base337..jpg,legacy/v1-bucket/74/7422a4679b6b5e3561a6c7dd9359dfa7.jpg,401210,7422a4679b6b5e3561a6c7dd9359dfa7
IdeiaDesenho/furry_base338..jpg,legacy/v1-bucket/ec/ecd934781d460065f4355515261e56f2.jpg,275977,ecd934781d460065f4355515261e56f2
IdeiaDesenho/furry_base339..jpg,legacy/v1-bucket/4d/4d3a8985ab0d1e6aa9682c3fc25d1d59.jpg,169897,4d3a8985ab0d1e6aa9682c3fc25d1d59
IdeiaDesenho/furry_base34..png,legacy/v1-bucket/b6/b6060f84778740141bbd0d426cc2db44.png,122406,b6060f84778740141bbd0d426cc2db44
IdeiaDesenho/furry_base340..jpg,legacy/v1-bucket/2f/2ffa2aafa32c07ea6b1974e748703fbb.jpg,308623,2ffa2aafa32c07ea6b1974e748703fbb
IdeiaDesenho/furry_base341..jpg,legacy/v1-bucket/6c/6cca05cb17b597cfc57c05d612b10dd6.jpg,476555,6cca05cb17b597cfc57c05d612b10dd6
IdeiaDesenho/furry_base342..jpg,legacy/v1-bucket/f5/f5107cf97ed85b1f094b8440d200c585.jpg,300375,f5107cf97ed85b1f094b8440d200c585
IdeiaDesenho/furry_base343..jpg,legacy/v1-bucket/b8/b8fd8a402e43bbdb46e195ac74b4009b.jpg,217730,b8fd8a402e43bbdb46e195ac74b4009b
IdeiaDesenho/furry_base344..jpg,legacy/v1-bucket/c9/c9a8537d447c345fe6c5e94efe80af8b.jpg,298121,c9a8537d447c345fe6c5e94efe80af8b
IdeiaDesenho/furry_base345..jpg,legacy/v1-bucket/c1/c1ddc4bd4777b487f726bb293ee6b22e.jpg,307666,c1ddc4bd4777b487f726bb293ee6b22e
IdeiaDesenho/furry_base346..jpg,legacy/v1-bucket/29/297d554cd1dd7f191271d3889b68ed08.jpg,252235,297d554cd1dd7f191271d3889b68ed08
IdeiaDesenho/furry_base347..jpg,legacy/v1-bucket/91/911e22e1bcec730b264fb27d4f730683.jpg,281983,911e22e1bcec730b264fb27d4f730683
IdeiaDesenho/furry_base348..jpg,legacy/v1-bucket/d5/d5dae179598ef179fd9bb24c85400978.jpg,258672,d5dae179598ef179fd9bb24c85400978
IdeiaDesenho/furry_base349..jpg,legacy/v1-bucket/b2/b2731be39c18ef370a85a08f6095fe87.jpg,197900,b2731be39c18ef370a85a08f6095fe87
IdeiaDesenho/furry_base35..png,legacy/v1-bucket/9b/9b527c1f04d34cfd53f7686b0ba86ecd.png,84127,9b527c1f04d34cfd53f7686b0ba86ecd
IdeiaDesenho/furry_base350..jpg,legacy/v1-bucket/64/64f874d6bce3679890f99c15ad7de153.jpg,387525,64f874d6bce3679890f99c15ad7de153
IdeiaDesenho/furry_base351..jpg,legacy/v1-bucket/60/60e36613dadade1be3dfb8be82e44e17.jpg,407057,60e36613dadade1be3dfb8be82e44e17
IdeiaDesenho/furry_base352..jpg,legacy/v1-bucket/e0/e04f6b363ce38070445b8e4928695e30.jpg,237034,e04f6b363ce38070445b8e4928695e30
IdeiaDesenho/furry_base353..jpg,legacy/v1-bucket/73/73082c490e894bee43033f357bfa5e47.jpg,308459,73082c490e894bee43033f357bfa5e47
IdeiaDesenho/furry_base354..jpg,legacy/v1-bucket/4f/4fdde820fd2456ff4a2a51a8d4749c7c.jpg,241405,4fdde820fd2456ff4a2a51a8d4749c7c
IdeiaDesenho/furry_base355..jpg,legacy/v1-bucket/f5/f595633f0e80ee4a42fa38157327fa7a.jpg,248271,f595633f0e80ee4a42fa38157327fa7a
IdeiaDesenho/furry_base356..jpg,legacy/v1-bucket/f0/f0f58adcac08d9281b8c4bd5b66a78a9.jpg,720810,f0f58adcac08d9281b8c4bd5b66a78a9
IdeiaDesenho/furry_base357..jpg,legacy/v1-bucket/ab/ab7872a62b60824b19581f6f902f462d.jpg,315317,ab7872a62b60824b19581f6f902f462d
IdeiaDesenho/furry_base358..jpg,legacy/v1-bucket/20/20f3c4c0e5566b0db97d52c3751eebcf.jpg,553871,20f3c4c0e5566b0db97d52c3751eebcf
IdeiaDesenho/furry_base359..jpg,legacy/v1-bucket/92/922915b5cb87e391b2f7d7a0ee410b57.jpg,243054,922915b5cb87e391b2f7d7a0ee410b57
IdeiaDesenho/furry_base36..png,legacy/v1-bucket/d0/d0359cf24aa8982d1514e8b3162851c4.png,43936,d0359cf24aa8982d1514e8b3162851c4
IdeiaDesenho/furry_base360..jpg,legacy/v1-bucket/24/24462ff8597072546df527a269af8066.jpg,155484,24462ff8597072546df527a269af8066
IdeiaDesenho/furry_base361..jpg,legacy/v1-bucket/fc/fc9ae1e006349090c07aa8ce531e0084.jpg,551584,fc9ae1e006349090c07aa8ce531e0084
IdeiaDesenho/furry_base362..jpg,legacy/v1-bucket/95/951b2ec7dcdf5715521b849c11708e65.jpg,262405,951b2ec7dcdf5715521b849c11708e65
IdeiaDesenho/furry_base363..jpg,legacy/v1-bucket/9c/9ce197372b45e37548f14b2f9a7526dd.jpg,685297,9ce197372b45e37548f14b2f9a7526dd
IdeiaDesenho/furry_base364..jpg,legacy/v1-bucket/b2/b2e7b6a3c25d27a096c91b9a9913cc21.jpg,303294,b2e7b6a3c25d27a096c91b9a9913cc21
IdeiaDesenho/furry_base365..jpg,legacy/v1-bucket/05/05d1b71396c4182c470451c482c88698.jpg,504357,05d1b71396c4182c470451c482c88698
IdeiaDesenho/furry_base366..jpg,legacy/v1-bucket/02/0224640a1857a2a86ad5f7405f9bfca9.jpg,291505,0224640a1857a2a86ad5f7405f9bfca9
IdeiaDesenho/furry_base367..jpg,legacy/v1-bucket/4b/4b5ec79b10e701d2d3dd404f37eb191c.jpg,291234,4b5ec79b10e701d2d3dd404f37eb191c
IdeiaDesenho/furry_base368..jpg,legacy/v1-bucket/49/49026e81ede64d08eaffc3afd93cdf9f.jpg,255928,49026e81ede64d08eaffc3afd93cdf9f
IdeiaDesenho/furry_base369..jpg,legacy/v1-bucket/ce/ce1167bb31b9d75d7b2d21de2c0de03b.jpg,378551,ce1167bb31b9d75d7b2d21de2c0de03b
IdeiaDesenho/furry_base37..png,legacy/v1-bucket/69/691eed6cafa6f1bc0713856d835aa585.png,14447,691eed6cafa6f1bc0713856d835aa585
IdeiaDesenho/furry_base370..jpg,legacy/v1-bucket/f1/f15136312b8cb0139acfeb08ccdeb33e.jpg,294591,f15136312b8cb0139acfeb08ccdeb33e
IdeiaDesenho/furry_base371..jpg,legacy/v1-bucket/3a/3a67dbad6fb2e98221f79e684cf2d433.jpg,180528,3a67dbad6fb2e98221f79e684cf2d433
IdeiaDesenho/furry_base372..jpg,legacy/v1-bucket/1f/1fbd3efb5007d263f3abbe07911197b7.jpg,178666,1fbd3efb5007d263f3abbe07911197b7
IdeiaDesenho/furry_base373..jpg,legacy/v1-bucket/38/38df5e7c55023880632fe66763fc7628.jpg,226804,38df5e7c55023880632fe66763fc7628
IdeiaDesenho/furry_base374..jpg,legacy/v1-bucket/a2/a2ac6f6f9c531c906ebdd8405f559a9d.jpg,296994,a2ac6f6f9c531c906ebdd8405f559a9d
IdeiaDesenho/furry_base375..jpg,legacy/v1-bucket/65/65c2991c0070041a48b73cfb43ac1282.jpg,254104,65c2991c0070041a48b73cfb43ac1282
IdeiaDesenho/furry_base376..jpg,legacy/v1-bucket/42/427899ac2fb8801dd9216c83c1f7794f.jpg,366958,427899ac2fb8801dd9216c83c1f7794f
IdeiaDesenho/furry_base377..jpg,legacy/v1-bucket/c9/c9ae61b3845255adb7c2b740c0f8f547.jpg,329964,c9ae61b3845255adb7c2b740c0f8f547
IdeiaDesenho/furry_base378..jpg,legacy/v1-bucket/98/9808782f891b70d00dc71e3e04591771.jpg,493039,9808782f891b70d00dc71e3e04591771
IdeiaDesenho/furry_base379..jpg,legacy/v1-bucket/d9/d98e332767fb4f89ae14443e096eb549.jpg,327460,d98e332767fb4f89ae14443e096eb549
IdeiaDesenho/furry_base38..jpg,legacy/v1-bucket/cd/cd6639f9706ba4a70156b49548644251.jpg,87618,cd6639f9706ba4a70156b49548644251
IdeiaDesenho/furry_base380..jpg,legacy/v1-bucket/30/3077eba023782f38745aaba5b7a83b53.jpg,256530,3077eba023782f38745aaba5b7a83b53
IdeiaDesenho/furry_base381..jpg,legacy/v1-bucket/09/09d75e1e3ab07ba21d474aafc5751569.jpg,382796,09d75e1e3ab07ba21d474aafc5751569
IdeiaDesenho/furry_base382..jpg,legacy/v1-bucket/89/894c01972a038d5df21096a27ce404e0.jpg,411307,894c01972a038d5df21096a27ce404e0
IdeiaDesenho/furry_base383..jpg,legacy/v1-bucket/92/92e31f7222d5049ec2bdf59d43ea360e.jpg,381509,92e31f7222d5049ec2bdf59d43ea360e
IdeiaDesenho/furry_base384..jpg,legacy/v1-bucket/0b/0bede408b29c94a3e017960ef17bfdb0.jpg,266236,0bede408b29c94a3e017960ef17bfdb0
IdeiaDesenho/furry_base385..jpg,legacy/v1-bucket/84/840b4eec4358a7a382626d9ee9b7b70e.jpg,435433,840b4eec4358a7a382626d9ee9b7b70e
IdeiaDesenho/furry_base386..jpg,legacy/v1-bucket/88/88d12cef05967348d670942ee10fdd94.jpg,323092,88d12cef05967348d670942ee10fdd94
IdeiaDesenho/furry_base387..jpg,legacy/v1-bucket/b5/b58fa104073878ff3c10bca3f848f074.jpg,262730,b58fa104073878ff3c10bca3f848f074
IdeiaDesenho/furry_base388..jpg,legacy/v1-bucket/de/de3d7e1a1a0ad773d2c1bd6fc57d7718.jpg,325856,de3d7e1a1a0ad773d2c1bd6fc57d7718
IdeiaDesenho/furry_base389..jpg,legacy/v1-bucket/7c/7cb618c2f7ad23231bac4e71124fea3e.jpg,274974,7cb618c2f7ad23231bac4e71124fea3e
IdeiaDesenho/furry_base39..jpg,legacy/v1-bucket/36/365f0a5c18daa6fabe96463b924dc458.jpg,120108,365f0a5c18daa6fabe96463b924dc458
IdeiaDesenho/furry_base390..jpg,legacy/v1-bucket/15/15659c19206a6994387fcd3ee4646acd.jpg,346082,15659c19206a6994387fcd3ee4646acd
IdeiaDesenho/furry_base391..jpg,legacy/v1-bucket/67/6716f90ea31edf4fe9a2c7bb09afaa57.jpg,129438,6716f90ea31edf4fe9a2c7bb09afaa57
IdeiaDesenho/furry_base392..jpg,legacy/v1-bucket/c4/c496999edd01975f27df3986237e641d.jpg,248297,c496999edd01975f27df3986237e641d
IdeiaDesenho/furry_base393..jpg,legacy/v1-bucket/53/53f13385c18f4d5ce6a0fa12707f7da1.jpg,432139,53f13385c18f4d5ce6a0fa12707f7da1
IdeiaDesenho/furry_base394..jpg,legacy/v1-bucket/ba/baf5dd6ef373f9da6a8a398fb38a1a59.jpg,647749,baf5dd6ef373f9da6a8a398fb38a1a59
IdeiaDesenho/furry_base395..jpg,legacy/v1-bucket/df/df1a9ef8b8601ac71f155086657f51d7.jpg,223797,df1a9ef8b8601ac71f155086657f51d7
IdeiaDesenho/furry_base396..jpg,legacy/v1-bucket/64/64ac7b4b9b8269baa2bdb6b92b879768.jpg,267842,64ac7b4b9b8269baa2bdb6b92b879768
IdeiaDesenho/furry_base397..jpg,legacy/v1-bucket/96/967a57f638492d548c88fc56683a5776.jpg,276141,967a57f638492d548c88fc56683a5776
IdeiaDesenho/furry_base398..jpg,legacy/v1-bucket/8e/8eeef6b4c6957fb03c90627e55e756de.jpg,342514,8eeef6b4c6957fb03c90627e55e756de
IdeiaDesenho/furry_base399..jpg,legacy/v1-bucket/0c/0cb3e117e882b2818ed42af8100382c8.jpg,172412,0cb3e117e882b2818ed42af8100382c8
IdeiaDesenho/furry_base4..png,legacy/v1-bucket/fa/fa00c9364591770db4f0ea83c68619dc.png,66628,fa00c9364591770db4f0ea83c68619dc
IdeiaDesenho/furry_base40..jpg,legacy/v1-bucket/a9/a95fc3b48e4787a54f86068bd48c02ac.jpg,25924,a95fc3b48e4787a54f86068bd48c02ac
IdeiaDesenho/furry_base400..jpg,legacy/v1-bucket/02/02b4b5a452f7aee54fd6b50efda576fa.jpg,617709,02b4b5a452f7aee54fd6b50efda576fa
IdeiaDesenho/furry_base401..jpg,legacy/v1-bucket/1b/1be6b2357cef97df6d614814a8a50099.jpg,424484,1be6b2357cef97df6d614814a8a50099
IdeiaDesenho/furry_base402..jpg,legacy/v1-bucket/b9/b9592edd6515515582c5254d281cfb9c.jpg,211565,b9592edd6515515582c5254d281cfb9c
IdeiaDesenho/furry_base403..jpg,legacy/v1-bucket/4f/4f59c96d3d06b19f16e9654ae5805daf.jpg,313997,4f59c96d3d06b19f16e9654ae5805daf
IdeiaDesenho/furry_base404..jpg,legacy/v1-bucket/35/358af5d72aa23f923bc6e439318411e0.jpg,347350,358af5d72aa23f923bc6e439318411e0
IdeiaDesenho/furry_base405..jpg,legacy/v1-bucket/f8/f865b556529be988f5dfe6220a36868a.jpg,365230,f865b556529be988f5dfe6220a36868a
IdeiaDesenho/furry_base406..jpg,legacy/v1-bucket/a3/a382b5576ffeef06e5f9151433eafd5c.jpg,248784,a382b5576ffeef06e5f9151433eafd5c
IdeiaDesenho/furry_base407..jpg,legacy/v1-bucket/69/6988efa1118c1d38bc54def7926929be.jpg,337081,6988efa1118c1d38bc54def7926929be
IdeiaDesenho/furry_base408..jpg,legacy/v1-bucket/59/59dde3844197fa391eff6125fa0db391.jpg,389219,59dde3844197fa391eff6125fa0db391
IdeiaDesenho/furry_base409..jpg,legacy/v1-bucket/5f/5f121ddf166482c08f7595c0ecadc3c0.jpg,532488,5f121ddf166482c08f7595c0ecadc3c0
IdeiaDesenho/furry_base41..png,legacy/v1-bucket/e0/e0ebc61423ff067ad0088b75bdd0c0d1.png,414930,e0ebc61423ff067ad0088b75bdd0c0d1
IdeiaDesenho/furry_base410..jpg,legacy/v1-bucket/2a/2abf80afbad42523752abdd1a2a9046e.jpg,375228,2abf80afbad42523752abdd1a2a9046e
IdeiaDesenho/furry_base411..jpg,legacy/v1-bucket/58/58e097d4f960a1ce838eb989b6356988.jpg,323102,58e097d4f960a1ce838eb989b6356988
IdeiaDesenho/furry_base412..jpg,legacy/v1-bucket/16/16f4b432eca8b1fa7f2dd5b5a6f9a974.jpg,913210,16f4b432eca8b1fa7f2dd5b5a6f9a974
IdeiaDesenho/furry_base413..jpg,legacy/v1-bucket/97/97d0c57dc2b2f52e57714beb285e2a3c.jpg,479111,97d0c57dc2b2f52e57714beb285e2a3c
IdeiaDesenho/furry_base414..jpg,legacy/v1-bucket/f1/f137b19b8d6ae1c93fb73d9bbbb702cb.jpg,313978,f137b19b8d6ae1c93fb73d9bbbb702cb
IdeiaDesenho/furry_base415..jpg,legacy/v1-bucket/f5/f5bbac20d86b29601c14f382da29a6cc.jpg,768640,f5bbac20d86b29601c14f382da29a6cc
IdeiaDesenho/furry_base416..jpg,legacy/v1-bucket/aa/aa9d314ad3a1f6e03867bd10209030af.jpg,781188,aa9d314ad3a1f6e03867bd10209030af
IdeiaDesenho/furry_base417..jpg,legacy/v1-bucket/69/69fde783828de5eb3d8d53108acedabc.jpg,415925,69fde783828de5eb3d8d53108acedabc
IdeiaDesenho/furry_base418..jpg,legacy/v1-bucket/a0/a0288c23e9e0b13900bb0f59db89877c.jpg,337879,a0288c23e9e0b13900bb0f59db89877c
IdeiaDesenho/furry_base419..jpg,legacy/v1-bucket/e5/e5e827cdba7f6e0e2f228b64d803dda1.jpg,976107,e5e827cdba7f6e0e2f228b64d803dda1
IdeiaDesenho/furry_base42..jpg,legacy/v1-bucket/b7/b7e68adc3520c179a8e2d5b9b94d2fd0.jpg,69806,b7e68adc3520c179a8e2d5b9b94d2fd0
IdeiaDesenho/furry_base420..jpg,legacy/v1-bucket/62/62fa9e72a73cb144b3e9b2e614f752db.jpg,279563,62fa9e72a73cb144b3e9b2e614f752db
IdeiaDesenho/furry_base421..jpg,legacy/v1-bucket/85/853c8115ad5bdcb45dd00d573a30469c.jpg,318228,853c8115ad5bdcb45dd00d573a30469c
IdeiaDesenho/furry_base422..jpg,legacy/v1-bucket/9f/9f13d0c1bb2de2e01c05cc0e91fde45b.jpg,334249,9f13d0c1bb2de2e01c05cc0e91fde45b
IdeiaDesenho/furry_base423..jpg,legacy/v1-bucket/7a/7a209f58362b3aec50bb1f0102c090bf.jpg,447609,7a209f58362b3aec50bb1f0102c090bf
IdeiaDesenho/furry_base424..jpg,legacy/v1-bucket/f8/f83b4bc5850d8f6cec0f9f54477ca07d.jpg,313726,f83b4bc5850d8f6cec0f9f54477ca07d
IdeiaDesenho/furry_base425..jpg,legacy/v1-bucket/14/143e2ed64108fad1b42ff3af0bf2d3cc.jpg,344303,143e2ed64108fad1b42ff3af0bf2d3cc
IdeiaDesenho/furry_base426..jpg,legacy/v1-bucket/d9/d9e2d18a967c855784f73bd8cc64dd6a.jpg,276236,d9e2d18a967c855784f73bd8cc64dd6a
IdeiaDesenho/furry_base427..jpg,legacy/v1-bucket/ed/edcb8d106d83d296a7eff84ed9b1ffea.jpg,214190,edcb8d106d83d296a7eff84ed9b1ffea
IdeiaDesenho/furry_base428..jpg,legacy/v1-bucket/01/014d694b8e075e99c4cdd73ca0ba229f.jpg,372906,014d694b8e075e99c4cdd73ca0ba229f
IdeiaDesenho/furry_base429..jpg,legacy/v1-bucket/92/9216933ab735c571b939eb7d979edea5.jpg,293143,9216933ab735c571b939eb7d979edea5
IdeiaDesenho/furry_base43..jpg,legacy/v1-bucket/ca/ca01ee43f31c6abe52dc582ac1393a3b.jpg,78494,ca01ee43f31c6abe52dc582ac1393a3b
IdeiaDesenho/furry_base430..jpg,legacy/v1-bucket/9b/9b36e4de49108aef20bd9e6ef64c5937.jpg,312182,9b36e4de49108aef20bd9e6ef64c5937
IdeiaDesenho/furry_base431..jpg,legacy/v1-bucket/4e/4eab9e9485200f03e53be19212ccef3f.jpg,387550,4eab9e9485200f03e53be19212ccef3f
IdeiaDesenho/furry_base432..jpg,legacy/v1-bucket/60/60b8c29734f0e228d3904eed300156b6.jpg,286503,60b8c29734f0e228d3904eed300156b6
IdeiaDesenho/furry_base433..jpg,legacy/v1-bucket/5f/5f03f6b5409d32d29460134445295f10.jpg,365754,5f03f6b5409d32d29460134445295f10
IdeiaDesenho/furry_base434..jpg,legacy/v1-bucket/6b/6bd0933318103b9cbbdd54afb76e1523.jpg,314645,6bd0933318103b9cbbdd54afb76e1523
IdeiaDesenho/furry_base435..jpg,legacy/v1-bucket/67/675ceeb71cc90a6ff32769330dc5a8a7.jpg,265725,675ceeb71cc90a6ff32769330dc5a8a7
IdeiaDesenho/furry_base436..jpg,legacy/v1-bucket/23/231fb5047e093694218d567d2b4104d2.jpg,447600,231fb5047e093694218d567d2b4104d2
IdeiaDesenho/furry_base437..jpg,legacy/v1-bucket/98/98a6142de23f7067ab5eb515407a4350.jpg,315857,98a6142de23f7067ab5eb515407a4350
IdeiaDesenho/furry_base438..jpg,legacy/v1-bucket/99/99f5da5c7d4e85a186b6eef240c06308.jpg,306742,99f5da5c7d4e85a186b6eef240c06308
IdeiaDesenho/furry_base439..jpg,legacy/v1-bucket/9e/9ea4593cc02f17a7ce82efb68d53d4fd.jpg,340930,9ea4593cc02f17a7ce82efb68d53d4fd
IdeiaDesenho/furry_base44..jpg,legacy/v1-bucket/6f/6f63d4de871707e3ee64d94b7e8e56ff.jpg,26637,6f63d4de871707e3ee64d94b7e8e56ff
IdeiaDesenho/furry_base440..jpg,legacy/v1-bucket/94/94e631335f91807ea2ddae43e80066b3.jpg,609299,94e631335f91807ea2ddae43e80066b3
IdeiaDesenho/furry_base441..jpg,legacy/v1-bucket/a0/a0a91ecc66660c67adecf1658042e1ec.jpg,248852,a0a91ecc66660c67adecf1658042e1ec
IdeiaDesenho/furry_base442..jpg,legacy/v1-bucket/61/613595e194cb35f8ab3d4f347c9ab07f.jpg,297280,613595e194cb35f8ab3d4f347c9ab07f
IdeiaDesenho/furry_base443..jpg,legacy/v1-bucket/47/47e0fc7dae722f08abad2f2972500411.jpg,354560,47e0fc7dae722f08abad2f2972500411
IdeiaDesenho/furry_base444..jpg,legacy/v1-bucket/ef/ef8591211e27f51cb2d0e3214009d5cd.jpg,406970,ef8591211e27f51cb2d0e3214009d5cd
IdeiaDesenho/furry_base445..jpg,legacy/v1-bucket/4f/4fbe5bdada502224191a309d7b1ab83f.jpg,112902,4fbe5bdada502224191a309d7b1ab83f
IdeiaDesenho/furry_base446..jpg,legacy/v1-bucket/71/71ed70ba9dcc3b505bd1c33b95c531e5.jpg,98403,71ed70ba9dcc3b505bd1c33b95c531e5
IdeiaDesenho/furry_base447..png,legacy/v1-bucket/8b/8b95f64bfa100a954a32b875abf98088.png,26691,8b95f64bfa100a954a32b875abf98088
IdeiaDesenho/furry_base448..png,legacy/v1-bucket/85/85d2c90b5becc0ee30058ba3cdbc5f97.png,17056,85d2c90b5becc0ee30058ba3cdbc5f97
IdeiaDesenho/furry_base449..png,legacy/v1-bucket/5a/5a7971bf15a3fc9abf23a44973f48390.png,9818,5a7971bf15a3fc9abf23a44973f48390
IdeiaDesenho/furry_base45..png,legacy/v1-bucket/5d/5d5e665f41b7630a97a00dae4018a46c.png,154765,5d5e665f41b7630a97a00dae4018a46c
IdeiaDesenho/furry_base450..png,legacy/v1-bucket/14/14ee1c9feef101f72caccc1b07740947.png,92795,14ee1c9feef101f72caccc1b07740947
IdeiaDesenho/furry_base451..png,legacy/v1-bucket/28/28b351f154b98436104a3069e5d79b7d.png,9924,28b351f154b98436104a3069e5d79b7d
IdeiaDesenho/furry_base452..png,legacy/v1-bucket/ec/ec9c1ed1e89d97ac8571f6b4565bc769.png,12429,ec9c1ed1e89d97ac8571f6b4565bc769
IdeiaDesenho/furry_base453..png,legacy/v1-bucket/8b/8b6e9a8c78c07f4a3c604ce2f8dc3877.png,10171,8b6e9a8c78c07f4a3c604ce2f8dc3877
IdeiaDesenho/furry_base454..png,legacy/v1-bucket/29/2912f07ed4e2b9473b8c7e538d1778d2.png,27114,2912f07ed4e2b9473b8c7e538d1778d2
IdeiaDesenho/furry_base455..png,legacy/v1-bucket/58/585fde7d50b05ce2c17071b4fd1debac.png,14085,585fde7d50b05ce2c17071b4fd1debac
IdeiaDesenho/furry_base456..jpg,legacy/v1-bucket/18/185160edb5fd9aad365b670a295c81cf.jpg,55424,185160edb5fd9aad365b670a295c81cf
IdeiaDesenho/furry_base457..png,legacy/v1-bucket/30/30e2e4b0afd33c168773fbe1faede3a6.png,17034,30e2e4b0afd33c168773fbe1faede3a6
IdeiaDesenho/furry_base458..jpg,legacy/v1-bucket/44/44fe5dd898cb8c2108d10571a5b8c559.jpg,109708,44fe5dd898cb8c2108d10571a5b8c559
IdeiaDesenho/furry_base459..jpg,legacy/v1-bucket/de/de7f0db3ad1d0305b322393b039aec7b.jpg,42911,de7f0db3ad1d0305b322393b039aec7b
IdeiaDesenho/furry_base46..png,legacy/v1-bucket/71/711198255b6fbbd90b0ebd828d2652e8.png,275832,711198255b6fbbd90b0ebd828d2652e8
IdeiaDesenho/furry_base460..png,legacy/v1-bucket/a5/a52fbd36c6bdbb0f047c2d541ea04831.png,99773,a52fbd36c6bdbb0f047c2d541ea04831
IdeiaDesenho/furry_base461..png,legacy/v1-bucket/58/58d79d67b56be591d4b3516ff871bf14.png,13101,58d79d67b56be591d4b3516ff871bf14
IdeiaDesenho/furry_base462..jpg,legacy/v1-bucket/57/575dc85abb28d22ae0fb68dfb168c281.jpg,85837,575dc85abb28d22ae0fb68dfb168c281
IdeiaDesenho/furry_base463..jpg,legacy/v1-bucket/1b/1bee30f172bc1b80e307207dc030b92f.jpg,16569,1bee30f172bc1b80e307207dc030b92f
IdeiaDesenho/furry_base464..png,legacy/v1-bucket/db/db1ce1c1a6648193c92aa1553135cbd7.png,8056,db1ce1c1a6648193c92aa1553135cbd7
IdeiaDesenho/furry_base47..png,legacy/v1-bucket/91/91819ddaf00d077ebb9cd286255c707d.png,20475,91819ddaf00d077ebb9cd286255c707d
IdeiaDesenho/furry_base48..jpg,legacy/v1-bucket/9c/9c9f5953a05d4549c665c385ee12e858.jpg,118320,9c9f5953a05d4549c665c385ee12e858
IdeiaDesenho/furry_base49..png,legacy/v1-bucket/1b/1b229584180baae2c7e8e488bd3449cc.png,297754,1b229584180baae2c7e8e488bd3449cc
IdeiaDesenho/furry_base5..png,legacy/v1-bucket/8e/8ea4cca5e8f6808d1a787ce95b8bfcd4.png,196650,8ea4cca5e8f6808d1a787ce95b8bfcd4
IdeiaDesenho/furry_base50..jpg,legacy/v1-bucket/da/daac372220f38ff645048b823a75636a.jpg,56384,daac372220f38ff645048b823a75636a
IdeiaDesenho/furry_base51..png,legacy/v1-bucket/ab/ab8abf4f245d30d4ef081c866afeaf5a.png,15974,ab8abf4f245d30d4ef081c866afeaf5a
IdeiaDesenho/furry_base52..jpg,legacy/v1-bucket/93/93d13cf24320f01d60718a6ca3f4e60d.jpg,100594,93d13cf24320f01d60718a6ca3f4e60d
IdeiaDesenho/furry_base53..png,legacy/v1-bucket/54/542ca75ee25af799ef28e04641876d32.png,74867,542ca75ee25af799ef28e04641876d32
IdeiaDesenho/furry_base6..png,legacy/v1-bucket/a2/a276c49cd8c19155af56475f01151c11.png,52489,a276c49cd8c19155af56475f01151c11
IdeiaDesenho/furry_base61..png,legacy/v1-bucket/ec/ecc9b91fbd8c156701b839b91ff30c00.png,7383,ecc9b91fbd8c156701b839b91ff30c00
IdeiaDesenho/furry_base62..jpeg,legacy/v1-bucket/13/1369442860863ca9bfed2dc8ff0f98c5.jpeg,8733,1369442860863ca9bfed2dc8ff0f98c5
IdeiaDesenho/furry_base64..png,legacy/v1-bucket/d9/d94903b03414f6bd1f5f788eefe72447.png,6321,d94903b03414f6bd1f5f788eefe72447
IdeiaDesenho/furry_base67..png,legacy/v1-bucket/c4/c4ae73cde83507d714c46883632fc588.png,6086,c4ae73cde83507d714c46883632fc588
IdeiaDesenho/furry_base7..png,legacy/v1-bucket/98/986853f0cfe1271477e535cfd97adae4.png,14419,986853f0cfe1271477e535cfd97adae4
IdeiaDesenho/furry_base70..jpeg,legacy/v1-bucket/0c/0cf9373324f5d811c934a70b22993ab5.jpeg,9432,0cf9373324f5d811c934a70b22993ab5
IdeiaDesenho/furry_base71..png,legacy/v1-bucket/69/6978cfd7b88e9514f39d24dde37d7e71.png,7419,6978cfd7b88e9514f39d24dde37d7e71
IdeiaDesenho/furry_base73..png,legacy/v1-bucket/97/97241636f69a932d872a2d6aeca65ce8.png,8238,97241636f69a932d872a2d6aeca65ce8
IdeiaDesenho/furry_base74..jpeg,legacy/v1-bucket/9a/9af25d6dcabe3fc973af6112d64c4263.jpeg,8844,9af25d6dcabe3fc973af6112d64c4263
IdeiaDesenho/furry_base75..png,legacy/v1-bucket/96/9600b362a31b3ff401713ada7b425c4b.png,8036,9600b362a31b3ff401713ada7b425c4b
IdeiaDesenho/furry_base76..png,legacy/v1-bucket/eb/eb256f4c5d07da2c74f96dc947c0b072.png,9329,eb256f4c5d07da2c74f96dc947c0b072
IdeiaDesenho/furry_base77..png,legacy/v1-bucket/8f/8f0758cab0426ef1015addf855e90a14.png,11204,8f0758cab0426ef1015addf855e90a14
IdeiaDesenho/furry_base78..png,legacy/v1-bucket/6f/6f325f07c39aec3342afaae0a58b47e6.png,8240,6f325f07c39aec3342afaae0a58b47e6
IdeiaDesenho/furry_base79..jpg,legacy/v1-bucket/9b/9bbac198e36012b4bbaa00edd7582294.jpg,355181,9bbac198e36012b4bbaa00edd7582294
IdeiaDesenho/furry_base8..png,legacy/v1-bucket/bd/bd50c1478358502267301186ba064fe6.png,142145,bd50c1478358502267301186ba064fe6
IdeiaDesenho/furry_base80..jpg,legacy/v1-bucket/04/0471c529bd7744250f3463d5585248cd.jpg,269883,0471c529bd7744250f3463d5585248cd
IdeiaDesenho/furry_base81..jpg,legacy/v1-bucket/8b/8b02300bbd2a13bd81d97c67a1a2a856.jpg,414098,8b02300bbd2a13bd81d97c67a1a2a856
IdeiaDesenho/furry_base82..jpg,legacy/v1-bucket/02/02fdbfdcc98368c4718a7fced6279acf.jpg,298605,02fdbfdcc98368c4718a7fced6279acf
IdeiaDesenho/furry_base83..jpg,legacy/v1-bucket/9b/9b93932e22886e9ee50c368ad048decb.jpg,295804,9b93932e22886e9ee50c368ad048decb
IdeiaDesenho/furry_base84..jpg,legacy/v1-bucket/bd/bd6f9b2eccc78ba7131bb99a380c349c.jpg,193234,bd6f9b2eccc78ba7131bb99a380c349c
IdeiaDesenho/furry_base85..jpg,legacy/v1-bucket/1e/1ec735d4bd751bbe1af87844466ac421.jpg,809830,1ec735d4bd751bbe1af87844466ac421
IdeiaDesenho/furry_base86..jpg,legacy/v1-bucket/8e/8ed857e35a9d4bc12b493bb3cc1821e9.jpg,419531,8ed857e35a9d4bc12b493bb3cc1821e9
IdeiaDesenho/furry_base87..jpg,legacy/v1-bucket/86/8612e0c4b5dab0597fe3f389e4df49f1.jpg,388778,8612e0c4b5dab0597fe3f389e4df49f1
IdeiaDesenho/furry_base88..jpg,legacy/v1-bucket/d6/d69171a8e0c1ce13f0d6b627ca32afbb.jpg,553843,d69171a8e0c1ce13f0d6b627ca32afbb
IdeiaDesenho/furry_base89..jpg,legacy/v1-bucket/3d/3de8e20ce1783183e932e3ca185739d5.jpg,346036,3de8e20ce1783183e932e3ca185739d5
IdeiaDesenho/furry_base9..png,legacy/v1-bucket/60/600cec3664e6861024d0e995029192d4.png,16796,600cec3664e6861024d0e995029192d4
IdeiaDesenho/furry_base90..jpg,legacy/v1-bucket/86/86f3fb9a6d9b2f9e833d5dbe89c4a164.jpg,315000,86f3fb9a6d9b2f9e833d5dbe89c4a164
IdeiaDesenho/furry_base91..jpg,legacy/v1-bucket/eb/ebdd9936b5a2638454f6a3468ed8ba6c.jpg,306197,ebdd9936b5a2638454f6a3468ed8ba6c
IdeiaDesenho/furry_base92..jpg,legacy/v1-bucket/e0/e0c47b96d1078a1c877494ea83dde76a.jpg,320836,e0c47b96d1078a1c877494ea83dde76a
IdeiaDesenho/furry_base93..jpg,legacy/v1-bucket/7f/7f2db7df1f56ea6ba664e3cda6935f30.jpg,423114,7f2db7df1f56ea6ba664e3cda6935f30
IdeiaDesenho/furry_base94..jpg,legacy/v1-bucket/38/38702411b3853f112449a72e04f66aa3.jpg,172122,38702411b3853f112449a72e04f66aa3
IdeiaDesenho/furry_base95..jpg,legacy/v1-bucket/70/706d1cda95c1570027343c0b7d5f5023.jpg,431332,706d1cda95c1570027343c0b7d5f5023
IdeiaDesenho/furry_base96..jpg,legacy/v1-bucket/e4/e42c3b04308e74fd975b2f6a0f1d91f2.jpg,72840,e42c3b04308e74fd975b2f6a0f1d91f2
IdeiaDesenho/furry_base97..jpg,legacy/v1-bucket/d5/d50ad6c09b65d18cb872e4d620247123.jpg,614797,d50ad6c09b65d18cb872e4d620247123
IdeiaDesenho/furry_base98..jpg,legacy/v1-bucket/37/37d03f2a9f64f292964806e03afd72dc.jpg,569576,37d03f2a9f64f292964806e03afd72dc
IdeiaDesenho/furry_base99..jpg,legacy/v1-bucket/0e/0e6f52d41d1fda73a6ab65d8b5627842.jpg,527334,0e6f52d41d1fda73a6ab65d8b5627842
IdeiaDesenho/furry_f2u_0.png,legacy/v1-bucket/30/30cd11d9ddecf5e9cba7133993ac96bb.png,9355,30cd11d9ddecf5e9cba7133993ac96bb
IdeiaDesenho/furry_f2u_1.png,legacy/v1-bucket/19/19370a3dd830b7c1b8e367187909470e.png,8669,19370a3dd830b7c1b8e367187909470e
IdeiaDesenho/furry_f2u_10.png,legacy/v1-bucket/1d/1d97c4fe56c0f07e11612878cfc9da63.png,9428,1d97c4fe56c0f07e11612878cfc9da63
IdeiaDesenho/furry_f2u_100.png,legacy/v1-bucket/cc/ccd1e849e169d49b32c7fe127c778706.png,9316,ccd1e849e169d49b32c7fe127c778706
IdeiaDesenho/furry_f2u_101.png,legacy/v1-bucket/5b/5bbd7f220c0bfe9c014acd100fded4b2.png,9964,5bbd7f220c0bfe9c014acd100fded4b2
IdeiaDesenho/furry_f2u_102.png,legacy/v1-bucket/3c/3c9e260b3a2f7902b3eff7ccdc598632.png,7136,3c9e260b3a2f7902b3eff7ccdc598632
IdeiaDesenho/furry_f2u_103.png,legacy/v1-bucket/d7/d706b63823a3ac8b7d4760fa7d4ca5e3.png,6778,d706b63823a3ac8b7d4760fa7d4ca5e3
IdeiaDesenho/furry_f2u_104.png,legacy/v1-bucket/9d/9db9feffd60674efda9b7c110e723196.png,9967,9db9feffd60674efda9b7c110e723196
IdeiaDesenho/furry_f2u_105.png,legacy/v1-bucket/77/773f64afc34b8d7a635ffcbd0e06597a.png,10047,773f64afc34b8d7a635ffcbd0e06597a
IdeiaDesenho/furry_f2u_106.png,legacy/v1-bucket/d6/d63cbd65567d78f54df70e2cf239e6b2.png,7160,d63cbd65567d78f54df70e2cf239e6b2
IdeiaDesenho/furry_f2u_108.png,legacy/v1-bucket/7e/7ee240bcfe1ed0905705cbd85b8807cb.png,14719,7ee240bcfe1ed0905705cbd85b8807cb
IdeiaDesenho/furry_f2u_109.png,legacy/v1-bucket/93/93d9b045cd4eb38e91a11955fb723137.png,14254,93d9b045cd4eb38e91a11955fb723137
IdeiaDesenho/furry_f2u_11.png,legacy/v1-bucket/b3/b3c16f4805edf3cecd3d12dcfe0faf1c.png,10991,b3c16f4805edf3cecd3d12dcfe0faf1c
IdeiaDesenho/furry_f2u_110.png,legacy/v1-bucket/ad/adaf31c3df72ed6b37ba447654f10d65.png,6798,adaf31c3df72ed6b37ba447654f10d65
IdeiaDesenho/furry_f2u_111.png,legacy/v1-bucket/91/91e535ee51c06cf35eb3a40506b34b53.png,9075,91e535ee51c06cf35eb3a40506b34b53
IdeiaDesenho/furry_f2u_112.png,legacy/v1-bucket/3c/3c068f6bbf0d436c333ba20a75507075.png,5061,3c068f6bbf0d436c333ba20a75507075
IdeiaDesenho/furry_f2u_113.png,legacy/v1-bucket/37/374f40bffb1c9639cd07a776e491be97.png,14282,374f40bffb1c9639cd07a776e491be97
IdeiaDesenho/furry_f2u_114.png,legacy/v1-bucket/9d/9d4df6e25a76676b3794059543f39c6d.png,8616,9d4df6e25a76676b3794059543f39c6d
IdeiaDesenho/furry_f2u_115.png,legacy/v1-bucket/0a/0a3dd1cadf4d6823cbaf7867d6e7f4f5.png,9813,0a3dd1cadf4d6823cbaf7867d6e7f4f5
IdeiaDesenho/furry_f2u_116.png,legacy/v1-bucket/78/787ba75f3f239b1220365caeb83c246b.png,9557,787ba75f3f239b1220365caeb83c246b
IdeiaDesenho/furry_f2u_117.png,legacy/v1-bucket/bb/bb11ebbf00ae196232d2f6d8f4bff3b5.png,8797,bb11ebbf00ae196232d2f6d8f4bff3b5
IdeiaDesenho/furry_f2u_119.png,legacy/v1-bucket/a7/a7787ee7383a6826705835632bd9c468.png,12344,a7787ee7383a6826705835632bd9c468
IdeiaDesenho/furry_f2u_12.png,legacy/v1-bucket/3c/3c076c868bed094e9c6abe39e608094f.png,193031,3c076c868bed094e9c6abe39e608094f
IdeiaDesenho/furry_f2u_120.png,legacy/v1-bucket/21/217e19dac03ec1ff8139b75d937ea80e.png,6636,217e19dac03ec1ff8139b75d937ea80e
IdeiaDesenho/furry_f2u_121.png,legacy/v1-bucket/f0/f089cc1444c1bd060b5699aa366dda4c.png,12395,f089cc1444c1bd060b5699aa366dda4c
IdeiaDesenho/furry_f2u_122.png,legacy/v1-bucket/9f/9f03d63379a3967bd8f2e88b20a9bca7.png,6280,9f03d63379a3967bd8f2e88b20a9bca7
IdeiaDesenho/furry_f2u_123.png,legacy/v1-bucket/f6/f617ab224ab00bd72a1af97ab91d7332.png,12279,f617ab224ab00bd72a1af97ab91d7332
IdeiaDesenho/furry_f2u_124.png,legacy/v1-bucket/fc/fc5ef6f1fcb1a24b5bb1e301882d9d8c.png,10853,fc5ef6f1fcb1a24b5bb1e301882d9d8c
IdeiaDesenho/furry_f2u_125.png,legacy/v1-bucket/dd/dd672da630fc3dd56fa1393cf2a34b40.png,10254,dd672da630fc3dd56fa1393cf2a34b40
IdeiaDesenho/furry_f2u_126.png,legacy/v1-bucket/bb/bbc0996578f213fa5016642b7a7e6bac.png,4337,bbc0996578f213fa5016642b7a7e6bac
IdeiaDesenho/furry_f2u_127.png,legacy/v1-bucket/b2/b2438c54c4741ffbe854eec0e65d93e2.png,10759,b2438c54c4741ffbe854eec0e65d93e2
IdeiaDesenho/furry_f2u_128.png,legacy/v1-bucket/dd/dd28658517bb265c6f3393f6ec3f146b.png,11355,dd28658517bb265c6f3393f6ec3f146b
IdeiaDesenho/furry_f2u_13.png,legacy/v1-bucket/8f/8ff2dcf45815d11231b0741fb4ee1089.png,9880,8ff2dcf45815d11231b0741fb4ee1089
IdeiaDesenho/furry_f2u_130.png,legacy/v1-bucket/84/84953bbf1d6bba3b7823171297623dbe.png,13614,84953bbf1d6bba3b7823171297623dbe
IdeiaDesenho/furry_f2u_131.png,legacy/v1-bucket/45/455e0d9a142f6a2915494e67fada12f5.png,14873,455e0d9a142f6a2915494e67fada12f5
IdeiaDesenho/furry_f2u_132.png,legacy/v1-bucket/24/24738869c060aad4329c9b56f8408eb1.png,9553,24738869c060aad4329c9b56f8408eb1
IdeiaDesenho/furry_f2u_133.png,legacy/v1-bucket/c8/c814c83933039b1c95018251d3ea0309.png,12011,c814c83933039b1c95018251d3ea0309
IdeiaDesenho/furry_f2u_135.png,legacy/v1-bucket/18/181f42f5785d7ec35c36d87dab050245.png,9528,181f42f5785d7ec35c36d87dab050245
IdeiaDesenho/furry_f2u_138.png,legacy/v1-bucket/c2/c2a2af1704ce7aadc226c5c906ccf38e.png,7158,c2a2af1704ce7aadc226c5c906ccf38e
IdeiaDesenho/furry_f2u_14.png,legacy/v1-bucket/cc/cc778727c1cfc20c492cd8ca87c76e18.png,8222,cc778727c1cfc20c492cd8ca87c76e18
IdeiaDesenho/furry_f2u_140.png,legacy/v1-bucket/1e/1ee61f215b031786e174ad865ed2559e.png,6340,1ee61f215b031786e174ad865ed2559e
IdeiaDesenho/furry_f2u_141.png,legacy/v1-bucket/ef/ef3d20a909b8dfc03547b39988bbba5c.png,20007,ef3d20a909b8dfc03547b39988bbba5c
IdeiaDesenho/furry_f2u_142.png,legacy/v1-bucket/18/1844b6c24bb5e84a4c70f9fa1791d2c1.png,7560,1844b6c24bb5e84a4c70f9fa1791d2c1
IdeiaDesenho/furry_f2u_143.png,legacy/v1-bucket/2e/2ec8179c99014a47a10b29aa4532f902.png,11694,2ec8179c99014a47a10b29aa4532f902
IdeiaDesenho/furry_f2u_144.png,legacy/v1-bucket/c9/c93f2553c958aaf8b4dae13a884b2581.png,8363,c93f2553c958aaf8b4dae13a884b2581
IdeiaDesenho/furry_f2u_145.png,legacy/v1-bucket/31/312c6d6a971697deabcdca3666c5738d.png,6174,312c6d6a971697deabcdca3666c5738d
IdeiaDesenho/furry_f2u_146.png,legacy/v1-bucket/71/71f98fa96d5dbc27f0a3f0c408648d5e.png,15319,71f98fa96d5dbc27f0a3f0c408648d5e
IdeiaDesenho/furry_f2u_147.png,legacy/v1-bucket/f6/f637e4d2cc839545b44273fed0439261.png,9402,f637e4d2cc839545b44273fed0439261
IdeiaDesenho/furry_f2u_149.png,legacy/v1-bucket/01/0161a308dad395ceeefa068e0125e615.png,11574,0161a308dad395ceeefa068e0125e615
IdeiaDesenho/furry_f2u_15.png,legacy/v1-bucket/a8/a815fb89b01d34b76f1e1badb4236d87.png,5515,a815fb89b01d34b76f1e1badb4236d87
IdeiaDesenho/furry_f2u_150.png,legacy/v1-bucket/d3/d395ed2d4f6fe689ea9eca2519d17c0f.png,6240,d395ed2d4f6fe689ea9eca2519d17c0f
IdeiaDesenho/furry_f2u_152.png,legacy/v1-bucket/10/10b41927f73b8408c11de97750b19109.png,5583,10b41927f73b8408c11de97750b19109
IdeiaDesenho/furry_f2u_153.png,legacy/v1-bucket/f6/f6c269eaf4b07f8923b570a3724449bf.png,12669,f6c269eaf4b07f8923b570a3724449bf
IdeiaDesenho/furry_f2u_154.png,legacy/v1-bucket/b5/b506b5c185a13733f9e56b315ebc79ff.png,8049,b506b5c185a13733f9e56b315ebc79ff
IdeiaDesenho/furry_f2u_155.png,legacy/v1-bucket/b2/b214e1f28ab7fcd5eaefa5361b87452c.png,12238,b214e1f28ab7fcd5eaefa5361b87452c
IdeiaDesenho/furry_f2u_156.png,legacy/v1-bucket/b2/b22e6131a5e9c312da47bec82f0fb092.png,5860,b22e6131a5e9c312da47bec82f0fb092
IdeiaDesenho/furry_f2u_158.png,legacy/v1-bucket/a5/a5aff9e1976c59c69856fd7a446b33fe.png,5860,a5aff9e1976c59c69856fd7a446b33fe
IdeiaDesenho/furry_f2u_159.png,legacy/v1-bucket/95/95541306fa118a16233aaf77593970f4.png,10680,95541306fa118a16233aaf77593970f4
IdeiaDesenho/furry_f2u_16.png,legacy/v1-bucket/6a/6a8eb872e08cfc09051c344eb63eae98.png,7451,6a8eb872e08cfc09051c344eb63eae98
IdeiaDesenho/furry_f2u_160.png,legacy/v1-bucket/6f/6fdc3a5912abc5d092204d90d39f2131.png,16589,6fdc3a5912abc5d092204d90d39f2131
IdeiaDesenho/furry_f2u_161.png,legacy/v1-bucket/38/38dff7060e2e16d2825fd52ec2242317.png,19647,38dff7060e2e16d2825fd52ec2242317
IdeiaDesenho/furry_f2u_162.png,legacy/v1-bucket/b7/b7fe8c29c672f96a73194b2f0e95efa5.png,5537,b7fe8c29c672f96a73194b2f0e95efa5
IdeiaDesenho/furry_f2u_163.png,legacy/v1-bucket/07/079b4a1837c153e6c43602fc5c62593b.png,9946,079b4a1837c153e6c43602fc5c62593b
IdeiaDesenho/furry_f2u_164.png,legacy/v1-bucket/0f/0f9b21c49b37248e83f295619ef34d29.png,579769,0f9b21c49b37248e83f295619ef34d29
IdeiaDesenho/furry_f2u_166.png,legacy/v1-bucket/f8/f858ae1d909d9614d23b874531b3271a.png,5471,f858ae1d909d9614d23b874531b3271a
IdeiaDesenho/furry_f2u_167.png,legacy/v1-bucket/7d/7dbc31852bfc6c3f49854a62b85a0732.png,7720,7dbc31852bfc6c3f49854a62b85a0732
IdeiaDesenho/furry_f2u_168.png,legacy/v1-bucket/99/994513aed4409f5a38a0bb7d66a207a9.png,5873,994513aed4409f5a38a0bb7d66a207a9
IdeiaDesenho/furry_f2u_17.png,legacy/v1-bucket/03/034e9f06e1467acd56eeb6b704b66d42.png,12746,034e9f06e1467acd56eeb6b704b66d42
IdeiaDesenho/furry_f2u_171.png,legacy/v1-bucket/1f/1f4296cb417b2b58b9acc669bad7e05f.png,9936,1f4296cb417b2b58b9acc669bad7e05f
IdeiaDesenho/furry_f2u_172.png,legacy/v1-bucket/fd/fd9a7d4f1e8c2c762173a4ee5cb26e1f.png,9933,fd9a7d4f1e8c2c762173a4ee5cb26e1f
IdeiaDesenho/furry_f2u_173.png,legacy/v1-bucket/b5/b5db3c8c41a2b7c12f1804d4e868e198.png,7726,b5db3c8c41a2b7c12f1804d4e868e198
IdeiaDesenho/furry_f2u_174.png,legacy/v1-bucket/e2/e28195ff796d4aa2c1744119b73216db.png,9134,e28195ff796d4aa2c1744119b73216db
IdeiaDesenho/furry_f2u_175.png,legacy/v1-bucket/10/10ec69fd2bb6c91282068789b0607ac3.png,9875,10ec69fd2bb6c91282068789b0607ac3
IdeiaDesenho/furry_f2u_177.png,legacy/v1-bucket/3d/3d909e2be2afc0ad628335440acb5b1e.png,13450,3d909e2be2afc0ad628335440acb5b1e
IdeiaDesenho/furry_f2u_178.png,legacy/v1-bucket/3c/3c31c3f6eeb5eb74412daa477aeb728e.png,7192,3c31c3f6eeb5eb74412daa477aeb728e
IdeiaDesenho/furry_f2u_179.png,legacy/v1-bucket/e9/e9196db9952f909593e516d0d2425d7c.png,7137,e9196db9952f909593e516d0d2425d7c
IdeiaDesenho/furry_f2u_18.png,legacy/v1-bucket/97/97ab760c2ee239fe42598714c7c04ca6.png,11247,97ab760c2ee239fe42598714c7c04ca6
IdeiaDesenho/furry_f2u_180.png,legacy/v1-bucket/45/45414f4c2367bb1017e1570ad54a49a0.png,5508,45414f4c2367bb1017e1570ad54a49a0
IdeiaDesenho/furry_f2u_181.png,legacy/v1-bucket/40/4003be6fbb349058aaa247b90f3c1ad4.png,4089,4003be6fbb349058aaa247b90f3c1ad4
IdeiaDesenho/furry_f2u_182.png,legacy/v1-bucket/b4/b41d644c2771daa731b5138b2fc35346.png,9243,b41d644c2771daa731b5138b2fc35346
IdeiaDesenho/furry_f2u_186.png,legacy/v1-bucket/b5/b52cf979d3de1458e2ea36dfad4d0f80.png,8087,b52cf979d3de1458e2ea36dfad4d0f80
IdeiaDesenho/furry_f2u_187.png,legacy/v1-bucket/e3/e32eaf21f322aef8214f005a1f211048.png,12014,e32eaf21f322aef8214f005a1f211048
IdeiaDesenho/furry_f2u_188.png,legacy/v1-bucket/65/654755ec67f909628d9847e93e15516e.png,12525,654755ec67f909628d9847e93e15516e
IdeiaDesenho/furry_f2u_189.png,legacy/v1-bucket/d1/d127cb1410afa93e6195b2715f466706.png,11079,d127cb1410afa93e6195b2715f466706
IdeiaDesenho/furry_f2u_19.png,legacy/v1-bucket/80/80013342830033c29198b7ba08719fe4.png,11706,80013342830033c29198b7ba08719fe4
IdeiaDesenho/furry_f2u_190.png,legacy/v1-bucket/a4/a436502c32a43933a01d71443489fa42.png,5843,a436502c32a43933a01d71443489fa42
IdeiaDesenho/furry_f2u_191.png,legacy/v1-bucket/70/70c8517cbb159cdb6ee934560e7e1a9d.png,8877,70c8517cbb159cdb6ee934560e7e1a9d
IdeiaDesenho/furry_f2u_192.png,legacy/v1-bucket/55/550c4c31b0f064afe0cdcdf6fdc15a26.png,11075,550c4c31b0f064afe0cdcdf6fdc15a26
IdeiaDesenho/furry_f2u_193.png,legacy/v1-bucket/37/37619dbc516f81bb57119cd5e91c3615.png,14560,37619dbc516f81bb57119cd5e91c3615
IdeiaDesenho/furry_f2u_194.png,legacy/v1-bucket/8b/8b83ecfb084d855f4ac5ba2a962438b1.png,6175,8b83ecfb084d855f4ac5ba2a962438b1
IdeiaDesenho/furry_f2u_196.png,legacy/v1-bucket/5b/5b89ca734a83e367c93e0fa3ad621b9e.png,11150,5b89ca734a83e367c93e0fa3ad621b9e
IdeiaDesenho/furry_f2u_197.png,legacy/v1-bucket/9e/9e92b5dd0dd83f3e56a888cd5f17a02d.png,14176,9e92b5dd0dd83f3e56a888cd5f17a02d
IdeiaDesenho/furry_f2u_199.png,legacy/v1-bucket/40/40e4191bc417380e28c13e654108c2b7.png,6737,40e4191bc417380e28c13e654108c2b7
IdeiaDesenho/furry_f2u_2.png,legacy/v1-bucket/5f/5f2291aa23f7f31e06e0a2b57fa940ba.png,7371,5f2291aa23f7f31e06e0a2b57fa940ba
IdeiaDesenho/furry_f2u_20.png,legacy/v1-bucket/92/92adfb1844b7fbc425363fbbf3d6a081.png,6313,92adfb1844b7fbc425363fbbf3d6a081
IdeiaDesenho/furry_f2u_201.png,legacy/v1-bucket/e1/e12444b55b7d9e2751c20e8c72dc87ba.png,6606,e12444b55b7d9e2751c20e8c72dc87ba
IdeiaDesenho/furry_f2u_202.png,legacy/v1-bucket/eb/eb4b66e3870d2a03d7a07155f0c8f8b8.png,4703,eb4b66e3870d2a03d7a07155f0c8f8b8
IdeiaDesenho/furry_f2u_203.png,legacy/v1-bucket/a1/a1b3a702e3ad363713bf1b88d8ec58be.png,8971,a1b3a702e3ad363713bf1b88d8ec58be
IdeiaDesenho/furry_f2u_205.png,legacy/v1-bucket/99/99babf107ca1dcf0ebc2e42cf2f662e6.png,4945,99babf107ca1dcf0ebc2e42cf2f662e6
IdeiaDesenho/furry_f2u_206.png,legacy/v1-bucket/59/59c8de037fcecd247094a3335aa11b83.png,7826,59c8de037fcecd247094a3335aa11b83
IdeiaDesenho/furry_f2u_207.png,legacy/v1-bucket/95/95052cd91a285619903f9f029b8d8821.png,11538,95052cd91a285619903f9f029b8d8821
IdeiaDesenho/furry_f2u_208.png,legacy/v1-bucket/4c/4c4ff5b3c80dde902bfe1fc0980a8062.png,9974,4c4ff5b3c80dde902bfe1fc0980a8062
IdeiaDesenho/furry_f2u_209.png,legacy/v1-bucket/ca/cabe43ff5a897303d82bae2fc07ddc2a.png,11149,cabe43ff5a897303d82bae2fc07ddc2a
IdeiaDesenho/furry_f2u_21.png,legacy/v1-bucket/b1/b190958da62122103f2d599e3561ea50.png,10781,b190958da62122103f2d599e3561ea50
IdeiaDesenho/furry_f2u_210.png,legacy/v1-bucket/39/391cb1ebc34884c9a0f0a86a7ae10582.png,20380,391cb1ebc34884c9a0f0a86a7ae10582
IdeiaDesenho/furry_f2u_211.png,legacy/v1-bucket/4d/4dc1ce66b6e612e71ede47d551439ecf.png,7488,4dc1ce66b6e612e71ede47d551439ecf
IdeiaDesenho/furry_f2u_212.png,legacy/v1-bucket/ab/ab0664fa5d9013ef91336b0c688f3647.png,11014,ab0664fa5d9013ef91336b0c688f3647
IdeiaDesenho/furry_f2u_213.png,legacy/v1-bucket/d4/d420c2d08de7ba15196c442c4d91e495.png,8153,d420c2d08de7ba15196c442c4d91e495
IdeiaDesenho/furry_f2u_214.png,legacy/v1-bucket/37/371d11bd23e7b77cea213c3e2ff9fda4.png,5951,371d11bd23e7b77cea213c3e2ff9fda4
IdeiaDesenho/furry_f2u_215.png,legacy/v1-bucket/0a/0aaeeb57e43af66ef04e6fb895394987.png,10789,0aaeeb57e43af66ef04e6fb895394987
IdeiaDesenho/furry_f2u_216.png,legacy/v1-bucket/04/04039b85d365dc2d18e3d6926597607b.png,6262,04039b85d365dc2d18e3d6926597607b
IdeiaDesenho/furry_f2u_218.png,legacy/v1-bucket/3b/3bbd8f8d686c15324278e93d6270a917.png,29673,3bbd8f8d686c15324278e93d6270a917
IdeiaDesenho/furry_f2u_219.png,legacy/v1-bucket/e5/e57fa031c99bb801d28e76fb27efb435.png,5170,e57fa031c99bb801d28e76fb27efb435
IdeiaDesenho/furry_f2u_22.png,legacy/v1-bucket/24/24836a6e6305bbc589b9354f81620cfb.png,5542,24836a6e6305bbc589b9354f81620cfb
IdeiaDesenho/furry_f2u_220.png,legacy/v1-bucket/d7/d79cee2b745208502edb07d1d5bd5590.png,9512,d79cee2b745208502edb07d1d5bd5590
IdeiaDesenho/furry_f2u_221.png,legacy/v1-bucket/4f/4f85181ba0375e23a5a87e35559cc940.png,6995,4f85181ba0375e23a5a87e35559cc940
IdeiaDesenho/furry_f2u_222.png,legacy/v1-bucket/28/280e714a1ab6dc96f5704a47c2e01530.png,8346,280e714a1ab6dc96f5704a47c2e01530
IdeiaDesenho/furry_f2u_223.png,legacy/v1-bucket/1f/1f4d1fe2c513f85069b37c5471509bc8.png,10953,1f4d1fe2c513f85069b37c5471509bc8
IdeiaDesenho/furry_f2u_224.png,legacy/v1-bucket/88/88782611edb437a4c333f700ac84ad2b.png,5061,88782611edb437a4c333f700ac84ad2b
IdeiaDesenho/furry_f2u_225.png,legacy/v1-bucket/0a/0a7e9e03ce99ea8ec988f7475f33dc80.png,8934,0a7e9e03ce99ea8ec988f7475f33dc80
IdeiaDesenho/furry_f2u_226.png,legacy/v1-bucket/26/265579b13fedc20edd401a9c0df78fe4.png,7529,265579b13fedc20edd401a9c0df78fe4
IdeiaDesenho/furry_f2u_228.png,legacy/v1-bucket/7f/7fa3a241a8b09632c8ad2637327ef9e6.png,5898,7fa3a241a8b09632c8ad2637327ef9e6
IdeiaDesenho/furry_f2u_229.png,legacy/v1-bucket/f0/f05f73b13c1f640f8e123581c0ff01c5.png,12053,f05f73b13c1f640f8e123581c0ff01c5
IdeiaDesenho/furry_f2u_23.png,legacy/v1-bucket/94/943ace25aab1314190b468d8696ad71c.png,5992,943ace25aab1314190b468d8696ad71c
IdeiaDesenho/furry_f2u_230.png,legacy/v1-bucket/f1/f1b1dcc44623694bd4f3031bf806609a.png,21923,f1b1dcc44623694bd4f3031bf806609a
IdeiaDesenho/furry_f2u_232.png,legacy/v1-bucket/5f/5f373754fb39af1e575019a4227c01c9.png,11250,5f373754fb39af1e575019a4227c01c9
IdeiaDesenho/furry_f2u_233.png,legacy/v1-bucket/35/354973fd554396e33f7c0e61b701a300.png,13366,354973fd554396e33f7c0e61b701a300
IdeiaDesenho/furry_f2u_234.png,legacy/v1-bucket/86/86117a2dd15e0f070b065bef9da64d94.png,8362,86117a2dd15e0f070b065bef9da64d94
IdeiaDesenho/furry_f2u_235.png,legacy/v1-bucket/5f/5f6bc185056d8261cd63bf00e1be5a1c.png,6934,5f6bc185056d8261cd63bf00e1be5a1c
IdeiaDesenho/furry_f2u_236.png,legacy/v1-bucket/f7/f7e167817645b9d2c1c541b30b589b05.png,9028,f7e167817645b9d2c1c541b30b589b05
IdeiaDesenho/furry_f2u_239.png,legacy/v1-bucket/7b/7bf798bea5c4b912d68ebdfe6061c5a4.png,16034,7bf798bea5c4b912d68ebdfe6061c5a4
IdeiaDesenho/furry_f2u_24.png,legacy/v1-bucket/aa/aa76d34c3134f1e6ffa396ea79f6c3a2.png,10417,aa76d34c3134f1e6ffa396ea79f6c3a2
IdeiaDesenho/furry_f2u_240.png,legacy/v1-bucket/5c/5c7e35a889ee641a0825e575a866dfc8.png,14426,5c7e35a889ee641a0825e575a866dfc8
IdeiaDesenho/furry_f2u_241.png,legacy/v1-bucket/b7/b7b51770575898967f3a403e0e72829f.png,7022,b7b51770575898967f3a403e0e72829f
IdeiaDesenho/furry_f2u_242.png,legacy/v1-bucket/47/473d76588bd78372bd29acf70cacb79c.png,13810,473d76588bd78372bd29acf70cacb79c
IdeiaDesenho/furry_f2u_244.png,legacy/v1-bucket/7d/7d77a47f36c35813401b914b138ec1d5.png,23535,7d77a47f36c35813401b914b138ec1d5
IdeiaDesenho/furry_f2u_245.png,legacy/v1-bucket/e6/e6dc322e2a82ec2f0252deb088c5ecdb.png,12645,e6dc322e2a82ec2f0252deb088c5ecdb
IdeiaDesenho/furry_f2u_246.png,legacy/v1-bucket/4f/4fbaf206d3a241dfe31f612389e8eaa0.png,12064,4fbaf206d3a241dfe31f612389e8eaa0
IdeiaDesenho/furry_f2u_25.png,legacy/v1-bucket/ca/ca3d03c9bdba3f0a6d8e0346e699731b.png,9497,ca3d03c9bdba3f0a6d8e0346e699731b
IdeiaDesenho/furry_f2u_250.png,legacy/v1-bucket/2e/2ece2688001abd01474a0c66fc9dbc48.png,3752,2ece2688001abd01474a0c66fc9dbc48
IdeiaDesenho/furry_f2u_253.png,legacy/v1-bucket/af/afc46379008070f089719a43aff8b4a7.png,13801,afc46379008070f089719a43aff8b4a7
IdeiaDesenho/furry_f2u_255.png,legacy/v1-bucket/d5/d5e5dc615a80d4c205f41eaeed094147.png,10996,d5e5dc615a80d4c205f41eaeed094147
IdeiaDesenho/furry_f2u_256.png,legacy/v1-bucket/3b/3bb924ebbfa9b9040d36b70c078ed66e.png,20352,3bb924ebbfa9b9040d36b70c078ed66e
IdeiaDesenho/furry_f2u_258.png,legacy/v1-bucket/b2/b2f6cecfa7edfeb0ff6663cc0aef81d4.png,20367,b2f6cecfa7edfeb0ff6663cc0aef81d4
IdeiaDesenho/furry_f2u_259.png,legacy/v1-bucket/46/46bdc91bfc6e08c775aa81ea726adcf5.png,9080,46bdc91bfc6e08c775aa81ea726adcf5
IdeiaDesenho/furry_f2u_26.png,legacy/v1-bucket/77/77a07c54f488f75d02612fe77f4d49c1.png,6642,77a07c54f488f75d02612fe77f4d49c1
IdeiaDesenho/furry_f2u_260.png,legacy/v1-bucket/a7/a787982bdb773889839c0712f3ace52c.png,13532,a787982bdb773889839c0712f3ace52c
IdeiaDesenho/furry_f2u_261.png,legacy/v1-bucket/73/73217c9269651bb2887afa3a27ea1d51.png,9017,73217c9269651bb2887afa3a27ea1d51
IdeiaDesenho/furry_f2u_262.png,legacy/v1-bucket/a4/a4bee0801a7d7004457dbf39859cb588.png,7657,a4bee0801a7d7004457dbf39859cb588
IdeiaDesenho/furry_f2u_263.png,legacy/v1-bucket/82/8251290eb5ccdb6f38112b76debf0031.png,13967,8251290eb5ccdb6f38112b76debf0031
IdeiaDesenho/furry_f2u_264.png,legacy/v1-bucket/2d/2d496ee6462339937d7e18cc7339feb2.png,9476,2d496ee6462339937d7e18cc7339feb2
IdeiaDesenho/furry_f2u_265.png,legacy/v1-bucket/cf/cf35a68690570477f020feb24d681aac.png,9746,cf35a68690570477f020feb24d681aac
IdeiaDesenho/furry_f2u_266.png,legacy/v1-bucket/f0/f0c921d9d467328877e5a9e74c359318.png,9206,f0c921d9d467328877e5a9e74c359318
IdeiaDesenho/furry_f2u_267.png,legacy/v1-bucket/2b/2bfa873daa2dbfa55c9eed9ea39fc9cb.png,15674,2bfa873daa2dbfa55c9eed9ea39fc9cb
IdeiaDesenho/furry_f2u_269.png,legacy/v1-bucket/58/583acdd8469bb842a7a4d43bd66a8e6a.png,11014,583acdd8469bb842a7a4d43bd66a8e6a
IdeiaDesenho/furry_f2u_27.png,legacy/v1-bucket/af/afc8cc5cd64df545fde98b952894dacf.png,104613,afc8cc5cd64df545fde98b952894dacf
IdeiaDesenho/furry_f2u_270.png,legacy/v1-bucket/f6/f63b4f4ba4c1b8c744649d599513f855.png,8763,f63b4f4ba4c1b8c744649d599513f855
IdeiaDesenho/furry_f2u_271.png,legacy/v1-bucket/3b/3b17a93711adf363711b1fbbebf25c30.png,9022,3b17a93711adf363711b1fbbebf25c30
IdeiaDesenho/furry_f2u_272.png,legacy/v1-bucket/a2/a2f9b43be5e1d898efc4e0d3a6b720d9.png,7420,a2f9b43be5e1d898efc4e0d3a6b720d9
IdeiaDesenho/furry_f2u_273.png,legacy/v1-bucket/91/911d9ad6df2138c6210e5c4d893bf470.png,9734,911d9ad6df2138c6210e5c4d893bf470
IdeiaDesenho/furry_f2u_275.png,legacy/v1-bucket/bc/bcf43630b146febf8d9b68986b9b2590.png,9686,bcf43630b146febf8d9b68986b9b2590
IdeiaDesenho/furry_f2u_277.png,legacy/v1-bucket/69/69968b0ba97c17bf0cccf1278f3c1940.png,15477,69968b0ba97c17bf0cccf1278f3c1940
IdeiaDesenho/furry_f2u_278.png,legacy/v1-bucket/e7/e7bb7b5076db417062e2cca4212af0c5.png,35078,e7bb7b5076db417062e2cca4212af0c5
IdeiaDesenho/furry_f2u_28.png,legacy/v1-bucket/3d/3dcca686dbce2453e6bfd1e412dbe2d7.png,6280,3dcca686dbce2453e6bfd1e412dbe2d7
IdeiaDesenho/furry_f2u_280.png,legacy/v1-bucket/87/87e93a6b822a2c564f65e94e9e379446.png,11209,87e93a6b822a2c564f65e94e9e379446
IdeiaDesenho/furry_f2u_281.png,legacy/v1-bucket/f5/f56d06474aac28167a70bb63dd755eac.png,23017,f56d06474aac28167a70bb63dd755eac
IdeiaDesenho/furry_f2u_282.png,legacy/v1-bucket/a4/a4e5ce4b3b7ceab83b4cee065849bbb7.png,8160,a4e5ce4b3b7ceab83b4cee065849bbb7
IdeiaDesenho/furry_f2u_284.png,legacy/v1-bucket/7f/7fd3834f42832595607f71eca787e8dd.png,4081,7fd3834f42832595607f71eca787e8dd
IdeiaDesenho/furry_f2u_285.png,legacy/v1-bucket/e6/e6928a8421e2e98dbb5a5d9d63eff695.png,12770,e6928a8421e2e98dbb5a5d9d63eff695
IdeiaDesenho/furry_f2u_286.png,legacy/v1-bucket/49/49aba69f0317bfa9610a47d7ae0fcb3d.png,7060,49aba69f0317bfa9610a47d7ae0fcb3d
IdeiaDesenho/furry_f2u_287.png,legacy/v1-bucket/31/3167f6477fb7f9b63b298b9837fc8b85.png,12200,3167f6477fb7f9b63b298b9837fc8b85
IdeiaDesenho/furry_f2u_288.png,legacy/v1-bucket/6c/6c34803fb613052028bb0cf5e8279f6b.png,13346,6c34803fb613052028bb0cf5e8279f6b
IdeiaDesenho/furry_f2u_289.png,legacy/v1-bucket/29/29148f90611689133e7762eca5dbe713.png,15333,29148f90611689133e7762eca5dbe713
IdeiaDesenho/furry_f2u_290.png,legacy/v1-bucket/54/5407eb7d9d7ea51192ab093585661ca7.png,6373,5407eb7d9d7ea51192ab093585661ca7
IdeiaDesenho/furry_f2u_291.png,legacy/v1-bucket/94/944afd0fb2dc8b4c85ec254397b6735c.png,11119,944afd0fb2dc8b4c85ec254397b6735c
IdeiaDesenho/furry_f2u_292.png,legacy/v1-bucket/56/56c9bfcc8dc3c97568697347598e6af6.png,9109,56c9bfcc8dc3c97568697347598e6af6
IdeiaDesenho/furry_f2u_294.png,legacy/v1-bucket/39/396db7a480678631299e18037b2d21c2.png,9675,396db7a480678631299e18037b2d21c2
IdeiaDesenho/furry_f2u_295.png,legacy/v1-bucket/6c/6c7ece5e9369a56032621299e21f251e.png,11645,6c7ece5e9369a56032621299e21f251e
IdeiaDesenho/furry_f2u_296.png,legacy/v1-bucket/af/af9423a238c2084ad3e681654c13a79b.png,13386,af9423a238c2084ad3e681654c13a79b
IdeiaDesenho/furry_f2u_297.png,legacy/v1-bucket/8f/8f94aab9b830e4778df8a90767b714c9.png,11919,8f94aab9b830e4778df8a90767b714c9
IdeiaDesenho/furry_f2u_299.png,legacy/v1-bucket/b4/b4b89291fc1462daf8cc651b7a828373.png,10199,b4b89291fc1462daf8cc651b7a828373
IdeiaDesenho/furry_f2u_3.png,legacy/v1-bucket/5f/5fbe517e338ab912c2cf7e1a41e88827.png,10675,5fbe517e338ab912c2cf7e1a41e88827
IdeiaDesenho/furry_f2u_30.png,legacy/v1-bucket/0f/0f9f526dcee7d3f54f6ca9a69cab8e98.png,13982,0f9f526dcee7d3f54f6ca9a69cab8e98
IdeiaDesenho/furry_f2u_301.png,legacy/v1-bucket/8d/8d9fc865493a098e631189e2f9957fbf.png,197357,8d9fc865493a098e631189e2f9957fbf
IdeiaDesenho/furry_f2u_302.png,legacy/v1-bucket/17/17b9b00aa0a1749ae5b36c36f0f9ab2b.png,17439,17b9b00aa0a1749ae5b36c36f0f9ab2b
IdeiaDesenho/furry_f2u_303.png,legacy/v1-bucket/25/25f5fb7920410ed9d3703e0b7727396c.png,5824,25f5fb7920410ed9d3703e0b7727396c
IdeiaDesenho/furry_f2u_304.png,legacy/v1-bucket/21/21b1126a4699c94e6d7e29952d08b2fb.png,11665,21b1126a4699c94e6d7e29952d08b2fb
IdeiaDesenho/furry_f2u_305.png,legacy/v1-bucket/0e/0e8f33d45c24c93cb0647ecd75e778b3.png,6092,0e8f33d45c24c93cb0647ecd75e778b3
IdeiaDesenho/furry_f2u_306.png,legacy/v1-bucket/40/40804b344639c9701d9e156de717bdea.png,5815,40804b344639c9701d9e156de717bdea
IdeiaDesenho/furry_f2u_307.png,legacy/v1-bucket/d3/d3eb63142465eab424beb7d22de973c6.png,13771,d3eb63142465eab424beb7d22de973c6
IdeiaDesenho/furry_f2u_308.png,legacy/v1-bucket/80/8043a0d2f166227f750c1bb58264fb32.png,11810,8043a0d2f166227f750c1bb58264fb32
IdeiaDesenho/furry_f2u_309.png,legacy/v1-bucket/d9/d91e4ce65bd0f0308ef42a5b1be017a1.png,18818,d91e4ce65bd0f0308ef42a5b1be017a1
IdeiaDesenho/furry_f2u_311.png,legacy/v1-bucket/74/747c4f9b237edd814de60aea028dc461.png,7269,747c4f9b237edd814de60aea028dc461
IdeiaDesenho/furry_f2u_312.png,legacy/v1-bucket/c7/c74ec5cfe28cd22eadac886ddd52b0e5.png,5036,c74ec5cfe28cd22eadac886ddd52b0e5
IdeiaDesenho/furry_f2u_315.png,legacy/v1-bucket/b5/b536e648de14cbfe6c2f9ae5810d7d53.png,82817,b536e648de14cbfe6c2f9ae5810d7d53
IdeiaDesenho/furry_f2u_316.png,legacy/v1-bucket/16/16f394769883e0a5f8ae945a43257bbd.png,8229,16f394769883e0a5f8ae945a43257bbd
IdeiaDesenho/furry_f2u_317.png,legacy/v1-bucket/15/15c25594d0fca6af2f65f3ccf19b1d56.png,9801,15c25594d0fca6af2f65f3ccf19b1d56
IdeiaDesenho/furry_f2u_319.png,legacy/v1-bucket/90/903d061ab32601ff25b11ad8bf321d85.png,10300,903d061ab32601ff25b11ad8bf321d85
IdeiaDesenho/furry_f2u_32.png,legacy/v1-bucket/3c/3c197932a6e46e067ea49a94e16ed6b3.png,86078,3c197932a6e46e067ea49a94e16ed6b3
IdeiaDesenho/furry_f2u_320.png,legacy/v1-bucket/b4/b4cc00346413c986aa86559d3f617c24.png,13627,b4cc00346413c986aa86559d3f617c24
IdeiaDesenho/furry_f2u_321.png,legacy/v1-bucket/3e/3ef2e9de62c7db7c16462dbad7f1d865.png,10021,3ef2e9de62c7db7c16462dbad7f1d865
IdeiaDesenho/furry_f2u_323.png,legacy/v1-bucket/09/091c2d5ece64792ed4deefd754ad0227.png,13521,091c2d5ece64792ed4deefd754ad0227
IdeiaDesenho/furry_f2u_324.png,legacy/v1-bucket/e5/e5abb4fc0159e813a84a8f4af3ccec18.png,7730,e5abb4fc0159e813a84a8f4af3ccec18
IdeiaDesenho/furry_f2u_33.png,legacy/v1-bucket/ea/eaded067efc9ae343d2c9edae252b2dc.png,9280,eaded067efc9ae343d2c9edae252b2dc
IdeiaDesenho/furry_f2u_34.png,legacy/v1-bucket/a9/a92ca03c22d4bf2ba77616aa3159032c.png,8198,a92ca03c22d4bf2ba77616aa3159032c
IdeiaDesenho/furry_f2u_35.png,legacy/v1-bucket/3c/3c48f949f6f5157cebbba38bc4fd75ab.png,13251,3c48f949f6f5157cebbba38bc4fd75ab
IdeiaDesenho/furry_f2u_36.png,legacy/v1-bucket/b2/b2fbfc5e8ad7f4b30f96ebfb044f4fa9.png,24587,b2fbfc5e8ad7f4b30f96ebfb044f4fa9
IdeiaDesenho/furry_f2u_37.png,legacy/v1-bucket/0a/0a39d840d5a83b30b21db2a1111632c2.png,9284,0a39d840d5a83b30b21db2a1111632c2
IdeiaDesenho/furry_f2u_38.png,legacy/v1-bucket/60/604f52f35c0ddc5f439784c4d0486e2e.png,9038,604f52f35c0ddc5f439784c4d0486e2e
IdeiaDesenho/furry_f2u_4.png,legacy/v1-bucket/17/17f1b44e7005845bf76aa8cf74965bac.png,12130,17f1b44e7005845bf76aa8cf74965bac
IdeiaDesenho/furry_f2u_40.png,legacy/v1-bucket/8f/8f471e1ee590b25c0b69292ee928de61.png,10352,8f471e1ee590b25c0b69292ee928de61
IdeiaDesenho/furry_f2u_41.png,legacy/v1-bucket/5c/5cb94878070516b39d2e071773286de8.png,14551,5cb94878070516b39d2e071773286de8
IdeiaDesenho/furry_f2u_42.png,legacy/v1-bucket/93/93b58ba872a7a35d2e4703fb5e096ebd.png,11816,93b58ba872a7a35d2e4703fb5e096ebd
IdeiaDesenho/furry_f2u_43.png,legacy/v1-bucket/4b/4bb6da493b78738efd1a5a33656cffc8.png,24570,4bb6da493b78738efd1a5a33656cffc8
IdeiaDesenho/furry_f2u_44.png,legacy/v1-bucket/5b/5bedba38e400be6acb1ec0588aafc084.png,10855,5bedba38e400be6acb1ec0588aafc084
IdeiaDesenho/furry_f2u_45.png,legacy/v1-bucket/3d/3d85faf15324ebd1d7794cd9a130c63d.png,11654,3d85faf15324ebd1d7794cd9a130c63d
IdeiaDesenho/furry_f2u_46.png,legacy/v1-bucket/f7/f750c4923258c21139d007d8ba26c7ca.png,12038,f750c4923258c21139d007d8ba26c7ca
IdeiaDesenho/furry_f2u_47.png,legacy/v1-bucket/72/72d8ae222ed10877d52863fc86777298.png,9129,72d8ae222ed10877d52863fc86777298
IdeiaDesenho/furry_f2u_5.png,legacy/v1-bucket/c8/c8bd443d2ef785d18086f35a4c0cdcbe.png,10318,c8bd443d2ef785d18086f35a4c0cdcbe
IdeiaDesenho/furry_f2u_50.png,legacy/v1-bucket/f8/f8576cf90ab7ec5dafd3b878c255cba9.png,11275,f8576cf90ab7ec5dafd3b878c255cba9
IdeiaDesenho/furry_f2u_51.png,legacy/v1-bucket/93/93725bff35aa76f9048446f3dad47de8.png,12335,93725bff35aa76f9048446f3dad47de8
IdeiaDesenho/furry_f2u_52.png,legacy/v1-bucket/21/21682dc9c9b83e5b0bc0920e0a716417.png,11384,21682dc9c9b83e5b0bc0920e0a716417
IdeiaDesenho/furry_f2u_53.png,legacy/v1-bucket/74/74aa7c5b347f8f1dcc642ca519550e27.png,9901,74aa7c5b347f8f1dcc642ca519550e27
IdeiaDesenho/furry_f2u_54.png,legacy/v1-bucket/83/838c1d23081d274b01d7b809b46bdcaf.png,7589,838c1d23081d274b01d7b809b46bdcaf
IdeiaDesenho/furry_f2u_55.png,legacy/v1-bucket/0b/0b8c827aa72e2356f5f30cbd6f1bf28b.png,11435,0b8c827aa72e2356f5f30cbd6f1bf28b
IdeiaDesenho/furry_f2u_56.png,legacy/v1-bucket/d7/d75414b79e9186d987c78e792e26911b.png,10898,d75414b79e9186d987c78e792e26911b
IdeiaDesenho/furry_f2u_57.png,legacy/v1-bucket/11/11b01acaef39d7a1aead5f8b0c4cc569.png,7645,11b01acaef39d7a1aead5f8b0c4cc569
IdeiaDesenho/furry_f2u_59.png,legacy/v1-bucket/9a/9af6eab5ad1ef78dc560300d5779519a.png,8331,9af6eab5ad1ef78dc560300d5779519a
IdeiaDesenho/furry_f2u_6.png,legacy/v1-bucket/76/76d5be141bbd3e2f5bb840765e594985.png,5880,76d5be141bbd3e2f5bb840765e594985
IdeiaDesenho/furry_f2u_60.png,legacy/v1-bucket/ac/acc55c0f204d4dab06d46af9b431947c.png,4140,acc55c0f204d4dab06d46af9b431947c
IdeiaDesenho/furry_f2u_61.png,legacy/v1-bucket/1f/1f9814662a26a39d84a3308892c5f158.png,8040,1f9814662a26a39d84a3308892c5f158
IdeiaDesenho/furry_f2u_62.png,legacy/v1-bucket/11/11daaceab091c8fdbcdd33b2414187a8.png,7657,11daaceab091c8fdbcdd33b2414187a8
IdeiaDesenho/furry_f2u_63.png,legacy/v1-bucket/82/8250ff958b31e00bc613ca6633f1c5ff.png,8916,8250ff958b31e00bc613ca6633f1c5ff
IdeiaDesenho/furry_f2u_66.png,legacy/v1-bucket/8f/8f32fed31fa3879a7a5186ce3f927e59.png,10522,8f32fed31fa3879a7a5186ce3f927e59
IdeiaDesenho/furry_f2u_68.png,legacy/v1-bucket/66/660d98e916408d1cf71cf73a6ff81aa7.png,6724,660d98e916408d1cf71cf73a6ff81aa7
IdeiaDesenho/furry_f2u_69.png,legacy/v1-bucket/b9/b915d4d5de208975d66233f638116e43.png,16456,b915d4d5de208975d66233f638116e43
IdeiaDesenho/furry_f2u_7.png,legacy/v1-bucket/f3/f34dda7cfabb4ee983c22c042798e0ff.png,8971,f34dda7cfabb4ee983c22c042798e0ff
IdeiaDesenho/furry_f2u_70.png,legacy/v1-bucket/73/73abc412eacaaeb1677584e2b08027b0.png,12533,73abc412eacaaeb1677584e2b08027b0
IdeiaDesenho/furry_f2u_71.png,legacy/v1-bucket/44/44c392a877a2264c0a98e721a8cfcb96.png,8542,44c392a877a2264c0a98e721a8cfcb96
IdeiaDesenho/furry_f2u_72.png,legacy/v1-bucket/38/384f76f9b4bd8cb95ae80ca0ed9ce607.png,20188,384f76f9b4bd8cb95ae80ca0ed9ce607
IdeiaDesenho/furry_f2u_73.png,legacy/v1-bucket/50/5082b696a6aa67aad063798798489aa7.png,12957,5082b696a6aa67aad063798798489aa7
IdeiaDesenho/furry_f2u_75.png,legacy/v1-bucket/ef/efa5066480f72a198141a56254801225.png,9101,efa5066480f72a198141a56254801225
IdeiaDesenho/furry_f2u_76.png,legacy/v1-bucket/68/68257d9b90882c5cda3164a35529d724.png,11340,68257d9b90882c5cda3164a35529d724
IdeiaDesenho/furry_f2u_77.png,legacy/v1-bucket/7a/7a6693cabb65981a8f824b2ea4516e83.png,10658,7a6693cabb65981a8f824b2ea4516e83
IdeiaDesenho/furry_f2u_78.png,legacy/v1-bucket/a7/a7ea08f365c69da6bb5f66bfe5294991.png,5747,a7ea08f365c69da6bb5f66bfe5294991
IdeiaDesenho/furry_f2u_8.png,legacy/v1-bucket/89/8958094b03d60673a2b52cd74f1e1b07.png,12097,8958094b03d60673a2b52cd74f1e1b07
IdeiaDesenho/furry_f2u_80.png,legacy/v1-bucket/a1/a1f0a0bd34264ace7706a19dd78ff994.png,11356,a1f0a0bd34264ace7706a19dd78ff994
IdeiaDesenho/furry_f2u_81.png,legacy/v1-bucket/70/7077b0b3530af53a51e62b725e22938a.png,9606,7077b0b3530af53a51e62b725e22938a
IdeiaDesenho/furry_f2u_82.png,legacy/v1-bucket/42/42bd916306e6fa55cc3b1e425dd314cb.png,12150,42bd916306e6fa55cc3b1e425dd314cb
IdeiaDesenho/furry_f2u_83.png,legacy/v1-bucket/34/348f4a5412f234c3140f08b0d598a67f.png,10167,348f4a5412f234c3140f08b0d598a67f
IdeiaDesenho/furry_f2u_84.png,legacy/v1-bucket/58/58ccb00da23a587f205b9dde7ecd152f.png,11742,58ccb00da23a587f205b9dde7ecd152f
IdeiaDesenho/furry_f2u_86.png,legacy/v1-bucket/44/4482ce8bb88c060eaeddc9e793e18f1c.png,5768,4482ce8bb88c060eaeddc9e793e18f1c
IdeiaDesenho/furry_f2u_87.png,legacy/v1-bucket/b5/b51af5b3198ba8aa899ee59cd073ee1c.png,7548,b51af5b3198ba8aa899ee59cd073ee1c
IdeiaDesenho/furry_f2u_88.png,legacy/v1-bucket/e0/e0faf2ac4696dc4f2b496d1973a418f7.png,8468,e0faf2ac4696dc4f2b496d1973a418f7
IdeiaDesenho/furry_f2u_89.png,legacy/v1-bucket/52/52abdd82501e66514f2eef75de3bf760.png,11484,52abdd82501e66514f2eef75de3bf760
IdeiaDesenho/furry_f2u_9.png,legacy/v1-bucket/2c/2ce6793acc2ec5702477e71479f440f6.png,11083,2ce6793acc2ec5702477e71479f440f6
IdeiaDesenho/furry_f2u_90.png,legacy/v1-bucket/47/47a4e0b7ca485329f91ad759893a67c7.png,10760,47a4e0b7ca485329f91ad759893a67c7
IdeiaDesenho/furry_f2u_91.png,legacy/v1-bucket/8c/8c24a7235cbc67c6d8c27f936b11fc8c.png,14832,8c24a7235cbc67c6d8c27f936b11fc8c
IdeiaDesenho/furry_f2u_92.png,legacy/v1-bucket/02/029797352f2536a36d4eaa1b08b5af85.png,13522,029797352f2536a36d4eaa1b08b5af85
IdeiaDesenho/furry_f2u_93.png,legacy/v1-bucket/a3/a3a2c219d47ecc7e7cf569f452bf4926.png,11039,a3a2c219d47ecc7e7cf569f452bf4926
IdeiaDesenho/furry_f2u_94.png,legacy/v1-bucket/25/25fc8694211da81da6286845b1f35173.png,17247,25fc8694211da81da6286845b1f35173
IdeiaDesenho/furry_f2u_95.png,legacy/v1-bucket/88/88aa145c592001e6b0ca3e0bf9150dd6.png,7716,88aa145c592001e6b0ca3e0bf9150dd6
IdeiaDesenho/furry_f2u_96.png,legacy/v1-bucket/77/77678a6ce83c862d1fa3337d90656306.png,10182,77678a6ce83c862d1fa3337d90656306
IdeiaDesenho/furry_f2u_97.png,legacy/v1-bucket/b6/b653f31a3ffbd5d788e529ca7d9d41da.png,6692,b653f31a3ffbd5d788e529ca7d9d41da
IdeiaDesenho/furry_f2u_98.png,legacy/v1-bucket/db/db9ea8dd1e07d8fa421a35b8bf9f3871.png,7416,db9ea8dd1e07d8fa421a35b8bf9f3871
IdeiaDesenho/furry_f2u_99.png,legacy/v1-bucket/fb/fb407771081b26cdbbcc5b52a9255224.png,16876,fb407771081b26cdbbcc5b52a9255224
IdeiaDesenho/furrydrawing0..jpg,legacy/v1-bucket/99/9908e7706d4ea33d440776dac68dbb97.jpg,125109,9908e7706d4ea33d440776dac68dbb97
IdeiaDesenho/furrydrawing10..jpg,legacy/v1-bucket/01/01687d3965fedee7ef5fa3bd57411933.jpg,86110,01687d3965fedee7ef5fa3bd57411933
IdeiaDesenho/furrydrawing12..jpg,legacy/v1-bucket/12/1289caf6b123e8aa547c6de05cda0c13.jpg,145495,1289caf6b123e8aa547c6de05cda0c13
IdeiaDesenho/furrydrawing14..jpg,legacy/v1-bucket/11/118c32b11e264dd3e3ad361fb3c37999.jpg,107979,118c32b11e264dd3e3ad361fb3c37999
IdeiaDesenho/furrydrawing15..jpg,legacy/v1-bucket/e2/e290cbb7f11c691f8718c08770e2cee1.jpg,121138,e290cbb7f11c691f8718c08770e2cee1
IdeiaDesenho/furrydrawing16..jpg,legacy/v1-bucket/aa/aa9cc23990c56b49ec8b1133f68d0153.jpg,122957,aa9cc23990c56b49ec8b1133f68d0153
IdeiaDesenho/furrydrawing17..jpg,legacy/v1-bucket/b1/b12a5ef6d39cf90e9307b95cd220bfe3.jpg,827297,b12a5ef6d39cf90e9307b95cd220bfe3
IdeiaDesenho/furrydrawing2..jpg,legacy/v1-bucket/ba/baf709d9292432293ac9daf49a6f355d.jpg,127365,baf709d9292432293ac9daf49a6f355d
IdeiaDesenho/furrydrawing20..jpg,legacy/v1-bucket/5f/5fdf4795c6503007503f7fc9798e6c58.jpg,133319,5fdf4795c6503007503f7fc9798e6c58
IdeiaDesenho/furrydrawing21..jpg,legacy/v1-bucket/d2/d2d7eb3bce6a08eebdefc1a8952b7f0d.jpg,132504,d2d7eb3bce6a08eebdefc1a8952b7f0d
IdeiaDesenho/furrydrawing22..jpg,legacy/v1-bucket/2e/2eac703189cdd313dc32d2abc206efef.jpg,42334,2eac703189cdd313dc32d2abc206efef
IdeiaDesenho/furrydrawing24..jpg,legacy/v1-bucket/47/47ba8d1c4af0b80cc6cba51826d97103.jpg,113897,47ba8d1c4af0b80cc6cba51826d97103
IdeiaDesenho/furrydrawing25..png,legacy/v1-bucket/cc/cc9243d831beb0cbeef6f5c1fb8f7f3f.png,245602,cc9243d831beb0cbeef6f5c1fb8f7f3f
IdeiaDesenho/furrydrawing28..jpg,legacy/v1-bucket/02/025110eea2782504c67972e6d13f4ff4.jpg,104815,025110eea2782504c67972e6d13f4ff4
IdeiaDesenho/furrydrawing30..jpg,legacy/v1-bucket/d2/d2b5226d92ea1b3deb1c93129ad5fd15.jpg,104985,d2b5226d92ea1b3deb1c93129ad5fd15
IdeiaDesenho/furrydrawing31..jpg,legacy/v1-bucket/d6/d66a93ab88ae61b5919dfa360761ac17.jpg,128154,d66a93ab88ae61b5919dfa360761ac17
IdeiaDesenho/furrydrawing32..jpg,legacy/v1-bucket/af/afb2fe31d2af6069162456bd98c2201f.jpg,115318,afb2fe31d2af6069162456bd98c2201f
IdeiaDesenho/furrydrawing33..jpg,legacy/v1-bucket/a0/a05733d0964aa27837da492158420b7b.jpg,118547,a05733d0964aa27837da492158420b7b
IdeiaDesenho/furrydrawing35..png,legacy/v1-bucket/a3/a381740f1017f02ce00ec497bc98de2f.png,406514,a381740f1017f02ce00ec497bc98de2f
IdeiaDesenho/furrydrawing37..jpg,legacy/v1-bucket/83/833b7d92ba7ee04a6029e25347f242f3.jpg,64015,833b7d92ba7ee04a6029e25347f242f3
IdeiaDesenho/furrydrawing38..jpg,legacy/v1-bucket/e6/e6757957b1eb448603649b1e7b8a9bc6.jpg,80175,e6757957b1eb448603649b1e7b8a9bc6
IdeiaDesenho/furrydrawing39..jpg,legacy/v1-bucket/61/61e8bba53e818e9808d18bcd424f87f6.jpg,116866,61e8bba53e818e9808d18bcd424f87f6
IdeiaDesenho/furrydrawing4..jpg,legacy/v1-bucket/b3/b374e70981c2047733c0045b9ee41373.jpg,101850,b374e70981c2047733c0045b9ee41373
IdeiaDesenho/furrydrawing41..jpg,legacy/v1-bucket/bb/bbddfbc505a20aabda6aae0f5b25c6cb.jpg,96092,bbddfbc505a20aabda6aae0f5b25c6cb
IdeiaDesenho/furrydrawing44..jpg,legacy/v1-bucket/a1/a16cf0802c840b4bdfcd72a6c2303679.jpg,57514,a16cf0802c840b4bdfcd72a6c2303679
IdeiaDesenho/furrydrawing458..png,legacy/v1-bucket/8f/8f19fe40d31a005de99cd87cdc5f3450.png,524651,8f19fe40d31a005de99cd87cdc5f3450
IdeiaDesenho/furrydrawing459..png,legacy/v1-bucket/2d/2da97489b854f9f5f29e6d20b9307e8d.png,415126,2da97489b854f9f5f29e6d20b9307e8d
IdeiaDesenho/furrydrawing46..jpg,legacy/v1-bucket/72/729c0da8aefaeb9e04fb0db4d6f9b8d5.jpg,97431,729c0da8aefaeb9e04fb0db4d6f9b8d5
IdeiaDesenho/furrydrawing460..png,legacy/v1-bucket/e6/e6947444face8aa616b706d2752dc628.png,140841,e6947444face8aa616b706d2752dc628
IdeiaDesenho/furrydrawing461..jpg,legacy/v1-bucket/b6/b694db85206ce3accf50401416809d77.jpg,125536,b694db85206ce3accf50401416809d77
IdeiaDesenho/furrydrawing468..png,legacy/v1-bucket/00/00e61b4528db4edfb7e24056f5339d43.png,463361,00e61b4528db4edfb7e24056f5339d43
IdeiaDesenho/furrydrawing469..jpg,legacy/v1-bucket/32/328f18bb97a07ad859c549f5663cf30c.jpg,270068,328f18bb97a07ad859c549f5663cf30c
IdeiaDesenho/furrydrawing47..png,legacy/v1-bucket/da/dae138ea9ae609e4f726eef937776c21.png,177129,dae138ea9ae609e4f726eef937776c21
IdeiaDesenho/furrydrawing472..png,legacy/v1-bucket/5e/5e7494548bd1ff824a9b64b8038602ed.png,1029008,5e7494548bd1ff824a9b64b8038602ed
IdeiaDesenho/furrydrawing49..jpg,legacy/v1-bucket/61/61cf8bc5454a3e44d6846deac2d9066e.jpg,334466,61cf8bc5454a3e44d6846deac2d9066e
IdeiaDesenho/furrydrawing50..jpg,legacy/v1-bucket/78/7867352970bfb761c52c04c49c6aebab.jpg,115119,7867352970bfb761c52c04c49c6aebab
IdeiaDesenho/furrydrawing52..jpg,legacy/v1-bucket/40/40d51991b1f4c456ce9929d188dc691c.jpg,52742,40d51991b1f4c456ce9929d188dc691c
IdeiaDesenho/furrydrawing54..jpg,legacy/v1-bucket/65/657fd7c14553d3d9a55ae8a53e961166.jpg,98442,657fd7c14553d3d9a55ae8a53e961166
IdeiaDesenho/furrydrawing56..png,legacy/v1-bucket/f2/f204d37dfed53cc17740c469b5c0a35b.png,473195,f204d37dfed53cc17740c469b5c0a35b
IdeiaDesenho/furrydrawing58..jpg,legacy/v1-bucket/ad/adb519864188558bf97ef5381a743443.jpg,148193,adb519864188558bf97ef5381a743443
IdeiaDesenho/furrydrawing59..jpg,legacy/v1-bucket/b5/b58752a568609e0f44187a8a586c49fe.jpg,123945,b58752a568609e0f44187a8a586c49fe
IdeiaDesenho/furrydrawing60..jpg,legacy/v1-bucket/69/6925918d0ea027e9b90c08c9374f6bf8.jpg,121777,6925918d0ea027e9b90c08c9374f6bf8
IdeiaDesenho/furrydrawing62..jpg,legacy/v1-bucket/00/0089cd8709b0069a2a2e86aa6e603fe6.jpg,147047,0089cd8709b0069a2a2e86aa6e603fe6
IdeiaDesenho/furrydrawing64..jpg,legacy/v1-bucket/c7/c7856b663a398939a824403265742d33.jpg,142626,c7856b663a398939a824403265742d33
IdeiaDesenho/furrydrawing65..jpg,legacy/v1-bucket/ed/edb432fc969967d3bfd3818f40f06179.jpg,225165,edb432fc969967d3bfd3818f40f06179
IdeiaDesenho/furrydrawing66..jpg,legacy/v1-bucket/96/9659c9c3ccfad4acdeb90156955e719d.jpg,77837,9659c9c3ccfad4acdeb90156955e719d
IdeiaDesenho/furrydrawing69..jpg,legacy/v1-bucket/c9/c9d13513528008b9dd0307640b75e7a9.jpg,941526,c9d13513528008b9dd0307640b75e7a9
IdeiaDesenho/furrydrawing9..jpg,legacy/v1-bucket/ed/ed5744bd697cc3304a9896da60b03834.jpg,156990,ed5744bd697cc3304a9896da60b03834
IdeiaDesenho/group_base0..jpg,legacy/v1-bucket/be/be863122a7b54997feb019b031bd3b77.jpg,28870,be863122a7b54997feb019b031bd3b77
IdeiaDesenho/group_base1..png,legacy/v1-bucket/db/db18f3ef6ed2011669a1067328c92ca8.png,78396,db18f3ef6ed2011669a1067328c92ca8
IdeiaDesenho/group_base10..jpg,legacy/v1-bucket/97/97ed2ec7ad24df35bff2c9d265924c13.jpg,96056,97ed2ec7ad24df35bff2c9d265924c13
IdeiaDesenho/group_base100..jpg,legacy/v1-bucket/1f/1f7dceaae0f08497561a77ed9881a4e1.jpg,320745,1f7dceaae0f08497561a77ed9881a4e1
IdeiaDesenho/group_base101..jpg,legacy/v1-bucket/55/5558cfae98964756714c58aa53111768.jpg,517719,5558cfae98964756714c58aa53111768
IdeiaDesenho/group_base102..jpg,legacy/v1-bucket/51/51025ea0d68d8bd8653462ec83f00be2.jpg,409698,51025ea0d68d8bd8653462ec83f00be2
IdeiaDesenho/group_base103..jpg,legacy/v1-bucket/7a/7a2b2dcb0cc006635c0be171a26b8041.jpg,495000,7a2b2dcb0cc006635c0be171a26b8041
IdeiaDesenho/group_base104..jpg,legacy/v1-bucket/c1/c148f7086d89fddcbb068fd878be8aeb.jpg,334881,c148f7086d89fddcbb068fd878be8aeb
IdeiaDesenho/group_base105..jpg,legacy/v1-bucket/63/63424b99c5b90e1659c2b7deb614b3b0.jpg,553943,63424b99c5b90e1659c2b7deb614b3b0
IdeiaDesenho/group_base106..jpg,legacy/v1-bucket/55/5561bb3f16bf0d8dd7f7295e2c7b52fb.jpg,422577,5561bb3f16bf0d8dd7f7295e2c7b52fb
IdeiaDesenho/group_base107..jpg,legacy/v1-bucket/88/8834b520611230a338e8cb226645b4f2.jpg,356202,8834b520611230a338e8cb226645b4f2
IdeiaDesenho/group_base108..jpg,legacy/v1-bucket/55/55f14e4fc37e3eab8384a70936b54338.jpg,468856,55f14e4fc37e3eab8384a70936b54338
IdeiaDesenho/group_base109..jpg,legacy/v1-bucket/89/89ecdc5cc1609a6acc0e47244947cb1f.jpg,436977,89ecdc5cc1609a6acc0e47244947cb1f
IdeiaDesenho/group_base11..png,legacy/v1-bucket/ef/efe3baa985887b8c87c4a5ef85e0e801.png,25119,efe3baa985887b8c87c4a5ef85e0e801
IdeiaDesenho/group_base110..jpg,legacy/v1-bucket/b0/b0849db60680c5bd2c74a0f6e0f34284.jpg,235202,b0849db60680c5bd2c74a0f6e0f34284
IdeiaDesenho/group_base111..jpg,legacy/v1-bucket/97/97f907e6cf828f32ccf628880e5d964f.jpg,350196,97f907e6cf828f32ccf628880e5d964f
IdeiaDesenho/group_base112..jpg,legacy/v1-bucket/66/66f7b3193f5c9bce6792fb87fb7d4a65.jpg,384114,66f7b3193f5c9bce6792fb87fb7d4a65
IdeiaDesenho/group_base113..jpg,legacy/v1-bucket/35/355159d555c29b70b23de56b65b8b3b1.jpg,394638,355159d555c29b70b23de56b65b8b3b1
IdeiaDesenho/group_base114..jpg,legacy/v1-bucket/70/70ab8851b56b10a1746b3bccdd2deb9b.jpg,481906,70ab8851b56b10a1746b3bccdd2deb9b
IdeiaDesenho/group_base115..jpg,legacy/v1-bucket/fa/fa53e5eee79fa52e4286734316d7dcb7.jpg,216712,fa53e5eee79fa52e4286734316d7dcb7
IdeiaDesenho/group_base116..jpg,legacy/v1-bucket/51/5105c70e112f99934b078c1790b2102f.jpg,447313,5105c70e112f99934b078c1790b2102f
IdeiaDesenho/group_base117..jpg,legacy/v1-bucket/8e/8ebf115bed6143f8b245c7cba94f52b8.jpg,440632,8ebf115bed6143f8b245c7cba94f52b8
IdeiaDesenho/group_base118..jpg,legacy/v1-bucket/a3/a345a24d8e4dc39b0fa04851f5792c57.jpg,310149,a345a24d8e4dc39b0fa04851f5792c57
IdeiaDesenho/group_base119..jpg,legacy/v1-bucket/00/00de25ae90f0ab1b0517c2804d49f03a.jpg,353206,00de25ae90f0ab1b0517c2804d49f03a
IdeiaDesenho/group_base12..jpg,legacy/v1-bucket/80/80479c0ce616737a34a2b05ef28d0827.jpg,49813,80479c0ce616737a34a2b05ef28d0827
IdeiaDesenho/group_base120..jpg,legacy/v1-bucket/23/235c98d98b7b25a3872d935646d14c71.jpg,293200,235c98d98b7b25a3872d935646d14c71
IdeiaDesenho/group_base121..jpg,legacy/v1-bucket/70/70f829c02ffe33e468d9c2812fa31ff1.jpg,413342,70f829c02ffe33e468d9c2812fa31ff1
IdeiaDesenho/group_base122..jpg,legacy/v1-bucket/ef/efb0fd57385309b870f5a15138a5a8e3.jpg,355091,efb0fd57385309b870f5a15138a5a8e3
IdeiaDesenho/group_base123..jpg,legacy/v1-bucket/12/127fe3a0d065d25fd3c6b3d6e4acb2f1.jpg,385298,127fe3a0d065d25fd3c6b3d6e4acb2f1
IdeiaDesenho/group_base124..jpg,legacy/v1-bucket/63/63aa13d41f4e9b81aa30fa159da53c30.jpg,207986,63aa13d41f4e9b81aa30fa159da53c30
IdeiaDesenho/group_base125..jpg,legacy/v1-bucket/0b/0bdd6867c14a08af70b48e6ff25b8e80.jpg,251857,0bdd6867c14a08af70b48e6ff25b8e80
IdeiaDesenho/group_base126..jpg,legacy/v1-bucket/6e/6ee750b53586914e0178b4468168da69.jpg,410711,6ee750b53586914e0178b4468168da69
IdeiaDesenho/group_base127..jpg,legacy/v1-bucket/01/018922d1e03f09744e5c3a849edb4644.jpg,410503,018922d1e03f09744e5c3a849edb4644
IdeiaDesenho/group_base128..jpg,legacy/v1-bucket/9a/9a6f0880bd147562fd6cc0c365c090a4.jpg,457175,9a6f0880bd147562fd6cc0c365c090a4
IdeiaDesenho/group_base129..jpg,legacy/v1-bucket/5a/5acd4e9c8d41683847bda36d53ac5df8.jpg,321216,5acd4e9c8d41683847bda36d53ac5df8
IdeiaDesenho/group_base13..png,legacy/v1-bucket/0a/0a2fe7177f8e30ea786896624fab2dbc.png,18426,0a2fe7177f8e30ea786896624fab2dbc
IdeiaDesenho/group_base130..jpg,legacy/v1-bucket/aa/aaf29019be75b4afc9f39c20ef6a9ccc.jpg,533892,aaf29019be75b4afc9f39c20ef6a9ccc
IdeiaDesenho/group_base131..jpg,legacy/v1-bucket/d3/d35f1163a31c164107f23824677eb5ec.jpg,406539,d35f1163a31c164107f23824677eb5ec
IdeiaDesenho/group_base132..jpg,legacy/v1-bucket/03/036a83de973cc127eecc67d217687a64.jpg,339767,036a83de973cc127eecc67d217687a64
IdeiaDesenho/group_base133..jpg,legacy/v1-bucket/bc/bc64660a87924d41785fd09c97e16766.jpg,309564,bc64660a87924d41785fd09c97e16766
IdeiaDesenho/group_base134..jpg,legacy/v1-bucket/b7/b7248fe562e41e23a45ae7922acbf1f5.jpg,634052,b7248fe562e41e23a45ae7922acbf1f5
IdeiaDesenho/group_base135..jpg,legacy/v1-bucket/8c/8c171ecb97c2fe888336572e3952c673.jpg,535462,8c171ecb97c2fe888336572e3952c673
IdeiaDesenho/group_base136..jpg,legacy/v1-bucket/cb/cbf1f459a78e6ad8395273893f8005ba.jpg,311745,cbf1f459a78e6ad8395273893f8005ba
IdeiaDesenho/group_base137..jpg,legacy/v1-bucket/50/5068310d38891f151de1af20ec23329e.jpg,495144,5068310d38891f151de1af20ec23329e
IdeiaDesenho/group_base138..jpg,legacy/v1-bucket/7b/7b1009520240463a95a84e36c9d2a0cb.jpg,456720,7b1009520240463a95a84e36c9d2a0cb
IdeiaDesenho/group_base139..jpg,legacy/v1-bucket/15/15cc35d0d29efe08165b5e2283198487.jpg,313860,15cc35d0d29efe08165b5e2283198487
IdeiaDesenho/group_base14..png,legacy/v1-bucket/ec/ecae2963459c745176f0d64760cd1113.png,217849,ecae2963459c745176f0d64760cd1113
IdeiaDesenho/group_base140..jpg,legacy/v1-bucket/48/48a55c6193816142b79a1872869e97ae.jpg,396517,48a55c6193816142b79a1872869e97ae
IdeiaDesenho/group_base141..jpg,legacy/v1-bucket/9a/9a5b15f880a5763038386ace639aa432.jpg,82602,9a5b15f880a5763038386ace639aa432
IdeiaDesenho/group_base142..jpg,legacy/v1-bucket/88/885fc1519e071536133f5bfd0a367e4a.jpg,261130,885fc1519e071536133f5bfd0a367e4a
IdeiaDesenho/group_base143..jpg,legacy/v1-bucket/02/0255658ffc2284e5323696981661e67b.jpg,539840,0255658ffc2284e5323696981661e67b
IdeiaDesenho/group_base144..jpg,legacy/v1-bucket/e4/e44c8630f63d3f49e427c93fb5ce937e.jpg,226551,e44c8630f63d3f49e427c93fb5ce937e
IdeiaDesenho/group_base145..jpg,legacy/v1-bucket/9d/9da0cc2d5b65713648f5673a20d74fd9.jpg,351696,9da0cc2d5b65713648f5673a20d74fd9
IdeiaDesenho/group_base146..jpg,legacy/v1-bucket/68/68206e11226c2cd20f36ad6fdb2d88b7.jpg,465624,68206e11226c2cd20f36ad6fdb2d88b7
IdeiaDesenho/group_base147..jpg,legacy/v1-bucket/43/433dd7501a456e0ea10e815ab153cc1f.jpg,339930,433dd7501a456e0ea10e815ab153cc1f
IdeiaDesenho/group_base148..jpg,legacy/v1-bucket/6a/6a64adb312337edf17989d085dd33f8d.jpg,382859,6a64adb312337edf17989d085dd33f8d
IdeiaDesenho/group_base149..jpg,legacy/v1-bucket/88/885904227fead39d3478b1290bc04f1b.jpg,458684,885904227fead39d3478b1290bc04f1b
IdeiaDesenho/group_base15..png,legacy/v1-bucket/35/3548c5dad5dfd82611448b156fff0e75.png,83109,3548c5dad5dfd82611448b156fff0e75
IdeiaDesenho/group_base150..jpg,legacy/v1-bucket/93/933224e3a44e22970ffe3e7df6229ed3.jpg,307021,933224e3a44e22970ffe3e7df6229ed3
IdeiaDesenho/group_base151..jpg,legacy/v1-bucket/1a/1a7f0a5be92acb28b51ef347624012e5.jpg,538780,1a7f0a5be92acb28b51ef347624012e5
IdeiaDesenho/group_base152..jpg,legacy/v1-bucket/0d/0d0138ed9af0bcc9353b306d7938d99d.jpg,399471,0d0138ed9af0bcc9353b306d7938d99d
IdeiaDesenho/group_base153..jpg,legacy/v1-bucket/d5/d547861a7797a4924eac498e303b02b8.jpg,390154,d547861a7797a4924eac498e303b02b8
IdeiaDesenho/group_base154..jpg,legacy/v1-bucket/d0/d0df152ff8d3a5cdbcf9b18427959912.jpg,375770,d0df152ff8d3a5cdbcf9b18427959912
IdeiaDesenho/group_base155..jpg,legacy/v1-bucket/2f/2f76487407087468df19f242816880ad.jpg,426731,2f76487407087468df19f242816880ad
IdeiaDesenho/group_base156..jpg,legacy/v1-bucket/55/5584fd98de946960c99cff006962b87f.jpg,549385,5584fd98de946960c99cff006962b87f
IdeiaDesenho/group_base157..jpg,legacy/v1-bucket/6e/6e28ea408d1407e7ea0c6ca933d945f9.jpg,329151,6e28ea408d1407e7ea0c6ca933d945f9
IdeiaDesenho/group_base158..jpg,legacy/v1-bucket/83/83b156df48bd5730a0d3e80d677b1d28.jpg,291534,83b156df48bd5730a0d3e80d677b1d28
IdeiaDesenho/group_base159..jpg,legacy/v1-bucket/56/56fe4312e15c3c26bd4bd488ae98b00c.jpg,247990,56fe4312e15c3c26bd4bd488ae98b00c
IdeiaDesenho/group_base16..jpg,legacy/v1-bucket/61/61c9862eceb59598a2e3e7a7b5c000b2.jpg,67202,61c9862eceb59598a2e3e7a7b5c000b2
IdeiaDesenho/group_base160..jpg,legacy/v1-bucket/3c/3cf85cdad395a3dd1f4ff69cd8ec3a35.jpg,409199,3cf85cdad395a3dd1f4ff69cd8ec3a35
IdeiaDesenho/group_base161..jpg,legacy/v1-bucket/3a/3a93a5d1d28651c33dfe72ab975d375e.jpg,310172,3a93a5d1d28651c33dfe72ab975d375e
IdeiaDesenho/group_base162..jpg,legacy/v1-bucket/c4/c47b684cbe66557ab6a2b5811043c234.jpg,331309,c47b684cbe66557ab6a2b5811043c234
IdeiaDesenho/group_base163..jpg,legacy/v1-bucket/6c/6c224fb4a1ab0f8e99a654641a2ed42d.jpg,317601,6c224fb4a1ab0f8e99a654641a2ed42d
IdeiaDesenho/group_base164..jpg,legacy/v1-bucket/87/872d3b9b8d0a41bdaca35262ea46ee63.jpg,320802,872d3b9b8d0a41bdaca35262ea46ee63
IdeiaDesenho/group_base165..jpg,legacy/v1-bucket/39/39db0df59729c63d4a0925275df9fa8f.jpg,356249,39db0df59729c63d4a0925275df9fa8f
IdeiaDesenho/group_base166..jpg,legacy/v1-bucket/24/240563b726a8024b678093822311ba51.jpg,518586,240563b726a8024b678093822311ba51
IdeiaDesenho/group_base167..jpg,legacy/v1-bucket/e1/e19b7fd7229afee3d6892c42d99adaa1.jpg,559813,e19b7fd7229afee3d6892c42d99adaa1
IdeiaDesenho/group_base168..jpg,legacy/v1-bucket/6a/6a24f592a1243385673abba76dbe088e.jpg,287510,6a24f592a1243385673abba76dbe088e
IdeiaDesenho/group_base169..jpg,legacy/v1-bucket/38/3803742b62cab2bd88eee70965d7c241.jpg,391991,3803742b62cab2bd88eee70965d7c241
IdeiaDesenho/group_base17..jpg,legacy/v1-bucket/c7/c72518e6b6409a1cf537e7fed636cdf8.jpg,53892,c72518e6b6409a1cf537e7fed636cdf8
IdeiaDesenho/group_base170..jpg,legacy/v1-bucket/54/54a50d833abd6b488de9f7041a4dc34d.jpg,292575,54a50d833abd6b488de9f7041a4dc34d
IdeiaDesenho/group_base171..jpg,legacy/v1-bucket/74/74d81dbd9e513ebce3b6149895f892b4.jpg,341592,74d81dbd9e513ebce3b6149895f892b4
IdeiaDesenho/group_base172..jpg,legacy/v1-bucket/a0/a0c41b739a19a8e44e5762f1e8f69aa8.jpg,408708,a0c41b739a19a8e44e5762f1e8f69aa8
IdeiaDesenho/group_base173..jpg,legacy/v1-bucket/62/6290fe38e2c91694b08b5b2328392cf0.jpg,267976,6290fe38e2c91694b08b5b2328392cf0
IdeiaDesenho/group_base174..jpg,legacy/v1-bucket/c5/c56d12ded0c40c9de08a3f4c866592d6.jpg,417346,c56d12ded0c40c9de08a3f4c866592d6
IdeiaDesenho/group_base175..jpg,legacy/v1-bucket/4c/4c70a747198267b47056fb6dc4f56b56.jpg,345290,4c70a747198267b47056fb6dc4f56b56
IdeiaDesenho/group_base176..jpg,legacy/v1-bucket/8f/8f63f1a5601abc04956453537e59e58e.jpg,351353,8f63f1a5601abc04956453537e59e58e
IdeiaDesenho/group_base177..jpg,legacy/v1-bucket/d5/d5cb4d32e0bbf13d23af597e788d93cc.jpg,406217,d5cb4d32e0bbf13d23af597e788d93cc
IdeiaDesenho/group_base178..jpg,legacy/v1-bucket/d8/d84ac0bc359733d88b95215741933f4e.jpg,404079,d84ac0bc359733d88b95215741933f4e
IdeiaDesenho/group_base179..jpg,legacy/v1-bucket/f9/f9eb13a665c2dd3d354e2430c3a44c06.jpg,320945,f9eb13a665c2dd3d354e2430c3a44c06
IdeiaDesenho/group_base18..jpg,legacy/v1-bucket/c4/c428e6f205dca8f67ff9a3cac96b4f4d.jpg,58296,c428e6f205dca8f67ff9a3cac96b4f4d
IdeiaDesenho/group_base180..jpg,legacy/v1-bucket/33/33034d12705c8d8b92b48db1c97f9a78.jpg,232851,33034d12705c8d8b92b48db1c97f9a78
IdeiaDesenho/group_base181..jpg,legacy/v1-bucket/48/489b01516f8237043d5f67b96d660233.jpg,174919,489b01516f8237043d5f67b96d660233
IdeiaDesenho/group_base182..jpg,legacy/v1-bucket/2a/2a2f2fd39b694b23a83b10d4233d73e3.jpg,211937,2a2f2fd39b694b23a83b10d4233d73e3
IdeiaDesenho/group_base183..jpg,legacy/v1-bucket/e9/e9b08e789a6c318b5c77b9e7ed5beec1.jpg,297494,e9b08e789a6c318b5c77b9e7ed5beec1
IdeiaDesenho/group_base184..jpg,legacy/v1-bucket/b9/b928cffba2b9df0ade16fdcafd890f58.jpg,363493,b928cffba2b9df0ade16fdcafd890f58
IdeiaDesenho/group_base185..jpg,legacy/v1-bucket/af/afc99cd8d115300dcda52ff106dfc0d0.jpg,322780,afc99cd8d115300dcda52ff106dfc0d0
IdeiaDesenho/group_base186..jpg,legacy/v1-bucket/88/8823240e028ef37e2b70063ac5850fd0.jpg,356624,8823240e028ef37e2b70063ac5850fd0
IdeiaDesenho/group_base187..jpg,legacy/v1-bucket/f7/f7c12832c56b999cd6437847d167c4da.jpg,530192,f7c12832c56b999cd6437847d167c4da
IdeiaDesenho/group_base188..jpg,legacy/v1-bucket/16/16b754b1754eb4387c102deb79c2928e.jpg,329583,16b754b1754eb4387c102deb79c2928e
IdeiaDesenho/group_base189..jpg,legacy/v1-bucket/47/475a0f6b17068f9329254664547df8e0.jpg,273064,475a0f6b17068f9329254664547df8e0
IdeiaDesenho/group_base19..jpg,legacy/v1-bucket/ae/ae457c5820ec2150f8b82aee6bd044c6.jpg,31337,ae457c5820ec2150f8b82aee6bd044c6
IdeiaDesenho/group_base190..jpg,legacy/v1-bucket/94/940558214804978f0e02be88cf2f1de4.jpg,287900,940558214804978f0e02be88cf2f1de4
IdeiaDesenho/group_base191..jpg,legacy/v1-bucket/fe/fe90b508fefa415c4ed9b96b33042331.jpg,382504,fe90b508fefa415c4ed9b96b33042331
IdeiaDesenho/group_base192..jpg,legacy/v1-bucket/aa/aa0a87374efd35b8105eb8541bfed816.jpg,331556,aa0a87374efd35b8105eb8541bfed816
IdeiaDesenho/group_base193..jpg,legacy/v1-bucket/40/4044c141f1fbec07de60c3f5307a8c5a.jpg,478871,4044c141f1fbec07de60c3f5307a8c5a
IdeiaDesenho/group_base194..jpg,legacy/v1-bucket/21/2102655a4c3f29a47b547ecb91b45808.jpg,414819,2102655a4c3f29a47b547ecb91b45808
IdeiaDesenho/group_base195..jpg,legacy/v1-bucket/66/6644a36696fdae4d6346a8104269f806.jpg,384336,6644a36696fdae4d6346a8104269f806
IdeiaDesenho/group_base196..jpg,legacy/v1-bucket/17/1739749648fb85876aaecfc2dd2919cb.jpg,345754,1739749648fb85876aaecfc2dd2919cb
IdeiaDesenho/group_base197..jpg,legacy/v1-bucket/a5/a56fdeb4f5c608068709b829f60b502e.jpg,325515,a56fdeb4f5c608068709b829f60b502e
IdeiaDesenho/group_base198..jpg,legacy/v1-bucket/55/5509179a3114d6392d2754fa834b8f98.jpg,319810,5509179a3114d6392d2754fa834b8f98
IdeiaDesenho/group_base199..jpg,legacy/v1-bucket/b7/b74713f37d604485efc71f9a41d78443.jpg,387329,b74713f37d604485efc71f9a41d78443
IdeiaDesenho/group_base2..png,legacy/v1-bucket/d7/d7dee0663ba80411fc2a1214e259b7e7.png,192889,d7dee0663ba80411fc2a1214e259b7e7
IdeiaDesenho/group_base20..jpg,legacy/v1-bucket/a4/a48bd502b706edde1ee7361c24405e5f.jpg,91217,a48bd502b706edde1ee7361c24405e5f
IdeiaDesenho/group_base200..jpg,legacy/v1-bucket/91/91d97022d635aca9eb104eb08570be86.jpg,310600,91d97022d635aca9eb104eb08570be86
IdeiaDesenho/group_base201..jpg,legacy/v1-bucket/1f/1f681999640311c622933734eb4568d6.jpg,338113,1f681999640311c622933734eb4568d6
IdeiaDesenho/group_base202..jpg,legacy/v1-bucket/a8/a87c8532256d851aaabeb7427113fbfa.jpg,443742,a87c8532256d851aaabeb7427113fbfa
IdeiaDesenho/group_base203..jpg,legacy/v1-bucket/68/683c7b588e89ad9a468868cd933c14fa.jpg,378405,683c7b588e89ad9a468868cd933c14fa
IdeiaDesenho/group_base204..jpg,legacy/v1-bucket/ce/ce7d0b467516db86bb40d0522dbe97cb.jpg,371409,ce7d0b467516db86bb40d0522dbe97cb
IdeiaDesenho/group_base205..jpg,legacy/v1-bucket/16/16c51e6e6d1992ea697ed3211f508a10.jpg,165938,16c51e6e6d1992ea697ed3211f508a10
IdeiaDesenho/group_base206..jpg,legacy/v1-bucket/77/77be48503f197e285871cefb1c0833fc.jpg,367555,77be48503f197e285871cefb1c0833fc
IdeiaDesenho/group_base207..jpg,legacy/v1-bucket/54/54cd07aafcf75dee94a203189b7c1da7.jpg,241553,54cd07aafcf75dee94a203189b7c1da7
IdeiaDesenho/group_base208..jpg,legacy/v1-bucket/b0/b047d1f4e0e8025eef25a8bca14d4d64.jpg,457060,b047d1f4e0e8025eef25a8bca14d4d64
IdeiaDesenho/group_base209..jpg,legacy/v1-bucket/74/74bb3d8072f6b4bf38443a56a51ede18.jpg,428481,74bb3d8072f6b4bf38443a56a51ede18
IdeiaDesenho/group_base21..jpg,legacy/v1-bucket/2c/2cd17a49b1c145d922901ac75b0fc746.jpg,39388,2cd17a49b1c145d922901ac75b0fc746
IdeiaDesenho/group_base210..jpg,legacy/v1-bucket/1d/1d7f8bf775ce3a5e3c8a09ddec79e775.jpg,299670,1d7f8bf775ce3a5e3c8a09ddec79e775
IdeiaDesenho/group_base211..jpg,legacy/v1-bucket/7f/7f33980f1ac94beec7a5e5645414200b.jpg,418454,7f33980f1ac94beec7a5e5645414200b
IdeiaDesenho/group_base212..jpg,legacy/v1-bucket/9e/9ee176d06a2431193cf4abdbf604213c.jpg,183709,9ee176d06a2431193cf4abdbf604213c
IdeiaDesenho/group_base213..jpg,legacy/v1-bucket/0e/0e30afd4f50cf61d844590c22e03fd33.jpg,479595,0e30afd4f50cf61d844590c22e03fd33
IdeiaDesenho/group_base214..jpg,legacy/v1-bucket/fc/fc4ce41ca39cd9b8d692439ac6653917.jpg,468062,fc4ce41ca39cd9b8d692439ac6653917
IdeiaDesenho/group_base215..jpg,legacy/v1-bucket/3e/3ed1ffdffcdbd3394efacd3e17c2ae64.jpg,349542,3ed1ffdffcdbd3394efacd3e17c2ae64
IdeiaDesenho/group_base216..jpg,legacy/v1-bucket/0c/0cecc7fe8f1d3a8f4b51543dbe163715.jpg,510620,0cecc7fe8f1d3a8f4b51543dbe163715
IdeiaDesenho/group_base217..jpg,legacy/v1-bucket/d9/d90bc7612e9ccc3d26bbae4500eeedfa.jpg,397469,d90bc7612e9ccc3d26bbae4500eeedfa
IdeiaDesenho/group_base218..jpg,legacy/v1-bucket/f1/f140e40470b6e9fb34e915eb0661859a.jpg,548158,f140e40470b6e9fb34e915eb0661859a
IdeiaDesenho/group_base219..jpg,legacy/v1-bucket/65/650675cf5fa032af21e6fd3db7764487.jpg,445603,650675cf5fa032af21e6fd3db7764487
IdeiaDesenho/group_base22..jpg,legacy/v1-bucket/4b/4bb1f9f24d499ab3c83253d2d28a9b19.jpg,107061,4bb1f9f24d499ab3c83253d2d28a9b19
IdeiaDesenho/group_base220..jpg,legacy/v1-bucket/30/30356a3632f69cdef8d990146ce863f2.jpg,366842,30356a3632f69cdef8d990146ce863f2
IdeiaDesenho/group_base221..jpg,legacy/v1-bucket/38/380e906c31474c4285a156c2597c0d90.jpg,340318,380e906c31474c4285a156c2597c0d90
IdeiaDesenho/group_base222..jpg,legacy/v1-bucket/29/29635f266c907616b11de31142508f78.jpg,381765,29635f266c907616b11de31142508f78
IdeiaDesenho/group_base223..jpg,legacy/v1-bucket/5a/5a4305a2b07b251696324bbb5ac977e7.jpg,304940,5a4305a2b07b251696324bbb5ac977e7
IdeiaDesenho/group_base224..jpg,legacy/v1-bucket/b4/b4b4714ece85b201a260a01cdd082ffe.jpg,239876,b4b4714ece85b201a260a01cdd082ffe
IdeiaDesenho/group_base225..jpg,legacy/v1-bucket/d6/d61887f1e05c001608a6f9c426b53ca6.jpg,440853,d61887f1e05c001608a6f9c426b53ca6
IdeiaDesenho/group_base226..jpg,legacy/v1-bucket/43/43e9e523fcd90ed11afd9cac1c4fbd84.jpg,167562,43e9e523fcd90ed11afd9cac1c4fbd84
IdeiaDesenho/group_base227..jpg,legacy/v1-bucket/c8/c82b598a6809194c0239379915dfa28f.jpg,286351,c82b598a6809194c0239379915dfa28f
IdeiaDesenho/group_base228..jpg,legacy/v1-bucket/c5/c5d02b7829f77c7807153d4bb46a4f45.jpg,354935,c5d02b7829f77c7807153d4bb46a4f45
IdeiaDesenho/group_base229..jpg,legacy/v1-bucket/3a/3a6a5c6e67ea32dae72b800425c526e2.jpg,291453,3a6a5c6e67ea32dae72b800425c526e2
IdeiaDesenho/group_base23..jpg,legacy/v1-bucket/d2/d2e4732246626a16d4e13087d30c087a.jpg,37826,d2e4732246626a16d4e13087d30c087a
IdeiaDesenho/group_base230..jpg,legacy/v1-bucket/0d/0d810245f746d06721a888ee0bb58007.jpg,268130,0d810245f746d06721a888ee0bb58007
IdeiaDesenho/group_base231..jpg,legacy/v1-bucket/05/05488e3721faaf22a43f6b444583dd60.jpg,323292,05488e3721faaf22a43f6b444583dd60
IdeiaDesenho/group_base232..jpg,legacy/v1-bucket/fd/fd9e65c9189ce6c517096ca72cd0a89a.jpg,319506,fd9e65c9189ce6c517096ca72cd0a89a
IdeiaDesenho/group_base233..jpg,legacy/v1-bucket/ac/aced8c39aa9f674336280a7b4e3f042e.jpg,508906,aced8c39aa9f674336280a7b4e3f042e
IdeiaDesenho/group_base234..jpg,legacy/v1-bucket/97/97316ef5d0f94db11825967f5d1f98f5.jpg,450072,97316ef5d0f94db11825967f5d1f98f5
IdeiaDesenho/group_base235..jpg,legacy/v1-bucket/29/29a7d015201bbad60216f0a41a7240bd.jpg,461822,29a7d015201bbad60216f0a41a7240bd
IdeiaDesenho/group_base236..jpg,legacy/v1-bucket/be/bea6a23060cd424c827e3d2f6ea50297.jpg,276084,bea6a23060cd424c827e3d2f6ea50297
IdeiaDesenho/group_base237..jpg,legacy/v1-bucket/24/241de205d121ce03136dd14e4bab908a.jpg,479615,241de205d121ce03136dd14e4bab908a
IdeiaDesenho/group_base238..jpg,legacy/v1-bucket/bb/bbd0eaba66133e10771eb09164d6c12d.jpg,444674,bbd0eaba66133e10771eb09164d6c12d
IdeiaDesenho/group_base239..jpg,legacy/v1-bucket/04/04fca24266b45e80841d5b7fd1b566f4.jpg,330682,04fca24266b45e80841d5b7fd1b566f4
IdeiaDesenho/group_base24..png,legacy/v1-bucket/53/53ac665b3a66296907826a6c03e14a2f.png,20677,53ac665b3a66296907826a6c03e14a2f
IdeiaDesenho/group_base240..jpg,legacy/v1-bucket/b0/b01291bf4311d087acf02b36779eeef5.jpg,608039,b01291bf4311d087acf02b36779eeef5
IdeiaDesenho/group_base241..jpg,legacy/v1-bucket/06/0695a3ef8fee83573b1a0312f8fd5d13.jpg,485378,0695a3ef8fee83573b1a0312f8fd5d13
IdeiaDesenho/group_base242..jpg,legacy/v1-bucket/31/31811bd5d61affeb6f6a436fbfa90456.jpg,352232,31811bd5d61affeb6f6a436fbfa90456
IdeiaDesenho/group_base243..jpg,legacy/v1-bucket/83/83d2347f0fde2d1d45492c43707ef00d.jpg,569137,83d2347f0fde2d1d45492c43707ef00d
IdeiaDesenho/group_base244..jpg,legacy/v1-bucket/9e/9e7de61d3d163d8d55a20f166c6cb64a.jpg,185497,9e7de61d3d163d8d55a20f166c6cb64a
IdeiaDesenho/group_base245..jpg,legacy/v1-bucket/31/3125e5168f4ccae8878f9eb822c55317.jpg,508200,3125e5168f4ccae8878f9eb822c55317
IdeiaDesenho/group_base246..jpg,legacy/v1-bucket/af/afe13799ce79cedc1f54f70c7b132d17.jpg,460916,afe13799ce79cedc1f54f70c7b132d17
IdeiaDesenho/group_base247..jpg,legacy/v1-bucket/61/6157c911bf551780a4f12cb9114dad38.jpg,287042,6157c911bf551780a4f12cb9114dad38
IdeiaDesenho/group_base248..jpg,legacy/v1-bucket/12/12faf58a479e88129af89b1a4d37b603.jpg,446802,12faf58a479e88129af89b1a4d37b603
IdeiaDesenho/group_base249..jpg,legacy/v1-bucket/6d/6d1cebbf9f6d24c537e88694a0f40011.jpg,360612,6d1cebbf9f6d24c537e88694a0f40011
IdeiaDesenho/group_base25..png,legacy/v1-bucket/a3/a34eacad4b6dcfa65d9d812298288014.png,161297,a34eacad4b6dcfa65d9d812298288014
IdeiaDesenho/group_base250..jpg,legacy/v1-bucket/86/86eb07eee98fe930088d8c98557f76ad.jpg,409168,86eb07eee98fe930088d8c98557f76ad
IdeiaDesenho/group_base251..jpg,legacy/v1-bucket/64/64f7f71f1d30659ede53ecbb99727899.jpg,335700,64f7f71f1d30659ede53ecbb99727899
IdeiaDesenho/group_base252..jpg,legacy/v1-bucket/11/1167ea2fccd312d1872475cee260c6fe.jpg,540616,1167ea2fccd312d1872475cee260c6fe
IdeiaDesenho/group_base253..jpg,legacy/v1-bucket/9f/9f1be871cd18f896043670687ded5c1d.jpg,471571,9f1be871cd18f896043670687ded5c1d
IdeiaDesenho/group_base254..jpg,legacy/v1-bucket/34/344c1e16a0f207c92f5b9011b5d1c20a.jpg,266698,344c1e16a0f207c92f5b9011b5d1c20a
IdeiaDesenho/group_base255..jpg,legacy/v1-bucket/e6/e69f307197f7bf9853ae556499a4af3b.jpg,368362,e69f307197f7bf9853ae556499a4af3b
IdeiaDesenho/group_base256..jpg,legacy/v1-bucket/bb/bb4b349df511e76db650709dfd0cffad.jpg,440491,bb4b349df511e76db650709dfd0cffad
IdeiaDesenho/group_base257..jpg,legacy/v1-bucket/5e/5ece2e5e5b83390be4a671689a7f103f.jpg,391582,5ece2e5e5b83390be4a671689a7f103f
IdeiaDesenho/group_base258..jpg,legacy/v1-bucket/fa/fa33dea946b3fd88a2723fc96c72e91d.jpg,392834,fa33dea946b3fd88a2723fc96c72e91d
IdeiaDesenho/group_base259..jpg,legacy/v1-bucket/e2/e287a72ef64adf093bff1b385cd65c84.jpg,246111,e287a72ef64adf093bff1b385cd65c84
IdeiaDesenho/group_base26..png,legacy/v1-bucket/22/22cae41daeaefd642a48989a62594353.png,16930,22cae41daeaefd642a48989a62594353
IdeiaDesenho/group_base260..jpg,legacy/v1-bucket/8b/8bf46d748817aaf67acd21814b8542ca.jpg,220651,8bf46d748817aaf67acd21814b8542ca
IdeiaDesenho/group_base261..jpg,legacy/v1-bucket/45/4572b53bbae00fe04cb3ffc90ac6630c.jpg,472922,4572b53bbae00fe04cb3ffc90ac6630c
IdeiaDesenho/group_base262..jpg,legacy/v1-bucket/b5/b59ab7a24dde9c0ee1b7648e54f6a343.jpg,492571,b59ab7a24dde9c0ee1b7648e54f6a343
IdeiaDesenho/group_base263..jpg,legacy/v1-bucket/0b/0bb626447f7016ea3305ca963411fc61.jpg,550844,0bb626447f7016ea3305ca963411fc61
IdeiaDesenho/group_base264..jpg,legacy/v1-bucket/d0/d0a54b7e4fc564cc90755a3015c1b4d3.jpg,483999,d0a54b7e4fc564cc90755a3015c1b4d3
IdeiaDesenho/group_base265..jpg,legacy/v1-bucket/39/39c41c1998294753519e37af3d6daf5f.jpg,316648,39c41c1998294753519e37af3d6daf5f
IdeiaDesenho/group_base266..jpg,legacy/v1-bucket/15/15e89d37b80281e150ec25791d8a287f.jpg,406018,15e89d37b80281e150ec25791d8a287f
IdeiaDesenho/group_base267..jpg,legacy/v1-bucket/ff/ff0d2d31df864a306fcbd1c3d2c98b6b.jpg,250484,ff0d2d31df864a306fcbd1c3d2c98b6b
IdeiaDesenho/group_base268..jpg,legacy/v1-bucket/1c/1c805965e6d794fd61afff0171ca05d2.jpg,425069,1c805965e6d794fd61afff0171ca05d2
IdeiaDesenho/group_base269..jpg,legacy/v1-bucket/96/962ae0b3fd85b6da196d0f7a4484f874.jpg,482090,962ae0b3fd85b6da196d0f7a4484f874
IdeiaDesenho/group_base27..png,legacy/v1-bucket/0d/0d5a9c36f820f627e40f2363255c26e7.png,53836,0d5a9c36f820f627e40f2363255c26e7
IdeiaDesenho/group_base270..jpg,legacy/v1-bucket/07/07a612344faa3fdc4fafc1728f35adac.jpg,380625,07a612344faa3fdc4fafc1728f35adac
IdeiaDesenho/group_base271..jpg,legacy/v1-bucket/ca/caed1dde3a8416d5bdfc6b4dff79ac62.jpg,279712,caed1dde3a8416d5bdfc6b4dff79ac62
IdeiaDesenho/group_base272..jpg,legacy/v1-bucket/48/48d8e5b0e4577fc4564d971c4f92ce02.jpg,155294,48d8e5b0e4577fc4564d971c4f92ce02
IdeiaDesenho/group_base273..jpg,legacy/v1-bucket/75/75fa17a2d786ec5d38ba8df32105458d.jpg,207239,75fa17a2d786ec5d38ba8df32105458d
IdeiaDesenho/group_base274..jpg,legacy/v1-bucket/ef/eff429fb81c8f0fa8e2822443461e9bc.jpg,481199,eff429fb81c8f0fa8e2822443461e9bc
IdeiaDesenho/group_base275..jpg,legacy/v1-bucket/7f/7ffd7f21397113c742e793298e060e10.jpg,346693,7ffd7f21397113c742e793298e060e10
IdeiaDesenho/group_base276..jpg,legacy/v1-bucket/cc/cc9081dceef6c6c541d9d5fd872eb817.jpg,356103,cc9081dceef6c6c541d9d5fd872eb817
IdeiaDesenho/group_base277..jpg,legacy/v1-bucket/d0/d0a370a8fbf7bc72599f5454a209e789.jpg,104470,d0a370a8fbf7bc72599f5454a209e789
IdeiaDesenho/group_base278..jpg,legacy/v1-bucket/75/757bc1fe3bc39ea086e70c97f043df68.jpg,384621,757bc1fe3bc39ea086e70c97f043df68
IdeiaDesenho/group_base279..jpg,legacy/v1-bucket/f5/f5e766c62dacc3bab8f40014b0b503dd.jpg,625253,f5e766c62dacc3bab8f40014b0b503dd
IdeiaDesenho/group_base28..jpg,legacy/v1-bucket/59/5994b4b92fe66003d2a0f7e1250538bf.jpg,148733,5994b4b92fe66003d2a0f7e1250538bf
IdeiaDesenho/group_base280..jpg,legacy/v1-bucket/90/9061181c6e1b2d50689f292f27ea7169.jpg,430422,9061181c6e1b2d50689f292f27ea7169
IdeiaDesenho/group_base281..jpg,legacy/v1-bucket/03/03c4444432dcfc15c98e37f2530c321d.jpg,383167,03c4444432dcfc15c98e37f2530c321d
IdeiaDesenho/group_base282..jpg,legacy/v1-bucket/07/072214367ef02e0994073de5a7d48d0e.jpg,457012,072214367ef02e0994073de5a7d48d0e
IdeiaDesenho/group_base283..jpg,legacy/v1-bucket/8f/8fb58201eba6090e94c8767386e34268.jpg,765896,8fb58201eba6090e94c8767386e34268
IdeiaDesenho/group_base284..jpg,legacy/v1-bucket/ab/ab19156f109eb6d402b437611bc0ff01.jpg,268722,ab19156f109eb6d402b437611bc0ff01
IdeiaDesenho/group_base285..jpg,legacy/v1-bucket/b3/b3900e0252eeed9ea2409b6a39be81d2.jpg,352264,b3900e0252eeed9ea2409b6a39be81d2
IdeiaDesenho/group_base286..jpg,legacy/v1-bucket/fa/fa2d0ef765c352eedf793de019eaaff3.jpg,229382,fa2d0ef765c352eedf793de019eaaff3
IdeiaDesenho/group_base287..jpg,legacy/v1-bucket/79/7974a6d55ced3daf59f161929e8c586c.jpg,337259,7974a6d55ced3daf59f161929e8c586c
IdeiaDesenho/group_base288..jpg,legacy/v1-bucket/af/af0b00b5b354982fb41f1d0619eb9927.jpg,297308,af0b00b5b354982fb41f1d0619eb9927
IdeiaDesenho/group_base289..jpg,legacy/v1-bucket/cb/cb70669fc3b97832fbf2702e487d5648.jpg,299032,cb70669fc3b97832fbf2702e487d5648
IdeiaDesenho/group_base29..png,legacy/v1-bucket/a3/a3f17237782fc9b487a576b3cbcc7e52.png,151342,a3f17237782fc9b487a576b3cbcc7e52
IdeiaDesenho/group_base290..jpg,legacy/v1-bucket/6a/6a6492f74896462b36ed3db19287dca9.jpg,455128,6a6492f74896462b36ed3db19287dca9
IdeiaDesenho/group_base291..jpg,legacy/v1-bucket/9f/9fa7a876d3b9925530400f98537415b2.jpg,310493,9fa7a876d3b9925530400f98537415b2
IdeiaDesenho/group_base292..jpg,legacy/v1-bucket/3c/3c0d09090af0adf1f670c6dd54267fb1.jpg,559604,3c0d09090af0adf1f670c6dd54267fb1
IdeiaDesenho/group_base293..jpg,legacy/v1-bucket/11/112c442c56fefba0cadc9d0d18d0d866.jpg,404816,112c442c56fefba0cadc9d0d18d0d866
IdeiaDesenho/group_base294..jpg,legacy/v1-bucket/38/383a6996e235f4dcd91573d432430bf6.jpg,728830,383a6996e235f4dcd91573d432430bf6
IdeiaDesenho/group_base295..jpg,legacy/v1-bucket/e1/e1d28bf9002a88615f85e47fcb0cfa3d.jpg,421060,e1d28bf9002a88615f85e47fcb0cfa3d
IdeiaDesenho/group_base296..jpg,legacy/v1-bucket/0f/0f72fb9303e59334ff76e3e9a7971296.jpg,380470,0f72fb9303e59334ff76e3e9a7971296
IdeiaDesenho/group_base297..jpg,legacy/v1-bucket/ad/ad09973449b4c5a0826d93a50360fb62.jpg,379659,ad09973449b4c5a0826d93a50360fb62
IdeiaDesenho/group_base298..jpg,legacy/v1-bucket/84/848dcfcaf0b179b35872b6ba93c3a7f6.jpg,409367,848dcfcaf0b179b35872b6ba93c3a7f6
IdeiaDesenho/group_base299..jpg,legacy/v1-bucket/cf/cf207cb16d1054fa96ec29e097c7d81d.jpg,339098,cf207cb16d1054fa96ec29e097c7d81d
IdeiaDesenho/group_base3..jpg,legacy/v1-bucket/74/741ec0138dc4f3a81c29787a89796911.jpg,77181,741ec0138dc4f3a81c29787a89796911
IdeiaDesenho/group_base30..jpeg,legacy/v1-bucket/0c/0c4c7e731c1bc6ed60dac72216aa0985.jpeg,290451,0c4c7e731c1bc6ed60dac72216aa0985
IdeiaDesenho/group_base300..jpg,legacy/v1-bucket/26/26819f759ab4b2c34206fd39ff1d1183.jpg,303457,26819f759ab4b2c34206fd39ff1d1183
IdeiaDesenho/group_base301..jpg,legacy/v1-bucket/e7/e7f01fc05545e3fc352567cee0e99c87.jpg,499366,e7f01fc05545e3fc352567cee0e99c87
IdeiaDesenho/group_base302..jpg,legacy/v1-bucket/f6/f6afe02120eada94b78f23f8dba8b7c1.jpg,529563,f6afe02120eada94b78f23f8dba8b7c1
IdeiaDesenho/group_base303..jpg,legacy/v1-bucket/01/01de771804668993f13e66016cf74e93.jpg,271407,01de771804668993f13e66016cf74e93
IdeiaDesenho/group_base304..jpg,legacy/v1-bucket/b6/b6c266be31f4b90138e3d71a128f2ce8.jpg,451831,b6c266be31f4b90138e3d71a128f2ce8
IdeiaDesenho/group_base305..jpg,legacy/v1-bucket/45/4549104693bd63a5dbf1c43f324dcda5.jpg,329503,4549104693bd63a5dbf1c43f324dcda5
IdeiaDesenho/group_base306..jpg,legacy/v1-bucket/a7/a703e3502f311891713391379c5a6d1e.jpg,45169,a703e3502f311891713391379c5a6d1e
IdeiaDesenho/group_base307..jpg,legacy/v1-bucket/c6/c6d667674807562a26c38a4ee8929abf.jpg,254784,c6d667674807562a26c38a4ee8929abf
IdeiaDesenho/group_base308..jpg,legacy/v1-bucket/69/694e24bbcebdcafcaee3199cab72a85e.jpg,260998,694e24bbcebdcafcaee3199cab72a85e
IdeiaDesenho/group_base309..jpg,legacy/v1-bucket/a5/a58019d0dfb11ae7dcbdaf19f28afc84.jpg,341025,a58019d0dfb11ae7dcbdaf19f28afc84
IdeiaDesenho/group_base31..png,legacy/v1-bucket/ab/ab56d273747ef9153f3889d476e2d842.png,17876,ab56d273747ef9153f3889d476e2d842
IdeiaDesenho/group_base310..jpg,legacy/v1-bucket/ac/ac9376d967f443302e1c723a396c8528.jpg,444912,ac9376d967f443302e1c723a396c8528
IdeiaDesenho/group_base311..jpg,legacy/v1-bucket/c7/c709f410088f5ddb3414d633d76b9074.jpg,230567,c709f410088f5ddb3414d633d76b9074
IdeiaDesenho/group_base312..jpg,legacy/v1-bucket/9f/9f451a1a1319bbd158de33713b082dbe.jpg,230257,9f451a1a1319bbd158de33713b082dbe
IdeiaDesenho/group_base313..jpg,legacy/v1-bucket/53/539a6657076e4c9e76d1fc5acfa20c7d.jpg,398096,539a6657076e4c9e76d1fc5acfa20c7d
IdeiaDesenho/group_base314..jpg,legacy/v1-bucket/ae/ae82947c71ad22c32bdca3ab9c3bb2a0.jpg,276249,ae82947c71ad22c32bdca3ab9c3bb2a0
IdeiaDesenho/group_base315..jpg,legacy/v1-bucket/b4/b4cb5d2bc407e2bde45c5c642425e8cb.jpg,549836,b4cb5d2bc407e2bde45c5c642425e8cb
IdeiaDesenho/group_base316..jpg,legacy/v1-bucket/b2/b21c04dbb75985741bca9bcd0e51da81.jpg,557845,b21c04dbb75985741bca9bcd0e51da81
IdeiaDesenho/group_base317..jpg,legacy/v1-bucket/23/23d79899eb8bae593d715fa3c00be522.jpg,484975,23d79899eb8bae593d715fa3c00be522
IdeiaDesenho/group_base318..jpg,legacy/v1-bucket/4c/4c8f074dcc5b76e016aad1e360fa0410.jpg,529243,4c8f074dcc5b76e016aad1e360fa0410
IdeiaDesenho/group_base319..jpg,legacy/v1-bucket/e9/e93b7138ffbe820f11eba7651fc40e2b.jpg,535337,e93b7138ffbe820f11eba7651fc40e2b
IdeiaDesenho/group_base32..jpg,legacy/v1-bucket/64/640814a2442e4af1e0db2af486d2bb16.jpg,33973,640814a2442e4af1e0db2af486d2bb16
IdeiaDesenho/group_base320..jpg,legacy/v1-bucket/bd/bd08d19b1a61cf7a37a8a2c39081b173.jpg,471040,bd08d19b1a61cf7a37a8a2c39081b173
IdeiaDesenho/group_base321..jpg,legacy/v1-bucket/3e/3ec14a112ca458e6223560fc32cddd95.jpg,118148,3ec14a112ca458e6223560fc32cddd95
IdeiaDesenho/group_base322..jpg,legacy/v1-bucket/b1/b1e8e88d7f774041432ba860e4b18ded.jpg,375524,b1e8e88d7f774041432ba860e4b18ded
IdeiaDesenho/group_base323..jpg,legacy/v1-bucket/c5/c514690d85292ebf5c945cacdf83ad72.jpg,719863,c514690d85292ebf5c945cacdf83ad72
IdeiaDesenho/group_base324..jpg,legacy/v1-bucket/30/304a0a81f1f15313e6a6ff8d7de65485.jpg,396555,304a0a81f1f15313e6a6ff8d7de65485
IdeiaDesenho/group_base325..jpg,legacy/v1-bucket/4d/4dd09045bfd78bd5709c005476321c9c.jpg,485573,4dd09045bfd78bd5709c005476321c9c
IdeiaDesenho/group_base326..jpg,legacy/v1-bucket/6e/6e530c0a9bfc7dff2f6e0e2c2eef0924.jpg,421812,6e530c0a9bfc7dff2f6e0e2c2eef0924
IdeiaDesenho/group_base327..jpg,legacy/v1-bucket/0c/0c3e9260805602846c5cf58608257476.jpg,394414,0c3e9260805602846c5cf58608257476
IdeiaDesenho/group_base328..jpg,legacy/v1-bucket/ff/ff5d13bcc3e5e864b2d40a7f5ffeb1c7.jpg,279693,ff5d13bcc3e5e864b2d40a7f5ffeb1c7
IdeiaDesenho/group_base329..jpg,legacy/v1-bucket/0a/0acb0c7b57d4a5b14ad1c5b6af213053.jpg,295173,0acb0c7b57d4a5b14ad1c5b6af213053
IdeiaDesenho/group_base33..png,legacy/v1-bucket/ad/ad1388178a3ef60bcf175ab56e380f8c.png,77042,ad1388178a3ef60bcf175ab56e380f8c
IdeiaDesenho/group_base330..jpg,legacy/v1-bucket/30/30c884ca7dcfc343e70f2e73e91c447e.jpg,193721,30c884ca7dcfc343e70f2e73e91c447e
IdeiaDesenho/group_base331..jpg,legacy/v1-bucket/0e/0ef8c0a0e9e3b1db9bdedcf4af7efe36.jpg,471185,0ef8c0a0e9e3b1db9bdedcf4af7efe36
IdeiaDesenho/group_base332..jpg,legacy/v1-bucket/c3/c390cadd2c6ee3ee56db7ea65550fcb9.jpg,47115,c390cadd2c6ee3ee56db7ea65550fcb9
IdeiaDesenho/group_base333..jpg,legacy/v1-bucket/a7/a7ae88d2d8e0981334cb7d61db17faf1.jpg,767890,a7ae88d2d8e0981334cb7d61db17faf1
IdeiaDesenho/group_base334..jpg,legacy/v1-bucket/1a/1a2404f32e5cac753b3d7d2585e2e55b.jpg,353293,1a2404f32e5cac753b3d7d2585e2e55b
IdeiaDesenho/group_base335..jpg,legacy/v1-bucket/d7/d7486d2abeb1e1b0a9ef554642dc2a30.jpg,493000,d7486d2abeb1e1b0a9ef554642dc2a30
IdeiaDesenho/group_base336..jpg,legacy/v1-bucket/93/9352b1a0f219138e84d8d4e7b909ce51.jpg,355054,9352b1a0f219138e84d8d4e7b909ce51
IdeiaDesenho/group_base337..jpg,legacy/v1-bucket/09/09d5289741a261a9f2f13c45a5ca8b19.jpg,301758,09d5289741a261a9f2f13c45a5ca8b19
IdeiaDesenho/group_base338..jpg,legacy/v1-bucket/c2/c225a4ea1b0e4718fb6310df581a6bc3.jpg,233090,c225a4ea1b0e4718fb6310df581a6bc3
IdeiaDesenho/group_base339..jpg,legacy/v1-bucket/fa/faed38d611d3724d4c493ad56c33c00d.jpg,396573,faed38d611d3724d4c493ad56c33c00d
IdeiaDesenho/group_base34..png,legacy/v1-bucket/a1/a1842e76bc8934fd959e44f19dfb3553.png,49200,a1842e76bc8934fd959e44f19dfb3553
IdeiaDesenho/group_base340..jpg,legacy/v1-bucket/fe/fee56588bfbf9d314bec3c2ee16d5de2.jpg,206220,fee56588bfbf9d314bec3c2ee16d5de2
IdeiaDesenho/group_base341..jpg,legacy/v1-bucket/e8/e8c1f8a30712426538f8acf79eae1125.jpg,267664,e8c1f8a30712426538f8acf79eae1125
IdeiaDesenho/group_base342..jpg,legacy/v1-bucket/9b/9b50ae8b29c90ed1e57ea2337229d96c.jpg,464946,9b50ae8b29c90ed1e57ea2337229d96c
IdeiaDesenho/group_base343..jpg,legacy/v1-bucket/02/024c857f9fee51c098ea810e795d86ac.jpg,263456,024c857f9fee51c098ea810e795d86ac
IdeiaDesenho/group_base344..jpg,legacy/v1-bucket/79/79a89a954ee120d3b7bc3e9837cab243.jpg,391256,79a89a954ee120d3b7bc3e9837cab243
IdeiaDesenho/group_base345..jpg,legacy/v1-bucket/e0/e0b829fab9e050df60c92c8ed21f2c9a.jpg,427660,e0b829fab9e050df60c92c8ed21f2c9a
IdeiaDesenho/group_base346..jpg,legacy/v1-bucket/31/31a02eebca7926259df1bdab6b93eb33.jpg,290343,31a02eebca7926259df1bdab6b93eb33
IdeiaDesenho/group_base347..jpg,legacy/v1-bucket/f8/f88bb9d633fc4165d3438ccc3228f77e.jpg,325463,f88bb9d633fc4165d3438ccc3228f77e
IdeiaDesenho/group_base348..jpg,legacy/v1-bucket/cf/cf574155885230c07baa0cc93682bfc0.jpg,472965,cf574155885230c07baa0cc93682bfc0
IdeiaDesenho/group_base349..jpg,legacy/v1-bucket/91/91517d5bb973fa5c7eb4e8acfd520f38.jpg,234591,91517d5bb973fa5c7eb4e8acfd520f38
IdeiaDesenho/group_base35..jpg,legacy/v1-bucket/87/87253798d18d73b3ee09b6018312ace7.jpg,157046,87253798d18d73b3ee09b6018312ace7
IdeiaDesenho/group_base350..jpg,legacy/v1-bucket/dd/dd725aaa0ba0d55efaffa2a78e81be9e.jpg,278011,dd725aaa0ba0d55efaffa2a78e81be9e
IdeiaDesenho/group_base351..jpg,legacy/v1-bucket/92/92a44412f6ad48ee39b6379faf43f988.jpg,278152,92a44412f6ad48ee39b6379faf43f988
IdeiaDesenho/group_base352..jpg,legacy/v1-bucket/7a/7afa0c081a5c7f866dbdbe1378b97cad.jpg,296449,7afa0c081a5c7f866dbdbe1378b97cad
IdeiaDesenho/group_base353..jpg,legacy/v1-bucket/97/97710aaddd8d05e6d5665281b79554aa.jpg,385421,97710aaddd8d05e6d5665281b79554aa
IdeiaDesenho/group_base354..jpg,legacy/v1-bucket/c3/c3dee622c626947423e3cd9fe12bbef5.jpg,310833,c3dee622c626947423e3cd9fe12bbef5
IdeiaDesenho/group_base355..jpg,legacy/v1-bucket/72/722762cd0919dd6eaafccd8320928c56.jpg,350362,722762cd0919dd6eaafccd8320928c56
IdeiaDesenho/group_base356..jpg,legacy/v1-bucket/9e/9e06a0a2610ab46b6e27d320bf3e80eb.jpg,199162,9e06a0a2610ab46b6e27d320bf3e80eb
IdeiaDesenho/group_base357..jpg,legacy/v1-bucket/f9/f9e38cdf42ce561a132c3983553df40d.jpg,549116,f9e38cdf42ce561a132c3983553df40d
IdeiaDesenho/group_base358..jpg,legacy/v1-bucket/2c/2c4f3734c887bf98159356e1673adb98.jpg,332816,2c4f3734c887bf98159356e1673adb98
IdeiaDesenho/group_base359..jpg,legacy/v1-bucket/74/74b4befd087020d62812702179b5f99b.jpg,574012,74b4befd087020d62812702179b5f99b
IdeiaDesenho/group_base36..png,legacy/v1-bucket/1e/1efef8081c12a1aa5a7f5cb2be994e5e.png,45391,1efef8081c12a1aa5a7f5cb2be994e5e
IdeiaDesenho/group_base360..jpg,legacy/v1-bucket/0d/0dfdc55d2af13b1d35485c5f96c23875.jpg,279565,0dfdc55d2af13b1d35485c5f96c23875
IdeiaDesenho/group_base361..jpg,legacy/v1-bucket/e3/e37c02e3d7f1ad7094c5b141c8f6a2c4.jpg,270307,e37c02e3d7f1ad7094c5b141c8f6a2c4
IdeiaDesenho/group_base362..jpg,legacy/v1-bucket/c7/c79388741eb7961898fec10754d6035b.jpg,427325,c79388741eb7961898fec10754d6035b
IdeiaDesenho/group_base363..jpg,legacy/v1-bucket/ea/ea55edde6c0dacb1a18c7a8ce7cd6455.jpg,722382,ea55edde6c0dacb1a18c7a8ce7cd6455
IdeiaDesenho/group_base364..jpg,legacy/v1-bucket/26/26681221ddf157e9fe74f7d2f110bef2.jpg,340877,26681221ddf157e9fe74f7d2f110bef2
IdeiaDesenho/group_base365..jpg,legacy/v1-bucket/d1/d139677fc4a0493d4867b621a511f0c2.jpg,369683,d139677fc4a0493d4867b621a511f0c2
IdeiaDesenho/group_base366..jpg,legacy/v1-bucket/cc/ccb94804435dbbf6e88520ef8ec5db5c.jpg,500806,ccb94804435dbbf6e88520ef8ec5db5c
IdeiaDesenho/group_base367..jpg,legacy/v1-bucket/af/af56beea40b3ed9da05827996ad6fc69.jpg,227205,af56beea40b3ed9da05827996ad6fc69
IdeiaDesenho/group_base368..jpg,legacy/v1-bucket/f1/f19d41f8ebaf31037d298a3950006a61.jpg,525325,f19d41f8ebaf31037d298a3950006a61
IdeiaDesenho/group_base369..jpg,legacy/v1-bucket/97/97cf0504d7972607ef9cf4405412ad6f.jpg,516940,97cf0504d7972607ef9cf4405412ad6f
IdeiaDesenho/group_base37..jpg,legacy/v1-bucket/1c/1cdd9c27a6d463a7ddca18dcb90c4faf.jpg,63718,1cdd9c27a6d463a7ddca18dcb90c4faf
IdeiaDesenho/group_base370..jpg,legacy/v1-bucket/53/538460f8135a684cd69ef32b60d560ff.jpg,346593,538460f8135a684cd69ef32b60d560ff
IdeiaDesenho/group_base371..jpg,legacy/v1-bucket/37/37acf59614cd17966e5efa35d5a75328.jpg,460649,37acf59614cd17966e5efa35d5a75328
IdeiaDesenho/group_base372..jpg,legacy/v1-bucket/7f/7f8814ac0ecf38124d9774ea3b9634cb.jpg,303791,7f8814ac0ecf38124d9774ea3b9634cb
IdeiaDesenho/group_base373..jpg,legacy/v1-bucket/47/470f9b7dfc54d643dcda7946912d550d.jpg,335093,470f9b7dfc54d643dcda7946912d550d
IdeiaDesenho/group_base374..jpg,legacy/v1-bucket/74/7407db5d98407b6a1b4f3868b3876cbd.jpg,351335,7407db5d98407b6a1b4f3868b3876cbd
IdeiaDesenho/group_base375..jpg,legacy/v1-bucket/0f/0fff323c7b6fcc66f69dc032c5e580fc.jpg,352464,0fff323c7b6fcc66f69dc032c5e580fc
IdeiaDesenho/group_base376..jpg,legacy/v1-bucket/f9/f9b8ca85e47cf8ceb0f916d64f5f35b2.jpg,550616,f9b8ca85e47cf8ceb0f916d64f5f35b2
IdeiaDesenho/group_base377..jpg,legacy/v1-bucket/2b/2bc559a621d43623ceafdf609e0d9275.jpg,443763,2bc559a621d43623ceafdf609e0d9275
IdeiaDesenho/group_base378..jpg,legacy/v1-bucket/93/93efe73cb32c0871535035454a8f7aef.jpg,325993,93efe73cb32c0871535035454a8f7aef
IdeiaDesenho/group_base379..jpg,legacy/v1-bucket/ae/ae76621acbfb5d67b87d898bea6358b2.jpg,371029,ae76621acbfb5d67b87d898bea6358b2
IdeiaDesenho/group_base38..jpeg,legacy/v1-bucket/0b/0b178a4ab0cb6d77e591a1de58eb76d7.jpeg,322381,0b178a4ab0cb6d77e591a1de58eb76d7
IdeiaDesenho/group_base380..jpg,legacy/v1-bucket/3b/3b05f91a538a909d040523bfcad51903.jpg,344597,3b05f91a538a909d040523bfcad51903
IdeiaDesenho/group_base381..jpg,legacy/v1-bucket/28/28c8420e9e5cc58522d0703223782af4.jpg,462819,28c8420e9e5cc58522d0703223782af4
IdeiaDesenho/group_base382..jpg,legacy/v1-bucket/d4/d4e4ea9a99af1054fe0cbd0a268569ca.jpg,435513,d4e4ea9a99af1054fe0cbd0a268569ca
IdeiaDesenho/group_base383..jpg,legacy/v1-bucket/15/157e52e6423fdf2a5e357affb46fa43b.jpg,443481,157e52e6423fdf2a5e357affb46fa43b
IdeiaDesenho/group_base384..jpg,legacy/v1-bucket/17/1708deecf4d78741957f84cd1f29dfec.jpg,402810,1708deecf4d78741957f84cd1f29dfec
IdeiaDesenho/group_base385..jpg,legacy/v1-bucket/12/12d4fee163577208125e2d30be5fddf6.jpg,233240,12d4fee163577208125e2d30be5fddf6
IdeiaDesenho/group_base386..jpg,legacy/v1-bucket/38/38468cd44179131bb7fc4bacbd4b6397.jpg,504688,38468cd44179131bb7fc4bacbd4b6397
IdeiaDesenho/group_base387..jpg,legacy/v1-bucket/22/224979867213e7880b10042f61fc7781.jpg,475025,224979867213e7880b10042f61fc7781
IdeiaDesenho/group_base388..jpg,legacy/v1-bucket/69/69d1a8120f0f4370f093131f10afd966.jpg,411903,69d1a8120f0f4370f093131f10afd966
IdeiaDesenho/group_base389..jpg,legacy/v1-bucket/51/51adf61f5564b04780e728019d88ee7a.jpg,108173,51adf61f5564b04780e728019d88ee7a
IdeiaDesenho/group_base39..jpeg,legacy/v1-bucket/c1/c1a4d430ddf97e2ca509f8d44d178d97.jpeg,971610,c1a4d430ddf97e2ca509f8d44d178d97
IdeiaDesenho/group_base390..jpg,legacy/v1-bucket/4b/4b2f0fb831d5c5343aaec1b2aa8ae241.jpg,280099,4b2f0fb831d5c5343aaec1b2aa8ae241
IdeiaDesenho/group_base391..jpg,legacy/v1-bucket/ab/ab1d948825b8cfab0ee28085fa8d8e80.jpg,114022,ab1d948825b8cfab0ee28085fa8d8e80
IdeiaDesenho/group_base392..jpg,legacy/v1-bucket/e1/e12db888dec8a893553a801aa6b6f98e.jpg,254235,e12db888dec8a893553a801aa6b6f98e
IdeiaDesenho/group_base393..jpg,legacy/v1-bucket/bd/bd526701e614b1a165dc031667ad5549.jpg,335910,bd526701e614b1a165dc031667ad5549
IdeiaDesenho/group_base394..jpg,legacy/v1-bucket/81/818687787f0c076d2d0ad703bdb1596c.jpg,171659,818687787f0c076d2d0ad703bdb1596c
IdeiaDesenho/group_base395..jpg,legacy/v1-bucket/a5/a58383887198f646a766407cb728a959.jpg,305702,a58383887198f646a766407cb728a959
IdeiaDesenho/group_base396..jpg,legacy/v1-bucket/f6/f63f714e49931c04b188cfbf2a8848a6.jpg,511548,f63f714e49931c04b188cfbf2a8848a6
IdeiaDesenho/group_base397..jpg,legacy/v1-bucket/cc/cc121ddfcb3d3cc7839f7def8dad6627.jpg,319221,cc121ddfcb3d3cc7839f7def8dad6627
IdeiaDesenho/group_base398..jpg,legacy/v1-bucket/63/63c052b340a12b3c05eb29fe24bd82b6.jpg,387762,63c052b340a12b3c05eb29fe24bd82b6
IdeiaDesenho/group_base399..jpg,legacy/v1-bucket/6a/6a48cf9461cbabe5a148a360e1f2e69c.jpg,402741,6a48cf9461cbabe5a148a360e1f2e69c
IdeiaDesenho/group_base4..jpeg,legacy/v1-bucket/27/27245f13d5f13ecc7d54db9461c71c3f.jpeg,26127,27245f13d5f13ecc7d54db9461c71c3f
IdeiaDesenho/group_base40..jpg,legacy/v1-bucket/bd/bddc426ea95c39eb52aefff5ec02e767.jpg,26449,bddc426ea95c39eb52aefff5ec02e767
IdeiaDesenho/group_base400..jpg,legacy/v1-bucket/3d/3d21a5a80815092e3eded7a5253863ee.jpg,385700,3d21a5a80815092e3eded7a5253863ee
IdeiaDesenho/group_base401..jpg,legacy/v1-bucket/38/381af8b57b3e406c6d493f2e4734c55b.jpg,492590,381af8b57b3e406c6d493f2e4734c55b
IdeiaDesenho/group_base402..jpg,legacy/v1-bucket/92/922080c98196d96de3963ecb0578df75.jpg,432201,922080c98196d96de3963ecb0578df75
IdeiaDesenho/group_base403..jpg,legacy/v1-bucket/b6/b65f69df67ee07dc5fb2ead9f121a0c4.jpg,269271,b65f69df67ee07dc5fb2ead9f121a0c4
IdeiaDesenho/group_base404..jpg,legacy/v1-bucket/0a/0aae219f6a732153c560d0ae9bfc20a1.jpg,372638,0aae219f6a732153c560d0ae9bfc20a1
IdeiaDesenho/group_base405..jpg,legacy/v1-bucket/76/76f2eb80151873561d70e8b63f977e5f.jpg,372936,76f2eb80151873561d70e8b63f977e5f
IdeiaDesenho/group_base406..jpg,legacy/v1-bucket/41/41f0e60241570f6b7153cab3f0f51ae8.jpg,397646,41f0e60241570f6b7153cab3f0f51ae8
IdeiaDesenho/group_base407..jpg,legacy/v1-bucket/55/555db23def03124caa79d6621588884d.jpg,347656,555db23def03124caa79d6621588884d
IdeiaDesenho/group_base408..jpg,legacy/v1-bucket/81/811916d4ef0167a99811b778218479b1.jpg,360533,811916d4ef0167a99811b778218479b1
IdeiaDesenho/group_base409..jpg,legacy/v1-bucket/2e/2e3591d9e974d9c2f168719440e7379b.jpg,365679,2e3591d9e974d9c2f168719440e7379b
IdeiaDesenho/group_base41..jpg,legacy/v1-bucket/15/15f167af35dab4b6533d78b6efbcf123.jpg,31123,15f167af35dab4b6533d78b6efbcf123
IdeiaDesenho/group_base410..jpg,legacy/v1-bucket/82/82a152eb7d619948dc62cf6bc7115109.jpg,419774,82a152eb7d619948dc62cf6bc7115109
IdeiaDesenho/group_base411..jpg,legacy/v1-bucket/11/11dc48e9f5ee68d2bab202110c5748ac.jpg,529147,11dc48e9f5ee68d2bab202110c5748ac
IdeiaDesenho/group_base412..jpg,legacy/v1-bucket/18/183f61aac82089a500b97f072c528a41.jpg,313523,183f61aac82089a500b97f072c528a41
IdeiaDesenho/group_base413..jpg,legacy/v1-bucket/f9/f924d3d466d74fdccfe9572367eb89b7.jpg,457561,f924d3d466d74fdccfe9572367eb89b7
IdeiaDesenho/group_base414..jpg,legacy/v1-bucket/e2/e2bbc22d7c7575c3b8114ac888761bb5.jpg,332671,e2bbc22d7c7575c3b8114ac888761bb5
IdeiaDesenho/group_base415..jpg,legacy/v1-bucket/c0/c04feab74b04760f5d65e40d1395d13c.jpg,288444,c04feab74b04760f5d65e40d1395d13c
IdeiaDesenho/group_base416..jpg,legacy/v1-bucket/95/95d46de9d42feaea940002897c8e8565.jpg,349274,95d46de9d42feaea940002897c8e8565
IdeiaDesenho/group_base417..jpg,legacy/v1-bucket/be/be6f92442113fdd2e48b923265f72539.jpg,479509,be6f92442113fdd2e48b923265f72539
IdeiaDesenho/group_base418..jpg,legacy/v1-bucket/d0/d020eb2de5c18a538b1a1fef860b886a.jpg,541186,d020eb2de5c18a538b1a1fef860b886a
IdeiaDesenho/group_base419..jpg,legacy/v1-bucket/65/658dcfaa47395af1cf4d551647a67ed0.jpg,388036,658dcfaa47395af1cf4d551647a67ed0
IdeiaDesenho/group_base42..png,legacy/v1-bucket/f3/f3d83f123a8335d729731e3f87aa3a93.png,19532,f3d83f123a8335d729731e3f87aa3a93
IdeiaDesenho/group_base420..jpg,legacy/v1-bucket/cd/cddd55bbc6bc43716cf45702dd808a5b.jpg,353072,cddd55bbc6bc43716cf45702dd808a5b
IdeiaDesenho/group_base421..jpg,legacy/v1-bucket/ab/ab1965a0bfb1114aca7ccd09bc3b51da.jpg,254898,ab1965a0bfb1114aca7ccd09bc3b51da
IdeiaDesenho/group_base422..jpg,legacy/v1-bucket/b4/b4ee1420b2a6dddacb28c26d61eb62d6.jpg,1038259,b4ee1420b2a6dddacb28c26d61eb62d6
IdeiaDesenho/group_base423..jpg,legacy/v1-bucket/4a/4ae43e4cb908e7da91d4f5a3ea64f2b4.jpg,346971,4ae43e4cb908e7da91d4f5a3ea64f2b4
IdeiaDesenho/group_base424..jpg,legacy/v1-bucket/f3/f36dc27dfee94c4f0fc457501663fcca.jpg,519926,f36dc27dfee94c4f0fc457501663fcca
IdeiaDesenho/group_base425..jpg,legacy/v1-bucket/41/413bc3755ec7ed0c2ce093b144a35d6f.jpg,578952,413bc3755ec7ed0c2ce093b144a35d6f
IdeiaDesenho/group_base426..jpg,legacy/v1-bucket/4b/4b474f96c2d62587bb28451e6601e6eb.jpg,361626,4b474f96c2d62587bb28451e6601e6eb
IdeiaDesenho/group_base427..jpg,legacy/v1-bucket/8f/8ffb944be3a7d70ebed14f6dd2b22b99.jpg,320451,8ffb944be3a7d70ebed14f6dd2b22b99
IdeiaDesenho/group_base428..jpg,legacy/v1-bucket/24/24f29321cec654d32db55af33407bd48.jpg,430360,24f29321cec654d32db55af33407bd48
IdeiaDesenho/group_base429..jpg,legacy/v1-bucket/8b/8b8558062f040fb40ac2e8042b05cf05.jpg,294201,8b8558062f040fb40ac2e8042b05cf05
IdeiaDesenho/group_base43..jpg,legacy/v1-bucket/9f/9f5461cc4001b2a0f977eeb9384d0cb1.jpg,74713,9f5461cc4001b2a0f977eeb9384d0cb1
IdeiaDesenho/group_base430..jpg,legacy/v1-bucket/c3/c3801555544bd9914a28606f7a8f9824.jpg,475348,c3801555544bd9914a28606f7a8f9824
IdeiaDesenho/group_base431..jpg,legacy/v1-bucket/2a/2a225a532809edf44313db029400017f.jpg,418258,2a225a532809edf44313db029400017f
IdeiaDesenho/group_base432..jpg,legacy/v1-bucket/f0/f0d32932a8af932f9ed9ce98300b4b2e.jpg,424624,f0d32932a8af932f9ed9ce98300b4b2e
IdeiaDesenho/group_base433..jpg,legacy/v1-bucket/7e/7e4ec24b008228f177f9beac0ec77496.jpg,372616,7e4ec24b008228f177f9beac0ec77496
IdeiaDesenho/group_base434..jpg,legacy/v1-bucket/fd/fdf11f5869a2b9ad288a3ae99b3569e3.jpg,306972,fdf11f5869a2b9ad288a3ae99b3569e3
IdeiaDesenho/group_base435..jpg,legacy/v1-bucket/e8/e8a1ab419b55ea8d7bc9b709d252e84a.jpg,232445,e8a1ab419b55ea8d7bc9b709d252e84a
IdeiaDesenho/group_base436..jpg,legacy/v1-bucket/f4/f4e0ba2d3293d7ca881c36171361329d.jpg,372465,f4e0ba2d3293d7ca881c36171361329d
IdeiaDesenho/group_base437..jpg,legacy/v1-bucket/92/9216933ab735c571b939eb7d979edea5.jpg,293143,9216933ab735c571b939eb7d979edea5
IdeiaDesenho/group_base438..jpg,legacy/v1-bucket/07/072d8cbd6b967b91317bee229fe35909.jpg,292546,072d8cbd6b967b91317bee229fe35909
IdeiaDesenho/group_base439..jpg,legacy/v1-bucket/4e/4ebffe4ed8a41236679f1fa80f34bd0a.jpg,321530,4ebffe4ed8a41236679f1fa80f34bd0a
IdeiaDesenho/group_base44..jpg,legacy/v1-bucket/3c/3cab23705778d41432da8ea9ba707000.jpg,84660,3cab23705778d41432da8ea9ba707000
IdeiaDesenho/group_base440..jpg,legacy/v1-bucket/36/3613b0824eca81a2cb29759c07c28ca2.jpg,392797,3613b0824eca81a2cb29759c07c28ca2
IdeiaDesenho/group_base441..jpg,legacy/v1-bucket/35/356a928dbed628350aa722c5d728eadc.jpg,472236,356a928dbed628350aa722c5d728eadc
IdeiaDesenho/group_base442..jpg,legacy/v1-bucket/36/368d22d5e4051b836ed92b3d2fedc884.jpg,319045,368d22d5e4051b836ed92b3d2fedc884
IdeiaDesenho/group_base443..jpg,legacy/v1-bucket/9a/9a62ea6b2369b42027249613bd844313.jpg,463843,9a62ea6b2369b42027249613bd844313
IdeiaDesenho/group_base444..jpg,legacy/v1-bucket/d6/d69f5379b40b5584a20fe90058781e63.jpg,270683,d69f5379b40b5584a20fe90058781e63
IdeiaDesenho/group_base445..jpg,legacy/v1-bucket/c1/c1519ec6b7294f1b703be8667224bf2f.jpg,358623,c1519ec6b7294f1b703be8667224bf2f
IdeiaDesenho/group_base446..jpg,legacy/v1-bucket/9c/9c76bee5c091657a3299bbaca3560f98.jpg,681743,9c76bee5c091657a3299bbaca3560f98
IdeiaDesenho/group_base447..jpg,legacy/v1-bucket/a3/a3895ee3e2126cf1a13f19d2197f4340.jpg,435100,a3895ee3e2126cf1a13f19d2197f4340
IdeiaDesenho/group_base448..jpg,legacy/v1-bucket/f6/f68c04e08e8ab878777516ba3bdd28c2.jpg,321493,f68c04e08e8ab878777516ba3bdd28c2
IdeiaDesenho/group_base449..jpg,legacy/v1-bucket/0e/0ef3b87bcbcd4dd3356ac91fa3b42ed4.jpg,232055,0ef3b87bcbcd4dd3356ac91fa3b42ed4
IdeiaDesenho/group_base45..png,legacy/v1-bucket/24/2440fe1607dedc07b20d3e70d13fbcd2.png,30329,2440fe1607dedc07b20d3e70d13fbcd2
IdeiaDesenho/group_base450..jpeg,legacy/v1-bucket/ea/ea710ba0ca2d752353c391eafe0bf3e8.jpeg,139276,ea710ba0ca2d752353c391eafe0bf3e8
IdeiaDesenho/group_base451..png,legacy/v1-bucket/15/15a6edd5bc23d5e24629b8974aaf420d.png,37249,15a6edd5bc23d5e24629b8974aaf420d
IdeiaDesenho/group_base452..jpg,legacy/v1-bucket/0f/0f8606075bc27e0068725d46a2451c9c.jpg,92509,0f8606075bc27e0068725d46a2451c9c
IdeiaDesenho/group_base453..jpeg,legacy/v1-bucket/a4/a4f449451290a926abf0ca34ca6a9c0b.jpeg,359862,a4f449451290a926abf0ca34ca6a9c0b
IdeiaDesenho/group_base455..png,legacy/v1-bucket/1e/1e52faa4ec80e7b3d2eadd776ed69223.png,45633,1e52faa4ec80e7b3d2eadd776ed69223
IdeiaDesenho/group_base456..png,legacy/v1-bucket/48/4834e0fda75e0d85043a98346dd55e8d.png,299423,4834e0fda75e0d85043a98346dd55e8d
IdeiaDesenho/group_base457..png,legacy/v1-bucket/43/43a809ab80d14e8eb83ad0c8c055204d.png,293369,43a809ab80d14e8eb83ad0c8c055204d
IdeiaDesenho/group_base458..jpg,legacy/v1-bucket/81/81789f7f974c009b26b78d89b0b56359.jpg,48193,81789f7f974c009b26b78d89b0b56359
IdeiaDesenho/group_base459..png,legacy/v1-bucket/69/691b830d9f007411ae234c2840a4fd0e.png,251551,691b830d9f007411ae234c2840a4fd0e
IdeiaDesenho/group_base46..png,legacy/v1-bucket/87/87a174daf7ba593cf4ffbd47ef76bad6.png,288014,87a174daf7ba593cf4ffbd47ef76bad6
IdeiaDesenho/group_base460..jpg,legacy/v1-bucket/d3/d3387ff654ff36727aaff6d6cc264657.jpg,117792,d3387ff654ff36727aaff6d6cc264657
IdeiaDesenho/group_base461..jpg,legacy/v1-bucket/35/3531ec3e12759263289c3fe966e9eb27.jpg,116231,3531ec3e12759263289c3fe966e9eb27
IdeiaDesenho/group_base462..png,legacy/v1-bucket/b4/b4cadd79d9fe8412da38f61eaacc7b11.png,161072,b4cadd79d9fe8412da38f61eaacc7b11
IdeiaDesenho/group_base47..jpg,legacy/v1-bucket/fd/fdca4c578b0a65327caa335cd01ff656.jpg,101390,fdca4c578b0a65327caa335cd01ff656
IdeiaDesenho/group_base48..jpg,legacy/v1-bucket/25/25fd4e575a236bb22508748aa6922600.jpg,47609,25fd4e575a236bb22508748aa6922600
IdeiaDesenho/group_base49..jpg,legacy/v1-bucket/d3/d3fb1696becdf24e8e87c5a7cd71475c.jpg,54534,d3fb1696becdf24e8e87c5a7cd71475c
IdeiaDesenho/group_base5..png,legacy/v1-bucket/79/790d92ecceddc98f16074e0224966d1a.png,269151,790d92ecceddc98f16074e0224966d1a
IdeiaDesenho/group_base50..png,legacy/v1-bucket/0e/0e4a76fefb095dad49bde9ede4181fc6.png,167401,0e4a76fefb095dad49bde9ede4181fc6
IdeiaDesenho/group_base51..png,legacy/v1-bucket/b3/b31b1701ba3859137fee0fb530cddc26.png,6301,b31b1701ba3859137fee0fb530cddc26
IdeiaDesenho/group_base52..jpg,legacy/v1-bucket/f7/f7e9ffd71f3e08b8676708f8a84c33d6.jpg,226422,f7e9ffd71f3e08b8676708f8a84c33d6
IdeiaDesenho/group_base53..jpg,legacy/v1-bucket/2e/2eb0f222dc9b7bb5fccc53a5bdf2cc4b.jpg,78335,2eb0f222dc9b7bb5fccc53a5bdf2cc4b
IdeiaDesenho/group_base54..jpg,legacy/v1-bucket/60/6068bd8319a2b3195bfab1d6d94239a5.jpg,102777,6068bd8319a2b3195bfab1d6d94239a5
IdeiaDesenho/group_base55..jpeg,legacy/v1-bucket/2e/2e49ce8dd7aec2a464116770c49de1af.jpeg,266859,2e49ce8dd7aec2a464116770c49de1af
IdeiaDesenho/group_base56..jpeg,legacy/v1-bucket/52/52eb9606dbb449508cd45041687a3f29.jpeg,489902,52eb9606dbb449508cd45041687a3f29
IdeiaDesenho/group_base57..jpeg,legacy/v1-bucket/49/491f41c252ad2d28b8c4f254cb3f0b81.jpeg,428981,491f41c252ad2d28b8c4f254cb3f0b81
IdeiaDesenho/group_base58..jpg,legacy/v1-bucket/19/19e0d8a4664cb1b5349a0df3b336eb72.jpg,87756,19e0d8a4664cb1b5349a0df3b336eb72
IdeiaDesenho/group_base59..jpg,legacy/v1-bucket/1d/1de2f56cdecfe1e9945ae8e349dc0a7a.jpg,394484,1de2f56cdecfe1e9945ae8e349dc0a7a
IdeiaDesenho/group_base6..png,legacy/v1-bucket/94/947b2a9873a9191712cf341ff14be19c.png,100207,947b2a9873a9191712cf341ff14be19c
IdeiaDesenho/group_base60..jpg,legacy/v1-bucket/da/da77b9ff67b55e3b74dbe08d4f488ac3.jpg,457644,da77b9ff67b55e3b74dbe08d4f488ac3
IdeiaDesenho/group_base61..jpg,legacy/v1-bucket/5f/5fd9db169c48a84043728b44d5fb6390.jpg,309457,5fd9db169c48a84043728b44d5fb6390
IdeiaDesenho/group_base62..jpg,legacy/v1-bucket/1d/1d9f57b1b225ffba0413088a3dd2d37e.jpg,573002,1d9f57b1b225ffba0413088a3dd2d37e
IdeiaDesenho/group_base63..jpg,legacy/v1-bucket/7a/7a1307c80c5d67885e2346af8d2516f7.jpg,451302,7a1307c80c5d67885e2346af8d2516f7
IdeiaDesenho/group_base64..jpg,legacy/v1-bucket/c3/c3b3bc818f8c2d3294b0c1f3e78e9f51.jpg,208225,c3b3bc818f8c2d3294b0c1f3e78e9f51
IdeiaDesenho/group_base65..jpg,legacy/v1-bucket/bd/bd4254f2c61e348cfcf4600e24b89682.jpg,460347,bd4254f2c61e348cfcf4600e24b89682
IdeiaDesenho/group_base66..jpg,legacy/v1-bucket/25/2569508f293bd7e4a8a7d68e60980887.jpg,282497,2569508f293bd7e4a8a7d68e60980887
IdeiaDesenho/group_base67..jpg,legacy/v1-bucket/45/45c4b5bc42952aa21f7fa810cac130a0.jpg,377753,45c4b5bc42952aa21f7fa810cac130a0
IdeiaDesenho/group_base68..jpg,legacy/v1-bucket/af/af65744a9ad104f5422398b3926db935.jpg,446823,af65744a9ad104f5422398b3926db935
IdeiaDesenho/group_base69..jpg,legacy/v1-bucket/f5/f53262674dab5b1fd22348b0b8a2bdd9.jpg,485091,f53262674dab5b1fd22348b0b8a2bdd9
IdeiaDesenho/group_base7..jpg,legacy/v1-bucket/bf/bf0ad01910e602c76c24b30f0e9375e1.jpg,75401,bf0ad01910e602c76c24b30f0e9375e1
IdeiaDesenho/group_base70..jpg,legacy/v1-bucket/e4/e4bcb79e23ea8dd268ed363d85e3c8a0.jpg,505853,e4bcb79e23ea8dd268ed363d85e3c8a0
IdeiaDesenho/group_base71..jpg,legacy/v1-bucket/1d/1d931cbb6addb87c3587b546fc5e9894.jpg,398905,1d931cbb6addb87c3587b546fc5e9894
IdeiaDesenho/group_base72..jpg,legacy/v1-bucket/a7/a7e90784c9fec97067633d0c915f689b.jpg,407817,a7e90784c9fec97067633d0c915f689b
IdeiaDesenho/group_base73..jpg,legacy/v1-bucket/48/48c1f661445280d07c0a0b3fb2636d18.jpg,285581,48c1f661445280d07c0a0b3fb2636d18
IdeiaDesenho/group_base74..jpg,legacy/v1-bucket/f3/f300e8480a83ccd5aa5d445636ce5112.jpg,554513,f300e8480a83ccd5aa5d445636ce5112
IdeiaDesenho/group_base75..jpg,legacy/v1-bucket/43/43de1d0ed216f86d7378a8cee773bb14.jpg,533172,43de1d0ed216f86d7378a8cee773bb14
IdeiaDesenho/group_base76..jpg,legacy/v1-bucket/4a/4acf7defbeb28606587db3a86a88862a.jpg,419209,4acf7defbeb28606587db3a86a88862a
IdeiaDesenho/group_base77..jpg,legacy/v1-bucket/01/01f62444c8cfe18379aeefc594b1f43a.jpg,434967,01f62444c8cfe18379aeefc594b1f43a
IdeiaDesenho/group_base78..jpg,legacy/v1-bucket/12/1231550225110e3d11a9e78f36d845b2.jpg,351719,1231550225110e3d11a9e78f36d845b2
IdeiaDesenho/group_base79..jpg,legacy/v1-bucket/db/db57c66464a6858d41a2f9c66ea70729.jpg,490504,db57c66464a6858d41a2f9c66ea70729
IdeiaDesenho/group_base8..jpg,legacy/v1-bucket/ad/ad0df9f158673cd313a60fcf652f54d7.jpg,30947,ad0df9f158673cd313a60fcf652f54d7
IdeiaDesenho/group_base80..jpg,legacy/v1-bucket/43/433811857a3211c7aac1e23f8637d5cd.jpg,643541,433811857a3211c7aac1e23f8637d5cd
IdeiaDesenho/group_base81..jpg,legacy/v1-bucket/bd/bd409849125f6a6356b5afd566d381fd.jpg,293059,bd409849125f6a6356b5afd566d381fd
IdeiaDesenho/group_base82..jpg,legacy/v1-bucket/54/5493c8218c308b4e3aeeb9730b519af8.jpg,334211,5493c8218c308b4e3aeeb9730b519af8
IdeiaDesenho/group_base83..jpg,legacy/v1-bucket/3a/3ae75092a16ad9cdcd5c776b674ba641.jpg,337582,3ae75092a16ad9cdcd5c776b674ba641
IdeiaDesenho/group_base84..jpg,legacy/v1-bucket/bf/bf22f9de3466bef0575720e03d79e8c9.jpg,446709,bf22f9de3466bef0575720e03d79e8c9
IdeiaDesenho/group_base85..jpg,legacy/v1-bucket/8c/8c44c963cefbf67577df3dcb382d09c5.jpg,544715,8c44c963cefbf67577df3dcb382d09c5
IdeiaDesenho/group_base86..jpg,legacy/v1-bucket/97/97ec851965a2293aa718365f19084057.jpg,638272,97ec851965a2293aa718365f19084057
IdeiaDesenho/group_base87..jpg,legacy/v1-bucket/43/43dfa804d15acba1fc9f69e7bb2f44a7.jpg,455741,43dfa804d15acba1fc9f69e7bb2f44a7
IdeiaDesenho/group_base88..jpg,legacy/v1-bucket/b7/b7a7bafd726bc62631216fe86b7a9d95.jpg,355862,b7a7bafd726bc62631216fe86b7a9d95
IdeiaDesenho/group_base89..jpg,legacy/v1-bucket/23/2372d66bb15e2ce3f262153b63751ea1.jpg,297912,2372d66bb15e2ce3f262153b63751ea1
IdeiaDesenho/group_base9..jpg,legacy/v1-bucket/f2/f2220d8996a3734dac3bf07775382f2e.jpg,140778,f2220d8996a3734dac3bf07775382f2e
IdeiaDesenho/group_base90..jpg,legacy/v1-bucket/9a/9a6e483534e71ab0106715127d3b1528.jpg,435575,9a6e483534e71ab0106715127d3b1528
IdeiaDesenho/group_base91..jpg,legacy/v1-bucket/ec/ecaf06715ed9c1e5c2f8bc3278f8ca93.jpg,458914,ecaf06715ed9c1e5c2f8bc3278f8ca93
IdeiaDesenho/group_base92..jpg,legacy/v1-bucket/f9/f9ef770bf422a767f034f2bb685c7272.jpg,323627,f9ef770bf422a767f034f2bb685c7272
IdeiaDesenho/group_base93..jpg,legacy/v1-bucket/1b/1b46c932f9eb1b1a97919d27ce66a79e.jpg,330600,1b46c932f9eb1b1a97919d27ce66a79e
IdeiaDesenho/group_base94..jpg,legacy/v1-bucket/e0/e03ab9e391c69617eb084f6f3fbbe7a6.jpg,365514,e03ab9e391c69617eb084f6f3fbbe7a6
IdeiaDesenho/group_base95..jpg,legacy/v1-bucket/71/71419f23b0d79c5feefad87a347bcc98.jpg,266634,71419f23b0d79c5feefad87a347bcc98
IdeiaDesenho/group_base96..jpg,legacy/v1-bucket/35/3521761cee8db78bc52fe9ad82b36b4b.jpg,444019,3521761cee8db78bc52fe9ad82b36b4b
IdeiaDesenho/group_base97..jpg,legacy/v1-bucket/50/5020c1664e2084613dc8380deff98bdc.jpg,369799,5020c1664e2084613dc8380deff98bdc
IdeiaDesenho/group_base98..jpg,legacy/v1-bucket/dc/dc6b2679c7265a542512affdb6e621f1.jpg,389036,dc6b2679c7265a542512affdb6e621f1
IdeiaDesenho/group_base99..jpg,legacy/v1-bucket/0a/0a9a94c303a2d0cd1b1716e5dd304efe.jpg,428493,0a9a94c303a2d0cd1b1716e5dd304efe
IdeiaDesenho/ideiadesenho102..jpg,legacy/v1-bucket/e5/e5ba00960d2ed8ad6e9a9dd6faec3648.jpg,75336,e5ba00960d2ed8ad6e9a9dd6faec3648
IdeiaDesenho/ideiadesenho104..jpg,legacy/v1-bucket/54/5409ed00c6c648d8b926178fc90833ff.jpg,253083,5409ed00c6c648d8b926178fc90833ff
IdeiaDesenho/ideiadesenho106..jpg,legacy/v1-bucket/35/3509f5efaaf017c1be0482b63e6a0708.jpg,227025,3509f5efaaf017c1be0482b63e6a0708
IdeiaDesenho/ideiadesenho107..png,legacy/v1-bucket/b3/b31b1701ba3859137fee0fb530cddc26.png,6301,b31b1701ba3859137fee0fb530cddc26
IdeiaDesenho/ideiadesenho11..png,legacy/v1-bucket/16/16f1fb85e78e068e3f1d8edeaef2ad35.png,515605,16f1fb85e78e068e3f1d8edeaef2ad35
IdeiaDesenho/ideiadesenho14..jpg,legacy/v1-bucket/ca/ca6da7630a61b840eeebf773126d73ff.jpg,44863,ca6da7630a61b840eeebf773126d73ff
IdeiaDesenho/ideiadesenho18..jpeg,legacy/v1-bucket/6e/6efc64f3df82ce6043ca7ac1a35eadff.jpeg,216811,6efc64f3df82ce6043ca7ac1a35eadff
IdeiaDesenho/ideiadesenho35..jpg,legacy/v1-bucket/d4/d4a467aa9c5fd3e8d64f636fc056cb74.jpg,50462,d4a467aa9c5fd3e8d64f636fc056cb74
IdeiaDesenho/ideiadesenho38..jpg,legacy/v1-bucket/cc/ccfe2f069b25244b06e8c723ce824b4c.jpg,76972,ccfe2f069b25244b06e8c723ce824b4c
IdeiaDesenho/ideiadesenho52..png,legacy/v1-bucket/6a/6af5841cee629688670d4510f7390163.png,555209,6af5841cee629688670d4510f7390163
IdeiaDesenho/ideiadesenho55..png,legacy/v1-bucket/9f/9fa69930e838fc463ceb16a0499b98bf.png,30177,9fa69930e838fc463ceb16a0499b98bf
IdeiaDesenho/ideiadesenho56..jpg,legacy/v1-bucket/2f/2f89e52e98ba0a0935ad89e6daec0890.jpg,118468,2f89e52e98ba0a0935ad89e6daec0890
IdeiaDesenho/ideiadesenho57..jpg,legacy/v1-bucket/95/95d26dd9135d75954c1c8a4d28852262.jpg,101859,95d26dd9135d75954c1c8a4d28852262
IdeiaDesenho/ideiadesenho85..jpg,legacy/v1-bucket/37/371176d297a09f9321c42231ca994ae0.jpg,39209,371176d297a09f9321c42231ca994ae0
IdeiaDesenho/ideiadesenho929..jpeg,legacy/v1-bucket/30/300eb9284cabdecdc5e9d726157cdfb9.jpeg,482539,300eb9284cabdecdc5e9d726157cdfb9
IdeiaDesenho/idk450..jpg,legacy/v1-bucket/9c/9cec48801bf84e636f36cdcbe944c703.jpg,125058,9cec48801bf84e636f36cdcbe944c703
IdeiaDesenho/image-asset.png,legacy/v1-bucket/72/72f92d2c7af7d7cfa1727c8e3628f606.png,48981,72f92d2c7af7d7cfa1727c8e3628f606
IdeiaDesenho/image.jpeg,legacy/v1-bucket/02/0249be41d3941f8465dc1783d39ac559.jpeg,6974,0249be41d3941f8465dc1783d39ac559
IdeiaDesenho/image0.jpeg,legacy/v1-bucket/c4/c475e7c9f5a76a8f78bb248ef5faad3e.jpeg,9650,c475e7c9f5a76a8f78bb248ef5faad3e
IdeiaDesenho/image3.jpeg,legacy/v1-bucket/56/56114b2947c34653a7f6390ff812151b.jpeg,14054,56114b2947c34653a7f6390ff812151b
IdeiaDesenho/image8.jpeg,legacy/v1-bucket/2e/2e3b4dc6542435e344fb5e521e3b8bc6.jpeg,7322,2e3b4dc6542435e344fb5e521e3b8bc6
IdeiaDesenho/img_20181009_005550_036.jpg,legacy/v1-bucket/ae/ae6445d2b5c96e31b716ffc617f36459.jpg,439370,ae6445d2b5c96e31b716ffc617f36459
IdeiaDesenho/img_20181010_210401_663.jpg,legacy/v1-bucket/ed/ed95e3dd028416a5ad7d27393d01f5c8.jpg,313188,ed95e3dd028416a5ad7d27393d01f5c8
IdeiaDesenho/julia-gallardo-img-0969.jpg,legacy/v1-bucket/b4/b4810bea96e06cfd3a8c6bc408f6be2b.jpg,208796,b4810bea96e06cfd3a8c6bc408f6be2b
IdeiaDesenho/julia-gallardo-img-0972.jpg,legacy/v1-bucket/6c/6c9f5cefc177034222fc1d419f2bb91d.jpg,158412,6c9f5cefc177034222fc1d419f2bb91d
IdeiaDesenho/julia-gallardo-teengirl.jpg,legacy/v1-bucket/a8/a8ad41ae8b5d8552b0869c73c522cdd2.jpg,270497,a8ad41ae8b5d8552b0869c73c522cdd2
IdeiaDesenho/loving-couple-embracing-kissing-continuous-line-drawing-sketch-love-gel-pen-vector-illustration-117555646.jpg,legacy/v1-bucket/9d/9d7a1446fe9f06f1391f5289334dc44a.jpg,144735,9d7a1446fe9f06f1391f5289334dc44a
IdeiaDesenho/maurigio80_inktober_by_marco_bym.jpg,legacy/v1-bucket/5f/5f22049b18144d22706d0741c39f25ce.jpg,168529,5f22049b18144d22706d0741c39f25ce
IdeiaDesenho/maxresdefault.jpg,legacy/v1-bucket/c9/c9ffdbe6281597b283826ef88138484b.jpg,146030,c9ffdbe6281597b283826ef88138484b
IdeiaDesenho/maxresdefault0.jpg,legacy/v1-bucket/79/795cfe8f8d247fae34deafee94093aec.jpg,221742,795cfe8f8d247fae34deafee94093aec
IdeiaDesenho/maxresdefault1.jpg,legacy/v1-bucket/17/17e85d8b88266b14d1a66aafad34cdbb.jpg,146940,17e85d8b88266b14d1a66aafad34cdbb
IdeiaDesenho/nmclmgkgdpv.jpeg,legacy/v1-bucket/ad/ad0d2bbe5dc9e5fdf8b6a3cf3544eff1.jpeg,509309,ad0d2bbe5dc9e5fdf8b6a3cf3544eff1
IdeiaDesenho/piiebgbz.jpeg,legacy/v1-bucket/64/64b5df61d818bca8e4a16cdcbd5b40f4.jpeg,920989,64b5df61d818bca8e4a16cdcbd5b40f4
IdeiaDesenho/qrrseeehrqx.jpeg,legacy/v1-bucket/7d/7df6010981287ab19e857a45a09a0f12.jpeg,451198,7df6010981287ab19e857a45a09a0f12
IdeiaDesenho/qrssurehhrx.jpeg,legacy/v1-bucket/7d/7d0e3e5a87f6fed2d2dcd6ced6c7e6bd.jpeg,352021,7d0e3e5a87f6fed2d2dcd6ced6c7e6bd
IdeiaDesenho/sketchember_25_mestre_olivo_by_marco_bym.jpg,legacy/v1-bucket/00/006e9528bac58dd3fe9d74f3cdfa2f23.jpg,230054,006e9528bac58dd3fe9d74f3cdfa2f23
IdeiaDesenho/sketchember_drawing1..png,legacy/v1-bucket/a6/a6e29c743f7c0f34d10bd96bd6e48c72.png,95862,a6e29c743f7c0f34d10bd96bd6e48c72
IdeiaDesenho/sketchember_drawing10..jpg,legacy/v1-bucket/7f/7f9c6493d6b4dcc39ae55363aab5167e.jpg,43077,7f9c6493d6b4dcc39ae55363aab5167e
IdeiaDesenho/sketchember_drawing11..jpg,legacy/v1-bucket/9d/9d49b928c36e3d21deff6d4af18c087c.jpg,160356,9d49b928c36e3d21deff6d4af18c087c
IdeiaDesenho/sketchember_drawing12..png,legacy/v1-bucket/de/debbf3f2b8fb9899937bfff08c1eb2b2.png,118420,debbf3f2b8fb9899937bfff08c1eb2b2
IdeiaDesenho/sketchember_drawing13..jpg,legacy/v1-bucket/c9/c939785153d061b3d6713f7aefffea1b.jpg,289021,c939785153d061b3d6713f7aefffea1b
IdeiaDesenho/sketchember_drawing15..jpg,legacy/v1-bucket/b5/b50bcb26a0d0e2013e9dce0427eb5d34.jpg,165156,b50bcb26a0d0e2013e9dce0427eb5d34
IdeiaDesenho/sketchember_drawing16..jpg,legacy/v1-bucket/da/da496c896b8d43ad9b739506c7e271a6.jpg,102586,da496c896b8d43ad9b739506c7e271a6
IdeiaDesenho/sketchember_drawing17..jpg,legacy/v1-bucket/7c/7c5b06197b5cb319602ca652bd4f6d7e.jpg,128433,7c5b06197b5cb319602ca652bd4f6d7e
IdeiaDesenho/sketchember_drawing18..jpg,legacy/v1-bucket/e0/e0acb2ccc3c124d2358b3706f9b19c4a.jpg,135278,e0acb2ccc3c124d2358b3706f9b19c4a
IdeiaDesenho/sketchember_drawing19..jpg,legacy/v1-bucket/88/8871d1b1a30f55880b8de85ca47437f1.jpg,162836,8871d1b1a30f55880b8de85ca47437f1
IdeiaDesenho/sketchember_drawing2..png,legacy/v1-bucket/81/81d658fa6b525143147c18bf08eadc08.png,73880,81d658fa6b525143147c18bf08eadc08
IdeiaDesenho/sketchember_drawing20..jpg,legacy/v1-bucket/ad/ad997d1602c275480e878cb121ca2388.jpg,180998,ad997d1602c275480e878cb121ca2388
IdeiaDesenho/sketchember_drawing21..jpg,legacy/v1-bucket/df/df87a99ad578810c39157fac64957154.jpg,210322,df87a99ad578810c39157fac64957154
IdeiaDesenho/sketchember_drawing22..jpg,legacy/v1-bucket/45/459c0705e03a42f702df035e4949091c.jpg,153154,459c0705e03a42f702df035e4949091c
IdeiaDesenho/sketchember_drawing24..jpg,legacy/v1-bucket/7c/7c4991bc323ecf166f4b49c5bf15a498.jpg,137452,7c4991bc323ecf166f4b49c5bf15a498
IdeiaDesenho/sketchember_drawing25..jpg,legacy/v1-bucket/c5/c5d8a3e58de174c69ba48e5878f60462.jpg,81850,c5d8a3e58de174c69ba48e5878f60462
IdeiaDesenho/sketchember_drawing26..jpg,legacy/v1-bucket/24/2432935b934b411b9d144c6de0f50a2d.jpg,73357,2432935b934b411b9d144c6de0f50a2d
IdeiaDesenho/sketchember_drawing27..jpg,legacy/v1-bucket/e4/e48d8aaaf811dd2d68830d32d7b131f3.jpg,93157,e48d8aaaf811dd2d68830d32d7b131f3
IdeiaDesenho/sketchember_drawing28..jpg,legacy/v1-bucket/96/96c10615aac090f28095a02ce14c9d50.jpg,101475,96c10615aac090f28095a02ce14c9d50
IdeiaDesenho/sketchember_drawing29..jpg,legacy/v1-bucket/68/68b2481f41a5610aba03a84670632d00.jpg,120058,68b2481f41a5610aba03a84670632d00
IdeiaDesenho/sketchember_drawing3..jpg,legacy/v1-bucket/84/84662d8452f7485ecb8a4083f4fb2450.jpg,147679,84662d8452f7485ecb8a4083f4fb2450
IdeiaDesenho/sketchember_drawing30..jpg,legacy/v1-bucket/1a/1a28035d5a4c57700263101133eaf934.jpg,139421,1a28035d5a4c57700263101133eaf934
IdeiaDesenho/sketchember_drawing31..jpg,legacy/v1-bucket/b9/b9e828afc43d0d0ee1a633e54e1f6d48.jpg,150733,b9e828afc43d0d0ee1a633e54e1f6d48
IdeiaDesenho/sketchember_drawing32..png,legacy/v1-bucket/93/9350ed91690afc6ec2fa73251117d3f1.png,175955,9350ed91690afc6ec2fa73251117d3f1
IdeiaDesenho/sketchember_drawing33..png,legacy/v1-bucket/f4/f41afff8e487504d4d24c1770d04aa78.png,218471,f41afff8e487504d4d24c1770d04aa78
IdeiaDesenho/sketchember_drawing34..jpg,legacy/v1-bucket/a2/a205a0ba814ce10558166e1331a48904.jpg,41637,a205a0ba814ce10558166e1331a48904
IdeiaDesenho/sketchember_drawing4..jpg,legacy/v1-bucket/14/145b66df1e51dc73f33f36187b28ee68.jpg,172146,145b66df1e51dc73f33f36187b28ee68
IdeiaDesenho/sketchember_drawing5..jpg,legacy/v1-bucket/ff/ffb71fa412adf546f2b68961c5dcf2b5.jpg,82032,ffb71fa412adf546f2b68961c5dcf2b5
IdeiaDesenho/sketchember_drawing6..jpg,legacy/v1-bucket/f0/f01f7dbbead882bcf6d7d80efc359ee4.jpg,88688,f01f7dbbead882bcf6d7d80efc359ee4
IdeiaDesenho/sketchember_drawing7..jpg,legacy/v1-bucket/63/633fa204cee88446471bf25cf6336261.jpg,57420,633fa204cee88446471bf25cf6336261
IdeiaDesenho/sketchember_drawing8..jpg,legacy/v1-bucket/a1/a17cb7965f580601ba31ac218bb1bb04.jpg,66407,a17cb7965f580601ba31ac218bb1bb04
IdeiaDesenho/sketchember_drawing9..jpg,legacy/v1-bucket/8f/8f060f1bfb024d55b86c23d7646411b0.jpg,256771,8f060f1bfb024d55b86c23d7646411b0
IdeiaDesenho/tumblr_od46hlEOhW1qcbvcto1_1280.jpg,legacy/v1-bucket/d4/d4807e95e6fe4653144e8b94e2c9bf4f.jpg,86739,d4807e95e6fe4653144e8b94e2c9bf4f
IdeiaDesenho/tumblr_odozyf9hHI1r6t3ojo1_1280.jpg,legacy/v1-bucket/17/172976021640e3d448b906f48ea5a5a4.jpg,128879,172976021640e3d448b906f48ea5a5a4
IdeiaDesenho/tumblr_ofia4eqK171rn8y9oo1_540.jpg,legacy/v1-bucket/8e/8e17a37ae97cb198d075843bcfbf492a.jpg,71528,8e17a37ae97cb198d075843bcfbf492a
IdeiaDesenho/tumblr_orwl19LIrt1w3qfr6o1_1280.jpg,legacy/v1-bucket/41/41daf7479a4e83f5a584ffb0f1e01a49.jpg,218147,41daf7479a4e83f5a584ffb0f1e01a49
IdeiaDesenho/tumblr_pg00tazG5X1ravodyo1_1280.jpg,legacy/v1-bucket/b0/b0d6ad675e09330ddb0776a188f229d4.jpg,92001,b0d6ad675e09330ddb0776a188f229d4
IdeiaDesenho/tumblr_pg704u6u251ravodyo1_1280.jpg,legacy/v1-bucket/df/df1a4e66df775f7035dce41b89b89f7a.jpg,68451,df1a4e66df775f7035dce41b89b89f7a
IdeiaDesenho/tumblr_plvuatmH211qf2w8do1_500.jpg,legacy/v1-bucket/19/19e5679243aa42e4246c45dacac44de6.jpg,39725,19e5679243aa42e4246c45dacac44de6
IdeiaDesenho/tumblr_pxfjm9WBBm1varv5xo5_500.jpg,legacy/v1-bucket/c8/c8f205554ed4f70bd082fa077d3dec60.jpg,69110,c8f205554ed4f70bd082fa077d3dec60
IdeiaDesenho/vanessa-manso-bueno-4.jpg,legacy/v1-bucket/23/23310e320ef4b118a3b08b039e13594e.jpg,809111,23310e320ef4b118a3b08b039e13594e
IdeiaDesenho/wilson-junior-sketchember7.jpg,legacy/v1-bucket/dc/dc44b2e1692d7680ab268def0e6d32f3.jpg,84148,dc44b2e1692d7680ab268def0e6d32f3
IdeiaDesenho/ych0..jpg,legacy/v1-bucket/5e/5e828474e9c39b83c0bb2edd04af8a1b.jpg,57086,5e828474e9c39b83c0bb2edd04af8a1b
IdeiaDesenho/ych0..png,legacy/v1-bucket/3f/3f4a56fb8c0eb06e32fd70b0d4400199.png,13137,3f4a56fb8c0eb06e32fd70b0d4400199
IdeiaDesenho/ych1..jpg,legacy/v1-bucket/7d/7d8044cf905cd2eecbc7d40b9a3b7094.jpg,60959,7d8044cf905cd2eecbc7d40b9a3b7094
IdeiaDesenho/ych10..jpg,legacy/v1-bucket/a6/a61f475f4e0830488681c3c4c5be8dce.jpg,89737,a61f475f4e0830488681c3c4c5be8dce
IdeiaDesenho/ych100..jpg,legacy/v1-bucket/48/4895782252ed9b948d9c9206e1291ef5.jpg,370469,4895782252ed9b948d9c9206e1291ef5
IdeiaDesenho/ych101..jpg,legacy/v1-bucket/47/477c80d4493935c657caa2d18784f092.jpg,242067,477c80d4493935c657caa2d18784f092
IdeiaDesenho/ych102..jpg,legacy/v1-bucket/2a/2a6a34221cfaec57ee99a21d650a7b9d.jpg,439052,2a6a34221cfaec57ee99a21d650a7b9d
IdeiaDesenho/ych103..jpg,legacy/v1-bucket/2a/2a73c3c63709fdd11caf96f8429c6a90.jpg,292637,2a73c3c63709fdd11caf96f8429c6a90
IdeiaDesenho/ych104..jpg,legacy/v1-bucket/13/13dac71be31d839535cb37b8c464ba42.jpg,247594,13dac71be31d839535cb37b8c464ba42
IdeiaDesenho/ych105..jpg,legacy/v1-bucket/1c/1c705327871e881a0b887b9dd4a9568e.jpg,188846,1c705327871e881a0b887b9dd4a9568e
IdeiaDesenho/ych106..jpg,legacy/v1-bucket/ff/fffa6aa746aa56aed9ff9dd32d6221cf.jpg,170976,fffa6aa746aa56aed9ff9dd32d6221cf
IdeiaDesenho/ych107..jpg,legacy/v1-bucket/91/914398fdc7faabc3ea214a663190bf57.jpg,482712,914398fdc7faabc3ea214a663190bf57
IdeiaDesenho/ych108..jpg,legacy/v1-bucket/e9/e916ac1339f074cf1b48f125716e2df2.jpg,567148,e916ac1339f074cf1b48f125716e2df2
IdeiaDesenho/ych109..jpg,legacy/v1-bucket/5a/5aa74c10ebb9ed4c724b269b816b4489.jpg,459002,5aa74c10ebb9ed4c724b269b816b4489
IdeiaDesenho/ych110..jpg,legacy/v1-bucket/cc/cc1c62366bee47325f730bcf43cd12e6.jpg,173382,cc1c62366bee47325f730bcf43cd12e6
IdeiaDesenho/ych111..jpg,legacy/v1-bucket/a2/a2eb00c9f1eb1332ea589604628c40e5.jpg,245451,a2eb00c9f1eb1332ea589604628c40e5
IdeiaDesenho/ych112..jpg,legacy/v1-bucket/95/950be8e786b07ec9b35251c830c766fa.jpg,354340,950be8e786b07ec9b35251c830c766fa
IdeiaDesenho/ych113..jpg,legacy/v1-bucket/c9/c96ae413085e097ab392a1f91e645cff.jpg,341558,c96ae413085e097ab392a1f91e645cff
IdeiaDesenho/ych114..jpg,legacy/v1-bucket/1c/1c1e1d0f9e90fca9ba110b1cf7637732.jpg,472907,1c1e1d0f9e90fca9ba110b1cf7637732
IdeiaDesenho/ych115..jpg,legacy/v1-bucket/cd/cd7d801921eea98d62b3113773d324e2.jpg,171982,cd7d801921eea98d62b3113773d324e2
IdeiaDesenho/ych116..jpg,legacy/v1-bucket/b4/b4568432fff7521d49a2ff0bd08f7aef.jpg,375944,b4568432fff7521d49a2ff0bd08f7aef
IdeiaDesenho/ych117..jpg,legacy/v1-bucket/07/077cd4b6cc1915e3a354e15aa37b2c6c.jpg,545313,077cd4b6cc1915e3a354e15aa37b2c6c
IdeiaDesenho/ych118..jpg,legacy/v1-bucket/db/dbd42ba1d57494c7bf3eae9c128ec623.jpg,300413,dbd42ba1d57494c7bf3eae9c128ec623
IdeiaDesenho/ych119..jpg,legacy/v1-bucket/1d/1d8b774bcc754b515146a45549a433a3.jpg,359231,1d8b774bcc754b515146a45549a433a3
IdeiaDesenho/ych120..jpg,legacy/v1-bucket/1a/1af812af70d9446f673c07624ed6e34e.jpg,257070,1af812af70d9446f673c07624ed6e34e
IdeiaDesenho/ych121..jpg,legacy/v1-bucket/a8/a838509c455527ef67a9b83eb821c241.jpg,527644,a838509c455527ef67a9b83eb821c241
IdeiaDesenho/ych122..jpg,legacy/v1-bucket/9a/9aa929bef269a43cc63fd4d42064a345.jpg,500232,9aa929bef269a43cc63fd4d42064a345
IdeiaDesenho/ych123..jpg,legacy/v1-bucket/a0/a0627d26a63e0d20c402b186d17796f0.jpg,305023,a0627d26a63e0d20c402b186d17796f0
IdeiaDesenho/ych124..jpg,legacy/v1-bucket/a4/a44fc66cef51ed8c42ee7a67133f2707.jpg,439962,a44fc66cef51ed8c42ee7a67133f2707
IdeiaDesenho/ych125..jpg,legacy/v1-bucket/6d/6de3f786725c72907fe0b5e3481eafe0.jpg,310552,6de3f786725c72907fe0b5e3481eafe0
IdeiaDesenho/ych126..jpg,legacy/v1-bucket/9c/9cc91ddf386b9064003a5c6d6c91c7a4.jpg,263554,9cc91ddf386b9064003a5c6d6c91c7a4
IdeiaDesenho/ych127..jpg,legacy/v1-bucket/28/28a210fc46a7e98c269f0b12a035d108.jpg,376735,28a210fc46a7e98c269f0b12a035d108
IdeiaDesenho/ych128..jpg,legacy/v1-bucket/09/0962fc37a54f937c3b0eab8e8f8a2770.jpg,416628,0962fc37a54f937c3b0eab8e8f8a2770
IdeiaDesenho/ych129..jpg,legacy/v1-bucket/ac/ace78285cd0570082794c817af6d47d3.jpg,716403,ace78285cd0570082794c817af6d47d3
IdeiaDesenho/ych130..jpg,legacy/v1-bucket/fb/fb5b55882dfd7ff22fea6a7eafd2f40a.jpg,389174,fb5b55882dfd7ff22fea6a7eafd2f40a
IdeiaDesenho/ych131..jpg,legacy/v1-bucket/1b/1b62f04d067f8a8c8a3abb364138b360.jpg,328295,1b62f04d067f8a8c8a3abb364138b360
IdeiaDesenho/ych132..jpg,legacy/v1-bucket/bc/bc61b5a17d960723e4c2641c8c1d4f41.jpg,277763,bc61b5a17d960723e4c2641c8c1d4f41
IdeiaDesenho/ych133..jpg,legacy/v1-bucket/7b/7b2e6bfcfa0d5c4a3611fc2f31104e60.jpg,294200,7b2e6bfcfa0d5c4a3611fc2f31104e60
IdeiaDesenho/ych134..jpg,legacy/v1-bucket/81/81fbea73f6dae73576302fc334a8e4ad.jpg,732735,81fbea73f6dae73576302fc334a8e4ad
IdeiaDesenho/ych135..jpg,legacy/v1-bucket/4b/4ba137d19cfd9df750016fe3ffb7667b.jpg,232171,4ba137d19cfd9df750016fe3ffb7667b
IdeiaDesenho/ych136..jpg,legacy/v1-bucket/91/911de111cb710dc1a40d58abc799d12f.jpg,245860,911de111cb710dc1a40d58abc799d12f
IdeiaDesenho/ych137..jpg,legacy/v1-bucket/3a/3a5efe24ad2ec81d6cda1a60f410254f.jpg,397067,3a5efe24ad2ec81d6cda1a60f410254f
IdeiaDesenho/ych138..jpg,legacy/v1-bucket/11/11b68fdef245f951e808aa1b6e8256b6.jpg,382781,11b68fdef245f951e808aa1b6e8256b6
IdeiaDesenho/ych139..jpg,legacy/v1-bucket/57/57e5959391a6ee5382e9ae4095678e75.jpg,345142,57e5959391a6ee5382e9ae4095678e75
IdeiaDesenho/ych14..jpg,legacy/v1-bucket/2d/2dd0a992acd3d6237d0f766028ba4b60.jpg,154073,2dd0a992acd3d6237d0f766028ba4b60
IdeiaDesenho/ych140..jpg,legacy/v1-bucket/df/df8a0e7f6e0654b9585a5b59ff31f465.jpg,433600,df8a0e7f6e0654b9585a5b59ff31f465
IdeiaDesenho/ych141..jpg,legacy/v1-bucket/50/50cb08479f957ecc9b9d76d184befdeb.jpg,205761,50cb08479f957ecc9b9d76d184befdeb
IdeiaDesenho/ych142..jpg,legacy/v1-bucket/b4/b40d1666bcaf8c79e3557d53c740968a.jpg,477850,b40d1666bcaf8c79e3557d53c740968a
IdeiaDesenho/ych143..jpg,legacy/v1-bucket/4d/4d1d167b1ea77a98f4ffa2bb00af404e.jpg,234382,4d1d167b1ea77a98f4ffa2bb00af404e
IdeiaDesenho/ych144..jpg,legacy/v1-bucket/f2/f253af473197976959f507ac3d048089.jpg,442365,f253af473197976959f507ac3d048089
IdeiaDesenho/ych145..jpg,legacy/v1-bucket/01/01777f6bf8df88c7b35c156869558737.jpg,376380,01777f6bf8df88c7b35c156869558737
IdeiaDesenho/ych146..jpg,legacy/v1-bucket/aa/aa9a97ce17f6e64e6809b051b7295b75.jpg,393856,aa9a97ce17f6e64e6809b051b7295b75
IdeiaDesenho/ych147..jpg,legacy/v1-bucket/11/115a252f3abe9f62dbe54029f943030d.jpg,410765,115a252f3abe9f62dbe54029f943030d
IdeiaDesenho/ych148..jpg,legacy/v1-bucket/2b/2bd0d437a22862da33b7c3c26c12590c.jpg,468555,2bd0d437a22862da33b7c3c26c12590c
IdeiaDesenho/ych149..jpg,legacy/v1-bucket/20/20bedae0a80184a734f55ba11a21cd7f.jpg,500610,20bedae0a80184a734f55ba11a21cd7f
IdeiaDesenho/ych150..jpg,legacy/v1-bucket/72/72f253ac332fa22383ed355115876544.jpg,194701,72f253ac332fa22383ed355115876544
IdeiaDesenho/ych151..jpg,legacy/v1-bucket/98/98c93868aebe82f53cc31035bab3757a.jpg,615334,98c93868aebe82f53cc31035bab3757a
IdeiaDesenho/ych152..jpg,legacy/v1-bucket/c9/c9fde32810f3adc39b8feac62b5a09d2.jpg,402222,c9fde32810f3adc39b8feac62b5a09d2
IdeiaDesenho/ych153..jpg,legacy/v1-bucket/4c/4c1ca1374e6a8c81600ae2ecf5cecbd8.jpg,248334,4c1ca1374e6a8c81600ae2ecf5cecbd8
IdeiaDesenho/ych154..jpg,legacy/v1-bucket/11/11a8e4be1b8107d6e0bed181e20a2606.jpg,275956,11a8e4be1b8107d6e0bed181e20a2606
IdeiaDesenho/ych155..jpg,legacy/v1-bucket/06/06d2a42561f96effca5fffe246045784.jpg,274206,06d2a42561f96effca5fffe246045784
IdeiaDesenho/ych156..jpg,legacy/v1-bucket/7c/7c10e23466af5fe65149316e0f42bf90.jpg,230837,7c10e23466af5fe65149316e0f42bf90
IdeiaDesenho/ych157..jpg,legacy/v1-bucket/7d/7deb79f9816a10d02e511ed08e8ce0c3.jpg,279189,7deb79f9816a10d02e511ed08e8ce0c3
IdeiaDesenho/ych158..jpg,legacy/v1-bucket/db/dbeffefd36211fb0c5c7b78805a5de92.jpg,328103,dbeffefd36211fb0c5c7b78805a5de92
IdeiaDesenho/ych159..jpg,legacy/v1-bucket/23/2385968d4d4796459eb1c7d845392bf1.jpg,373964,2385968d4d4796459eb1c7d845392bf1
IdeiaDesenho/ych16..jpg,legacy/v1-bucket/a4/a463c007220e9cf0195d72bc57f7bea6.jpg,37656,a463c007220e9cf0195d72bc57f7bea6
IdeiaDesenho/ych160..jpg,legacy/v1-bucket/c8/c824031dc1572cb7285818b50f92e4e8.jpg,389228,c824031dc1572cb7285818b50f92e4e8
IdeiaDesenho/ych161..jpg,legacy/v1-bucket/db/db75ded2e5a44d9b4bf725a8dd0dca6d.jpg,336430,db75ded2e5a44d9b4bf725a8dd0dca6d
IdeiaDesenho/ych162..jpg,legacy/v1-bucket/76/76702e0a8dc0e236c4845e62c224fa56.jpg,424276,76702e0a8dc0e236c4845e62c224fa56
IdeiaDesenho/ych163..jpg,legacy/v1-bucket/9c/9ccbb0616d6f71141720e76c40e10606.jpg,700878,9ccbb0616d6f71141720e76c40e10606
IdeiaDesenho/ych164..jpg,legacy/v1-bucket/08/085fb0e86c665c88ae7bcb8b09fbe0ad.jpg,356716,085fb0e86c665c88ae7bcb8b09fbe0ad
IdeiaDesenho/ych165..jpg,legacy/v1-bucket/ed/edce62d333eb9ccf91574785595ee1c3.jpg,316592,edce62d333eb9ccf91574785595ee1c3
IdeiaDesenho/ych166..jpg,legacy/v1-bucket/8b/8bacc857b74324fa531931837fa32456.jpg,315043,8bacc857b74324fa531931837fa32456
IdeiaDesenho/ych167..jpg,legacy/v1-bucket/6a/6a9a31020c32e181a4d6be4e4de8c98e.jpg,318587,6a9a31020c32e181a4d6be4e4de8c98e
IdeiaDesenho/ych168..jpg,legacy/v1-bucket/31/31fdd1f1eb3723076b7c0cb56ca63f12.jpg,270570,31fdd1f1eb3723076b7c0cb56ca63f12
IdeiaDesenho/ych169..jpg,legacy/v1-bucket/bd/bdde1f8fe6da1b9464b7d9f44db0fd20.jpg,171907,bdde1f8fe6da1b9464b7d9f44db0fd20
IdeiaDesenho/ych17..jpg,legacy/v1-bucket/0c/0cd53d79c7d0f10824a2736fd0f3ab76.jpg,547995,0cd53d79c7d0f10824a2736fd0f3ab76
IdeiaDesenho/ych170..jpg,legacy/v1-bucket/fd/fd35dab98225d4277992498032a9bf60.jpg,429883,fd35dab98225d4277992498032a9bf60
IdeiaDesenho/ych171..jpg,legacy/v1-bucket/28/28c013392fa8c228e9439a49ab4cb7c9.jpg,571425,28c013392fa8c228e9439a49ab4cb7c9
IdeiaDesenho/ych172..jpg,legacy/v1-bucket/45/45ee1f12ca11758f83a5297569ed73dc.jpg,241563,45ee1f12ca11758f83a5297569ed73dc
IdeiaDesenho/ych174..jpg,legacy/v1-bucket/de/de91cb135704c7e552a043e69380177b.jpg,269985,de91cb135704c7e552a043e69380177b
IdeiaDesenho/ych175..jpg,legacy/v1-bucket/4f/4fcc49b76497cde6f20b9ba1131ff24d.jpg,339957,4fcc49b76497cde6f20b9ba1131ff24d
IdeiaDesenho/ych176..jpg,legacy/v1-bucket/6d/6d224a622892490ae46e0866a0858580.jpg,332448,6d224a622892490ae46e0866a0858580
IdeiaDesenho/ych177..jpg,legacy/v1-bucket/50/50ef8bc94abc3bd055d009444942d6bf.jpg,301523,50ef8bc94abc3bd055d009444942d6bf
IdeiaDesenho/ych178..jpg,legacy/v1-bucket/f8/f8c4c6276ce7c330183de0ff91770547.jpg,316183,f8c4c6276ce7c330183de0ff91770547
IdeiaDesenho/ych179..jpg,legacy/v1-bucket/67/673d67a919c39559ad83dfbe580726cc.jpg,184925,673d67a919c39559ad83dfbe580726cc
IdeiaDesenho/ych18..jpg,legacy/v1-bucket/04/04ca7f3cc2faabc36ed8052556c11acc.jpg,367204,04ca7f3cc2faabc36ed8052556c11acc
IdeiaDesenho/ych180..jpg,legacy/v1-bucket/5c/5c6d4dd2e86aa3115263be39fd9a7968.jpg,286990,5c6d4dd2e86aa3115263be39fd9a7968
IdeiaDesenho/ych181..jpg,legacy/v1-bucket/04/04ade468135c04f5180ecd20071c8ad4.jpg,449801,04ade468135c04f5180ecd20071c8ad4
IdeiaDesenho/ych182..jpg,legacy/v1-bucket/4d/4d0d3717f47cd9349b05d3bb44d1268b.jpg,591438,4d0d3717f47cd9349b05d3bb44d1268b
IdeiaDesenho/ych183..jpg,legacy/v1-bucket/9b/9b77bd0ed1926d52b777393a30308347.jpg,178911,9b77bd0ed1926d52b777393a30308347
IdeiaDesenho/ych184..jpg,legacy/v1-bucket/1c/1cb7a0277221c4f506841144a63c6804.jpg,398322,1cb7a0277221c4f506841144a63c6804
IdeiaDesenho/ych185..jpg,legacy/v1-bucket/92/923faacb58b9e6ca879228d84f8f915a.jpg,543985,923faacb58b9e6ca879228d84f8f915a
IdeiaDesenho/ych186..jpg,legacy/v1-bucket/d8/d82999e6e1914fe40c5933b4a49f8aaf.jpg,434555,d82999e6e1914fe40c5933b4a49f8aaf
IdeiaDesenho/ych187..jpg,legacy/v1-bucket/d5/d52b3ef60ab10a07dd7fd00868710400.jpg,798980,d52b3ef60ab10a07dd7fd00868710400
IdeiaDesenho/ych188..jpg,legacy/v1-bucket/25/25f7d8d80044391179b9461c3fbcfe32.jpg,351791,25f7d8d80044391179b9461c3fbcfe32
IdeiaDesenho/ych189..jpg,legacy/v1-bucket/c6/c603f7aa9b4beaf74ec2c7ff60652c60.jpg,280712,c603f7aa9b4beaf74ec2c7ff60652c60
IdeiaDesenho/ych19..png,legacy/v1-bucket/5e/5ec7ef9607bb06ec3b12dd3584921014.png,41754,5ec7ef9607bb06ec3b12dd3584921014
IdeiaDesenho/ych190..jpg,legacy/v1-bucket/1a/1a340ebe883324ccec3b750f8126cec0.jpg,540452,1a340ebe883324ccec3b750f8126cec0
IdeiaDesenho/ych191..jpg,legacy/v1-bucket/f3/f39d887c9a44d0efe6d1570243cd39e4.jpg,562938,f39d887c9a44d0efe6d1570243cd39e4
IdeiaDesenho/ych192..jpg,legacy/v1-bucket/76/76fda3da154ee520bbf12e2583aa462f.jpg,347658,76fda3da154ee520bbf12e2583aa462f
IdeiaDesenho/ych193..jpg,legacy/v1-bucket/fa/fabd5c7da9b46223d05203a827aefc9a.jpg,249120,fabd5c7da9b46223d05203a827aefc9a
IdeiaDesenho/ych194..jpg,legacy/v1-bucket/a7/a79fba2e3100251a708791a43a37e4cd.jpg,403700,a79fba2e3100251a708791a43a37e4cd
IdeiaDesenho/ych195..jpg,legacy/v1-bucket/5c/5c038bbc247a216b883c8d913f325584.jpg,278151,5c038bbc247a216b883c8d913f325584
IdeiaDesenho/ych196..jpg,legacy/v1-bucket/54/54d4ab489a9f54b87097c1794437d407.jpg,521326,54d4ab489a9f54b87097c1794437d407
IdeiaDesenho/ych197..jpg,legacy/v1-bucket/29/29bcff88cf47f29baa3bd8da6cf59900.jpg,305472,29bcff88cf47f29baa3bd8da6cf59900
IdeiaDesenho/ych198..jpg,legacy/v1-bucket/af/afe47225656bae4d808d505f0405e3cb.jpg,241031,afe47225656bae4d808d505f0405e3cb
IdeiaDesenho/ych199..jpg,legacy/v1-bucket/ec/ec8e79cf49340548307d451966c0836d.jpg,250374,ec8e79cf49340548307d451966c0836d
IdeiaDesenho/ych20..jpeg,legacy/v1-bucket/a3/a3a30991e9e8f336668d119e40ee4394.jpeg,314304,a3a30991e9e8f336668d119e40ee4394
IdeiaDesenho/ych200..jpg,legacy/v1-bucket/0d/0d62ebd1db19ffbc1584547f8da72730.jpg,230247,0d62ebd1db19ffbc1584547f8da72730
IdeiaDesenho/ych201..jpg,legacy/v1-bucket/f2/f213dbdebe94cfd01d0b2bb5d5c8122b.jpg,303253,f213dbdebe94cfd01d0b2bb5d5c8122b
IdeiaDesenho/ych202..jpg,legacy/v1-bucket/f6/f6bfc9339e3e13afcb0248b3309829be.jpg,520261,f6bfc9339e3e13afcb0248b3309829be
IdeiaDesenho/ych203..jpg,legacy/v1-bucket/4f/4f8392a6969c244f401c764131e24639.jpg,216515,4f8392a6969c244f401c764131e24639
IdeiaDesenho/ych204..jpg,legacy/v1-bucket/33/33cc11b8be7eae07a1d99bacfb16b4fa.jpg,426452,33cc11b8be7eae07a1d99bacfb16b4fa
IdeiaDesenho/ych205..jpg,legacy/v1-bucket/5b/5bf94c87c11ec8fddb0b160c0ee22f0f.jpg,368687,5bf94c87c11ec8fddb0b160c0ee22f0f
IdeiaDesenho/ych206..jpg,legacy/v1-bucket/6a/6a7ff64a8b206b8d185ef0ece5cc78cd.jpg,314834,6a7ff64a8b206b8d185ef0ece5cc78cd
IdeiaDesenho/ych207..jpg,legacy/v1-bucket/64/64b576fbe4cfff678e97f89ee07c23fd.jpg,847617,64b576fbe4cfff678e97f89ee07c23fd
IdeiaDesenho/ych208..jpg,legacy/v1-bucket/25/258ba4261dbff8c59524e725d9a84a02.jpg,308878,258ba4261dbff8c59524e725d9a84a02
IdeiaDesenho/ych209..jpg,legacy/v1-bucket/61/61a2cf7aade388d88b2968c11ddfffdf.jpg,292573,61a2cf7aade388d88b2968c11ddfffdf
IdeiaDesenho/ych21..png,legacy/v1-bucket/6b/6bf4de63c4ee91b6567154633c390649.png,107890,6bf4de63c4ee91b6567154633c390649
IdeiaDesenho/ych210..jpg,legacy/v1-bucket/d5/d547861a7797a4924eac498e303b02b8.jpg,390154,d547861a7797a4924eac498e303b02b8
IdeiaDesenho/ych211..jpg,legacy/v1-bucket/9f/9ffb579668708d74a9e8b58fcbec21dd.jpg,429117,9ffb579668708d74a9e8b58fcbec21dd
IdeiaDesenho/ych212..jpg,legacy/v1-bucket/e8/e83feda0d6b3c3741d833378198d22e2.jpg,432685,e83feda0d6b3c3741d833378198d22e2
IdeiaDesenho/ych213..jpg,legacy/v1-bucket/33/3379a4bf107087e847fa434643c1dd23.jpg,549865,3379a4bf107087e847fa434643c1dd23
IdeiaDesenho/ych214..jpg,legacy/v1-bucket/9c/9c00f1b2b6c1e25944feec384c688fe1.jpg,365029,9c00f1b2b6c1e25944feec384c688fe1
IdeiaDesenho/ych215..jpg,legacy/v1-bucket/19/19e719c9844a990055f0d3dc0ad4c6f5.jpg,607898,19e719c9844a990055f0d3dc0ad4c6f5
IdeiaDesenho/ych216..jpg,legacy/v1-bucket/5c/5c4aaeca1f6463dc6045a82a97c85699.jpg,190610,5c4aaeca1f6463dc6045a82a97c85699
IdeiaDesenho/ych217..jpg,legacy/v1-bucket/05/05261ed894094baed17012d99c0c8edf.jpg,498206,05261ed894094baed17012d99c0c8edf
IdeiaDesenho/ych218..jpg,legacy/v1-bucket/47/4718ee7a557510d243995e7e37ba347d.jpg,245686,4718ee7a557510d243995e7e37ba347d
IdeiaDesenho/ych219..jpg,legacy/v1-bucket/32/32975cd5940c6e83af8c4d980b85fd1e.jpg,356238,32975cd5940c6e83af8c4d980b85fd1e
IdeiaDesenho/ych22..jpg,legacy/v1-bucket/e6/e6289611b8630b5d46345a700570bda4.jpg,47182,e6289611b8630b5d46345a700570bda4
IdeiaDesenho/ych220..jpg,legacy/v1-bucket/3f/3f3a861bbcb3a254ec604a3c91736a7b.jpg,470983,3f3a861bbcb3a254ec604a3c91736a7b
IdeiaDesenho/ych221..jpg,legacy/v1-bucket/4f/4fe017a90ade8f7f4ba3074c61764a32.jpg,465441,4fe017a90ade8f7f4ba3074c61764a32
IdeiaDesenho/ych222..jpg,legacy/v1-bucket/96/9680b13cbb45562c081251668d91cd6e.jpg,351393,9680b13cbb45562c081251668d91cd6e
IdeiaDesenho/ych223..jpg,legacy/v1-bucket/b8/b849b8157c90811485b3f1016cbc2ce3.jpg,310448,b849b8157c90811485b3f1016cbc2ce3
IdeiaDesenho/ych224..jpg,legacy/v1-bucket/59/5923eedae0cf7ae17d9a118dd2fb54dc.jpg,429637,5923eedae0cf7ae17d9a118dd2fb54dc
IdeiaDesenho/ych225..jpg,legacy/v1-bucket/d8/d85d077b78a664ac962cff7bbb116aef.jpg,453732,d85d077b78a664ac962cff7bbb116aef
IdeiaDesenho/ych226..jpg,legacy/v1-bucket/8f/8ff9273a97f2f0cf9eef98c79535ba95.jpg,326754,8ff9273a97f2f0cf9eef98c79535ba95
IdeiaDesenho/ych227..jpg,legacy/v1-bucket/e5/e5a4e2b8f6e97ca1b85606fa73c17567.jpg,398146,e5a4e2b8f6e97ca1b85606fa73c17567
IdeiaDesenho/ych228..jpg,legacy/v1-bucket/80/80677e5a678c31ef4a53452b17d90119.jpg,169403,80677e5a678c31ef4a53452b17d90119
IdeiaDesenho/ych229..jpg,legacy/v1-bucket/c5/c5562bc5da6902ada9f22807f44689d3.jpg,568280,c5562bc5da6902ada9f22807f44689d3
IdeiaDesenho/ych23..png,legacy/v1-bucket/f6/f6d4d497933c8ab357854d71a9bf19f0.png,199519,f6d4d497933c8ab357854d71a9bf19f0
IdeiaDesenho/ych230..jpg,legacy/v1-bucket/36/36f2b3269d91606d6441dbcaf6651af3.jpg,325939,36f2b3269d91606d6441dbcaf6651af3
IdeiaDesenho/ych231..jpg,legacy/v1-bucket/86/8601ed9393907bac354e2fbcad235c2f.jpg,276379,8601ed9393907bac354e2fbcad235c2f
IdeiaDesenho/ych232..jpg,legacy/v1-bucket/14/1419ff5dbcadf8ec44a274b808f3a103.jpg,450345,1419ff5dbcadf8ec44a274b808f3a103
IdeiaDesenho/ych233..jpg,legacy/v1-bucket/d4/d4355fe7f56cb26e09ccd8a21d8c3d26.jpg,319350,d4355fe7f56cb26e09ccd8a21d8c3d26
IdeiaDesenho/ych234..jpg,legacy/v1-bucket/a3/a3b954bdb6afdce6488bb1f78701fa18.jpg,961295,a3b954bdb6afdce6488bb1f78701fa18
IdeiaDesenho/ych235..jpg,legacy/v1-bucket/56/56202403ab8f1b91fcf5bca11848722b.jpg,376546,56202403ab8f1b91fcf5bca11848722b
IdeiaDesenho/ych236..jpg,legacy/v1-bucket/d9/d93a915f9a245a952d12972fd5cd6261.jpg,313621,d93a915f9a245a952d12972fd5cd6261
IdeiaDesenho/ych237..jpg,legacy/v1-bucket/e7/e70a2658b9981c1a74202607627be8fb.jpg,229551,e70a2658b9981c1a74202607627be8fb
IdeiaDesenho/ych238..jpg,legacy/v1-bucket/04/04292d46e8ae466f4997417dbb8e8879.jpg,343320,04292d46e8ae466f4997417dbb8e8879
IdeiaDesenho/ych239..jpg,legacy/v1-bucket/ae/ae76b9d249b4addf0c555eb895df9321.jpg,646508,ae76b9d249b4addf0c555eb895df9321
IdeiaDesenho/ych24..jpg,legacy/v1-bucket/d8/d8bc8e90647088f5881a6e1da2919a11.jpg,30491,d8bc8e90647088f5881a6e1da2919a11
IdeiaDesenho/ych240..jpg,legacy/v1-bucket/38/389c150e35109e949d31138cad4c63d7.jpg,621000,389c150e35109e949d31138cad4c63d7
IdeiaDesenho/ych241..jpg,legacy/v1-bucket/b2/b2c223a94c3a7d8ee2e9c3834056aa3e.jpg,184857,b2c223a94c3a7d8ee2e9c3834056aa3e
IdeiaDesenho/ych242..jpg,legacy/v1-bucket/64/64306a356dcd537de7a30197e877dc6e.jpg,373392,64306a356dcd537de7a30197e877dc6e
IdeiaDesenho/ych243..jpg,legacy/v1-bucket/ad/add0214926159dbfa3c10c0d2849e3b6.jpg,318516,add0214926159dbfa3c10c0d2849e3b6
IdeiaDesenho/ych244..jpg,legacy/v1-bucket/6a/6a4ecb72d3911ed771fac55932faf617.jpg,563081,6a4ecb72d3911ed771fac55932faf617
IdeiaDesenho/ych245..jpg,legacy/v1-bucket/41/4170d32aff2bfa677893caea12e24484.jpg,635385,4170d32aff2bfa677893caea12e24484
IdeiaDesenho/ych246..jpg,legacy/v1-bucket/31/3108ccbb19ac94fdc257700edd6b45d9.jpg,190866,3108ccbb19ac94fdc257700edd6b45d9
IdeiaDesenho/ych247..jpg,legacy/v1-bucket/36/36c2525aabf9523bf9fb1019ac593eb2.jpg,193672,36c2525aabf9523bf9fb1019ac593eb2
IdeiaDesenho/ych248..jpg,legacy/v1-bucket/11/11a2c559f9fc4b191136d65a2fcd64f1.jpg,240327,11a2c559f9fc4b191136d65a2fcd64f1
IdeiaDesenho/ych249..jpg,legacy/v1-bucket/6c/6cc8b8df293fe08418dd0374ffa8a4b3.jpg,387062,6cc8b8df293fe08418dd0374ffa8a4b3
IdeiaDesenho/ych25..jpg,legacy/v1-bucket/dc/dce32ba45803ea764dddc24640ad7638.jpg,369084,dce32ba45803ea764dddc24640ad7638
IdeiaDesenho/ych250..jpg,legacy/v1-bucket/38/387e726b9480bc1da9630edd9f6aa12a.jpg,404567,387e726b9480bc1da9630edd9f6aa12a
IdeiaDesenho/ych251..jpg,legacy/v1-bucket/31/31568efec7a772371f089896644ea8fd.jpg,598221,31568efec7a772371f089896644ea8fd
IdeiaDesenho/ych252..jpg,legacy/v1-bucket/35/35ad110ad25aa094ea9a6338beea8834.jpg,157342,35ad110ad25aa094ea9a6338beea8834
IdeiaDesenho/ych253..jpg,legacy/v1-bucket/84/84dbc2e5704d496a6b51f9bbceadafc6.jpg,262506,84dbc2e5704d496a6b51f9bbceadafc6
IdeiaDesenho/ych254..jpg,legacy/v1-bucket/5e/5e0ebd6ce952465d0bbb4d1856eb0770.jpg,424887,5e0ebd6ce952465d0bbb4d1856eb0770
IdeiaDesenho/ych255..jpg,legacy/v1-bucket/1e/1e022dcb25140da0e6fec246e2e92b2a.jpg,453045,1e022dcb25140da0e6fec246e2e92b2a
IdeiaDesenho/ych256..jpg,legacy/v1-bucket/3b/3b85545d7359f7f4144bbf0a9f5904b0.jpg,652968,3b85545d7359f7f4144bbf0a9f5904b0
IdeiaDesenho/ych257..jpg,legacy/v1-bucket/d8/d87baa14a64f5a0873420464d11d4691.jpg,275017,d87baa14a64f5a0873420464d11d4691
IdeiaDesenho/ych258..jpg,legacy/v1-bucket/d7/d71a6e9cb3394123c84e7954fa1e5ec5.jpg,610898,d71a6e9cb3394123c84e7954fa1e5ec5
IdeiaDesenho/ych259..jpg,legacy/v1-bucket/9f/9f86a3c277cd6d4aa420c8fc5b9a4cfd.jpg,213544,9f86a3c277cd6d4aa420c8fc5b9a4cfd
IdeiaDesenho/ych26..jpg,legacy/v1-bucket/95/959967faa8175e0f0e23222fa02508bd.jpg,42922,959967faa8175e0f0e23222fa02508bd
IdeiaDesenho/ych260..jpg,legacy/v1-bucket/f3/f3edcdf2578c072fbbac674cdfcab63b.jpg,501632,f3edcdf2578c072fbbac674cdfcab63b
IdeiaDesenho/ych261..jpg,legacy/v1-bucket/c2/c23617e631f077f76e64a3fd8c4fd664.jpg,435784,c23617e631f077f76e64a3fd8c4fd664
IdeiaDesenho/ych262..jpg,legacy/v1-bucket/27/27ed0025c86aaefdc4cae9afb2c9ccff.jpg,590802,27ed0025c86aaefdc4cae9afb2c9ccff
IdeiaDesenho/ych263..jpg,legacy/v1-bucket/be/be5a0f6aa16ca852ea17d55bd0c72118.jpg,482353,be5a0f6aa16ca852ea17d55bd0c72118
IdeiaDesenho/ych264..jpg,legacy/v1-bucket/50/50cd98d54e9a09487deee2c924346b21.jpg,562381,50cd98d54e9a09487deee2c924346b21
IdeiaDesenho/ych265..jpg,legacy/v1-bucket/53/538266caf4d6dc530ca06f5627a9b0d4.jpg,275930,538266caf4d6dc530ca06f5627a9b0d4
IdeiaDesenho/ych266..jpg,legacy/v1-bucket/58/5856798a6a45596768cb70af653e94bf.jpg,246471,5856798a6a45596768cb70af653e94bf
IdeiaDesenho/ych267..jpg,legacy/v1-bucket/fc/fc24f9ffc6b71e74ea80762b053192e2.jpg,302584,fc24f9ffc6b71e74ea80762b053192e2
IdeiaDesenho/ych268..jpg,legacy/v1-bucket/8b/8b9e3eaa5b5880b058846a40625512ea.jpg,372520,8b9e3eaa5b5880b058846a40625512ea
IdeiaDesenho/ych269..jpg,legacy/v1-bucket/8d/8d01d5be741ea722133eb92a3f2052f6.jpg,195590,8d01d5be741ea722133eb92a3f2052f6
IdeiaDesenho/ych27..jpg,legacy/v1-bucket/b5/b5a56f72bde49383c2da403be528e64c.jpg,19194,b5a56f72bde49383c2da403be528e64c
IdeiaDesenho/ych270..jpg,legacy/v1-bucket/c6/c63964947462d8dedbad5528fd3a7006.jpg,500842,c63964947462d8dedbad5528fd3a7006
IdeiaDesenho/ych271..jpg,legacy/v1-bucket/e6/e6e4ff04f14a77d92c26fca0eed6648a.jpg,315545,e6e4ff04f14a77d92c26fca0eed6648a
IdeiaDesenho/ych272..jpg,legacy/v1-bucket/f1/f15b4ec57b376d38c89e14f9fdfe9e12.jpg,263493,f15b4ec57b376d38c89e14f9fdfe9e12
IdeiaDesenho/ych273..jpg,legacy/v1-bucket/15/15f99938cf9c88b9c366b31a5107fb1f.jpg,285435,15f99938cf9c88b9c366b31a5107fb1f
IdeiaDesenho/ych274..jpg,legacy/v1-bucket/8a/8a520e3cdbe7df65acf067d9c5c9c5e8.jpg,402236,8a520e3cdbe7df65acf067d9c5c9c5e8
IdeiaDesenho/ych275..jpg,legacy/v1-bucket/db/dbb394604ac676069f652eacc0966b29.jpg,432120,dbb394604ac676069f652eacc0966b29
IdeiaDesenho/ych276..jpg,legacy/v1-bucket/99/99f350aa9a02058d321e2ce67470fa3a.jpg,504475,99f350aa9a02058d321e2ce67470fa3a
IdeiaDesenho/ych277..jpg,legacy/v1-bucket/f8/f84fd97e7697b40fece24c8cf342d3e7.jpg,288378,f84fd97e7697b40fece24c8cf342d3e7
IdeiaDesenho/ych278..jpg,legacy/v1-bucket/66/66f303253fab388cec404cbb61eb7eac.jpg,305128,66f303253fab388cec404cbb61eb7eac
IdeiaDesenho/ych279..jpg,legacy/v1-bucket/15/151d0f6409d1536a47c6260728a02251.jpg,420748,151d0f6409d1536a47c6260728a02251
IdeiaDesenho/ych28..jpg,legacy/v1-bucket/10/100b59db47623fca8a20b9c276410a5b.jpg,43484,100b59db47623fca8a20b9c276410a5b
IdeiaDesenho/ych280..jpg,legacy/v1-bucket/50/5062ba66f3e59a3a83e4be154d9009dc.jpg,389458,5062ba66f3e59a3a83e4be154d9009dc
IdeiaDesenho/ych281..jpg,legacy/v1-bucket/ee/ee352e54adb6df67bed1ce4d8ab6668f.jpg,486714,ee352e54adb6df67bed1ce4d8ab6668f
IdeiaDesenho/ych282..jpg,legacy/v1-bucket/9e/9e8f4d508683c06f993d3fe4537cad6d.jpg,148557,9e8f4d508683c06f993d3fe4537cad6d
IdeiaDesenho/ych283..jpg,legacy/v1-bucket/6f/6f8c3c772d56a633f0cab4f95268eca4.jpg,588716,6f8c3c772d56a633f0cab4f95268eca4
IdeiaDesenho/ych284..jpg,legacy/v1-bucket/2b/2b87910351b9ea1b72cbb93d542c531b.jpg,435556,2b87910351b9ea1b72cbb93d542c531b
IdeiaDesenho/ych285..jpg,legacy/v1-bucket/54/54bef1d4446e91ab96c8f7061d4ddbd5.jpg,741653,54bef1d4446e91ab96c8f7061d4ddbd5
IdeiaDesenho/ych286..jpg,legacy/v1-bucket/6d/6d946c7996b224143de4406e51594d2f.jpg,485382,6d946c7996b224143de4406e51594d2f
IdeiaDesenho/ych287..jpg,legacy/v1-bucket/9a/9a553fc35c62bf0a5a987a3c6d5aef52.jpg,187642,9a553fc35c62bf0a5a987a3c6d5aef52
IdeiaDesenho/ych288..jpg,legacy/v1-bucket/78/789f6e7b381ce9cacbfcce0017181459.jpg,352160,789f6e7b381ce9cacbfcce0017181459
IdeiaDesenho/ych289..jpg,legacy/v1-bucket/e2/e2e6f9d5d984f4d68278fcbbfd844296.jpg,439143,e2e6f9d5d984f4d68278fcbbfd844296
IdeiaDesenho/ych29..png,legacy/v1-bucket/92/92f2eaf64c5b36c49a3f8b98a2f75abb.png,492698,92f2eaf64c5b36c49a3f8b98a2f75abb
IdeiaDesenho/ych290..jpg,legacy/v1-bucket/30/302e783ace4876cd5a5cdda429d6e6ee.jpg,335106,302e783ace4876cd5a5cdda429d6e6ee
IdeiaDesenho/ych291..jpg,legacy/v1-bucket/52/52f53ab9a24e2bd26bc088dae9191409.jpg,365462,52f53ab9a24e2bd26bc088dae9191409
IdeiaDesenho/ych292..jpg,legacy/v1-bucket/c0/c0021a992ade3be5380da23c8526b444.jpg,403174,c0021a992ade3be5380da23c8526b444
IdeiaDesenho/ych293..jpg,legacy/v1-bucket/f9/f9f7a4166709c5344623bdcb6ee8084f.jpg,284894,f9f7a4166709c5344623bdcb6ee8084f
IdeiaDesenho/ych294..jpg,legacy/v1-bucket/33/33f748d0ec138e9809bfc6bb6d47eb78.jpg,696227,33f748d0ec138e9809bfc6bb6d47eb78
IdeiaDesenho/ych295..jpg,legacy/v1-bucket/03/03d5180a10c1e5020924efdb596a23ee.jpg,689225,03d5180a10c1e5020924efdb596a23ee
IdeiaDesenho/ych296..jpg,legacy/v1-bucket/3b/3bd5d5dc4c580fdfec4585af2323b8f5.jpg,370328,3bd5d5dc4c580fdfec4585af2323b8f5
IdeiaDesenho/ych297..jpg,legacy/v1-bucket/95/958929f03bf264965cc8df4e1803887b.jpg,293779,958929f03bf264965cc8df4e1803887b
IdeiaDesenho/ych298..jpg,legacy/v1-bucket/19/19097f77e8bc4100ee94a6662c1eab7a.jpg,257418,19097f77e8bc4100ee94a6662c1eab7a
IdeiaDesenho/ych299..jpg,legacy/v1-bucket/94/94d23ca5022e3805db3641a0d5c085ef.jpg,409343,94d23ca5022e3805db3641a0d5c085ef
IdeiaDesenho/ych3..png,legacy/v1-bucket/bf/bf80474ecae6f6eb968bba1f6c5c1bc6.png,135839,bf80474ecae6f6eb968bba1f6c5c1bc6
IdeiaDesenho/ych30..png,legacy/v1-bucket/1a/1a4d47d0f3051b0a5a539b00a9f8931b.png,92828,1a4d47d0f3051b0a5a539b00a9f8931b
IdeiaDesenho/ych300..jpg,legacy/v1-bucket/c5/c5ee4e74950b2d7e905d8e53d713f279.jpg,192534,c5ee4e74950b2d7e905d8e53d713f279
IdeiaDesenho/ych301..jpg,legacy/v1-bucket/6b/6b9714989bf93de030f273d7659faa9e.jpg,177332,6b9714989bf93de030f273d7659faa9e
IdeiaDesenho/ych302..jpg,legacy/v1-bucket/61/6163414270420d0b0c71ac1579ff5b9d.jpg,556146,6163414270420d0b0c71ac1579ff5b9d
IdeiaDesenho/ych303..jpg,legacy/v1-bucket/aa/aa49752e944ac3744d477cd9417c20b0.jpg,516510,aa49752e944ac3744d477cd9417c20b0
IdeiaDesenho/ych304..jpg,legacy/v1-bucket/06/0668fcf01d6bb713e70d7a34aa2b2c7a.jpg,489192,0668fcf01d6bb713e70d7a34aa2b2c7a
IdeiaDesenho/ych305..jpg,legacy/v1-bucket/fa/fa0b178836906c5e72bc1bcd1807c9ee.jpg,475614,fa0b178836906c5e72bc1bcd1807c9ee
IdeiaDesenho/ych306..jpg,legacy/v1-bucket/98/98f2c1cea6955e750f45756525955949.jpg,319656,98f2c1cea6955e750f45756525955949
IdeiaDesenho/ych307..jpg,legacy/v1-bucket/07/07d3861d161294556e1fc57c520b3927.jpg,313437,07d3861d161294556e1fc57c520b3927
IdeiaDesenho/ych308..jpg,legacy/v1-bucket/0b/0b27ece949f287b5ce61d55459c8c5c4.jpg,441000,0b27ece949f287b5ce61d55459c8c5c4
IdeiaDesenho/ych309..jpg,legacy/v1-bucket/8d/8d130d2d17ad9f73d2768088baab362b.jpg,354338,8d130d2d17ad9f73d2768088baab362b
IdeiaDesenho/ych31..jpg,legacy/v1-bucket/d8/d828ac596b107b0e71e6e6f8d9cb8d1f.jpg,77685,d828ac596b107b0e71e6e6f8d9cb8d1f
IdeiaDesenho/ych31..png,legacy/v1-bucket/50/50eb4441d1e5c50ed3c2ee79aa030b97.png,408415,50eb4441d1e5c50ed3c2ee79aa030b97
IdeiaDesenho/ych310..jpg,legacy/v1-bucket/4d/4d5416de26fe8b826ef6577c3f1b9778.jpg,497421,4d5416de26fe8b826ef6577c3f1b9778
IdeiaDesenho/ych311..jpg,legacy/v1-bucket/14/14f2c7cbd325dd0a79191fbf63ade459.jpg,279677,14f2c7cbd325dd0a79191fbf63ade459
IdeiaDesenho/ych312..jpg,legacy/v1-bucket/23/23573887252c961f9f64c0994aa69390.jpg,229765,23573887252c961f9f64c0994aa69390
IdeiaDesenho/ych313..jpg,legacy/v1-bucket/0e/0e0d22440230f58683ea907c9c91d8a7.jpg,410039,0e0d22440230f58683ea907c9c91d8a7
IdeiaDesenho/ych314..jpg,legacy/v1-bucket/31/314dc8771d5b00db0932aca7eb07341c.jpg,405271,314dc8771d5b00db0932aca7eb07341c
IdeiaDesenho/ych316..jpg,legacy/v1-bucket/5f/5f753a26311fecbcad046b557f7261e8.jpg,228548,5f753a26311fecbcad046b557f7261e8
IdeiaDesenho/ych317..jpg,legacy/v1-bucket/0d/0d6c71f7ec55abb24c9961673d6714db.jpg,176358,0d6c71f7ec55abb24c9961673d6714db
IdeiaDesenho/ych318..jpg,legacy/v1-bucket/55/555a9036a5410412c90fe6d1db54bb3d.jpg,290707,555a9036a5410412c90fe6d1db54bb3d
IdeiaDesenho/ych319..jpg,legacy/v1-bucket/72/72e3156a587f949824363a856ea54b71.jpg,286010,72e3156a587f949824363a856ea54b71
IdeiaDesenho/ych320..jpg,legacy/v1-bucket/7e/7e56a8c23a761e8a2b022803d3a2bef6.jpg,197800,7e56a8c23a761e8a2b022803d3a2bef6
IdeiaDesenho/ych321..jpg,legacy/v1-bucket/41/41a61451ea335583f6e7675fd025c436.jpg,458841,41a61451ea335583f6e7675fd025c436
IdeiaDesenho/ych323..jpg,legacy/v1-bucket/4f/4fad3ffdef84e2de070410150587752a.jpg,226799,4fad3ffdef84e2de070410150587752a
IdeiaDesenho/ych324..jpg,legacy/v1-bucket/af/afae34e0b055fd5e673630f2408e9010.jpg,330393,afae34e0b055fd5e673630f2408e9010
IdeiaDesenho/ych325..jpg,legacy/v1-bucket/2b/2b7917efb47fe3943726e748f66eea73.jpg,233573,2b7917efb47fe3943726e748f66eea73
IdeiaDesenho/ych326..jpg,legacy/v1-bucket/7c/7c8fc316999d59e21df3d90f7cf9e8ce.jpg,235894,7c8fc316999d59e21df3d90f7cf9e8ce
IdeiaDesenho/ych327..jpg,legacy/v1-bucket/59/590f3796060868af878e4300be96675c.jpg,422505,590f3796060868af878e4300be96675c
IdeiaDesenho/ych328..jpg,legacy/v1-bucket/af/af18c4218617c543b1885c29fcdd2d78.jpg,398627,af18c4218617c543b1885c29fcdd2d78
IdeiaDesenho/ych329..jpg,legacy/v1-bucket/fb/fbd3a12aa5e5381695c0221db1277c87.jpg,524941,fbd3a12aa5e5381695c0221db1277c87
IdeiaDesenho/ych33..jpg,legacy/v1-bucket/be/beea019420030de1be0ab0162ec072d7.jpg,28203,beea019420030de1be0ab0162ec072d7
IdeiaDesenho/ych330..jpg,legacy/v1-bucket/4e/4e3811328ea25fc78fa010b71f25f6ba.jpg,274396,4e3811328ea25fc78fa010b71f25f6ba
IdeiaDesenho/ych331..jpg,legacy/v1-bucket/90/90cf1789de647d89cbb5cabd36f92055.jpg,856993,90cf1789de647d89cbb5cabd36f92055
IdeiaDesenho/ych332..jpg,legacy/v1-bucket/0d/0d5f88c7f11e325cbb482872ff9de8eb.jpg,297681,0d5f88c7f11e325cbb482872ff9de8eb
IdeiaDesenho/ych333..jpg,legacy/v1-bucket/d8/d807a79968a2168b97d07be3182adfa2.jpg,328766,d807a79968a2168b97d07be3182adfa2
IdeiaDesenho/ych334..jpg,legacy/v1-bucket/57/575debd42523f5b094b0cb426de0b442.jpg,314441,575debd42523f5b094b0cb426de0b442
IdeiaDesenho/ych335..jpg,legacy/v1-bucket/59/5988fe22b268c08848b5154f27f06db5.jpg,347576,5988fe22b268c08848b5154f27f06db5
IdeiaDesenho/ych336..jpg,legacy/v1-bucket/a0/a00c817e28e8cae5e2b534773283e7f7.jpg,393818,a00c817e28e8cae5e2b534773283e7f7
IdeiaDesenho/ych337..jpg,legacy/v1-bucket/62/62e37ca05f0fe29cbeb9632714d65662.jpg,279932,62e37ca05f0fe29cbeb9632714d65662
IdeiaDesenho/ych338..jpg,legacy/v1-bucket/b9/b97948906a29fa2bc150d31fbf9ccff8.jpg,268427,b97948906a29fa2bc150d31fbf9ccff8
IdeiaDesenho/ych339..jpg,legacy/v1-bucket/11/11ad4efc0f9e6233b941efe0947751f8.jpg,476449,11ad4efc0f9e6233b941efe0947751f8
IdeiaDesenho/ych34..gif,legacy/v1-bucket/94/941a9cb68c7bdedd93a755a015c471bf.gif,112764,941a9cb68c7bdedd93a755a015c471bf
IdeiaDesenho/ych340..jpg,legacy/v1-bucket/89/899664f33c5c4167af6e4a61638e0228.jpg,592498,899664f33c5c4167af6e4a61638e0228
IdeiaDesenho/ych341..jpg,legacy/v1-bucket/56/5690c1c68958114c49d16cd2f4c119a9.jpg,284647,5690c1c68958114c49d16cd2f4c119a9
IdeiaDesenho/ych342..jpg,legacy/v1-bucket/9d/9dd446a067f99beb395e9dd1d6fc3300.jpg,298811,9dd446a067f99beb395e9dd1d6fc3300
IdeiaDesenho/ych343..jpg,legacy/v1-bucket/c5/c5a1927e6ecd2637a4e8ee39b8820966.jpg,330997,c5a1927e6ecd2637a4e8ee39b8820966
IdeiaDesenho/ych344..jpg,legacy/v1-bucket/9d/9d1aff7b8f9f938bbe19d745b381d828.jpg,412272,9d1aff7b8f9f938bbe19d745b381d828
IdeiaDesenho/ych345..jpg,legacy/v1-bucket/79/79a2afa98c8867071203397eb53d41bf.jpg,296599,79a2afa98c8867071203397eb53d41bf
IdeiaDesenho/ych346..jpg,legacy/v1-bucket/01/01093ca02d6b0b23a42ef7d6aba7eef7.jpg,321681,01093ca02d6b0b23a42ef7d6aba7eef7
IdeiaDesenho/ych347..jpg,legacy/v1-bucket/68/68bf3db4a92002a3c50f4a2f46dc5f32.jpg,354215,68bf3db4a92002a3c50f4a2f46dc5f32
IdeiaDesenho/ych348..jpg,legacy/v1-bucket/6a/6a9d2ad8f3b3ff418f58cce35b9bcc4e.jpg,222738,6a9d2ad8f3b3ff418f58cce35b9bcc4e
IdeiaDesenho/ych349..jpg,legacy/v1-bucket/47/47db4b9e73df3047b8f9471d6fa3415d.jpg,547671,47db4b9e73df3047b8f9471d6fa3415d
IdeiaDesenho/ych35..jpg,legacy/v1-bucket/5d/5d43aefb3e4f5c880b0d7ed0fee5c8fe.jpg,120853,5d43aefb3e4f5c880b0d7ed0fee5c8fe
IdeiaDesenho/ych350..jpg,legacy/v1-bucket/76/766865e7027d11d497954f38e76ffa8e.jpg,567968,766865e7027d11d497954f38e76ffa8e
IdeiaDesenho/ych351..jpg,legacy/v1-bucket/fb/fb13b9bec340db99eb4997a26fd1d3ef.jpg,290132,fb13b9bec340db99eb4997a26fd1d3ef
IdeiaDesenho/ych352..jpg,legacy/v1-bucket/73/7351864c7e9ebcfb96e6bfb1ca529ef9.jpg,192588,7351864c7e9ebcfb96e6bfb1ca529ef9
IdeiaDesenho/ych353..jpg,legacy/v1-bucket/d9/d9f7f1255af45c6f1c31f145d1f61369.jpg,391852,d9f7f1255af45c6f1c31f145d1f61369
IdeiaDesenho/ych354..jpg,legacy/v1-bucket/7d/7d97f093c9ade989c45fcb290a6b7ab6.jpg,348890,7d97f093c9ade989c45fcb290a6b7ab6
IdeiaDesenho/ych355..jpg,legacy/v1-bucket/20/207400bee39fc6c9b2a09ec3a195b49a.jpg,667584,207400bee39fc6c9b2a09ec3a195b49a
IdeiaDesenho/ych356..jpg,legacy/v1-bucket/c1/c15d8122bb83ab651b8876268ec5dde5.jpg,324412,c15d8122bb83ab651b8876268ec5dde5
IdeiaDesenho/ych357..jpg,legacy/v1-bucket/89/89b8c5f6df25219b37dc446efb3ebd61.jpg,413574,89b8c5f6df25219b37dc446efb3ebd61
IdeiaDesenho/ych358..jpg,legacy/v1-bucket/a9/a9cff2ae20e9f27ea3ff7ce10bd69e82.jpg,340661,a9cff2ae20e9f27ea3ff7ce10bd69e82
IdeiaDesenho/ych359..jpg,legacy/v1-bucket/e1/e120318230f36dda5613d699faf2f9ac.jpg,386260,e120318230f36dda5613d699faf2f9ac
IdeiaDesenho/ych36..jpg,legacy/v1-bucket/e9/e98f1e30e63ab0f9ee42bd9e19b4de2a.jpg,35518,e98f1e30e63ab0f9ee42bd9e19b4de2a
IdeiaDesenho/ych360..jpg,legacy/v1-bucket/9a/9afbf41c3427720f8fa4149a9ac2ea21.jpg,511169,9afbf41c3427720f8fa4149a9ac2ea21
IdeiaDesenho/ych361..jpg,legacy/v1-bucket/30/306e3712dc023f38683feba5f0773903.jpg,416348,306e3712dc023f38683feba5f0773903
IdeiaDesenho/ych362..jpg,legacy/v1-bucket/38/3888cf3df8c09e927d854222db032cf4.jpg,319900,3888cf3df8c09e927d854222db032cf4
IdeiaDesenho/ych363..jpg,legacy/v1-bucket/c0/c0be502d61356172726b48d5c5c53175.jpg,392691,c0be502d61356172726b48d5c5c53175
IdeiaDesenho/ych364..jpg,legacy/v1-bucket/db/db33a57f26dea14679ce9d6276269c5e.jpg,250975,db33a57f26dea14679ce9d6276269c5e
IdeiaDesenho/ych365..jpg,legacy/v1-bucket/45/45a48c7bbd9fc593d0db625b498dcec5.jpg,405204,45a48c7bbd9fc593d0db625b498dcec5
IdeiaDesenho/ych366..jpg,legacy/v1-bucket/ae/ae444467b51041c05a729cdebf420523.jpg,336348,ae444467b51041c05a729cdebf420523
IdeiaDesenho/ych367..jpg,legacy/v1-bucket/f0/f0fc8bf6788dd8b5d21ca1b6a954c27f.jpg,341508,f0fc8bf6788dd8b5d21ca1b6a954c27f
IdeiaDesenho/ych368..jpg,legacy/v1-bucket/2f/2f86d2eb1a3c6851ea31bc6204bfc62c.jpg,363649,2f86d2eb1a3c6851ea31bc6204bfc62c
IdeiaDesenho/ych369..jpg,legacy/v1-bucket/e0/e0c3cd06bdc4871e88d92faf3eac05fe.jpg,423483,e0c3cd06bdc4871e88d92faf3eac05fe
IdeiaDesenho/ych37..png,legacy/v1-bucket/75/75cc63b48fd6e8318d88d8cdca0b144c.png,740683,75cc63b48fd6e8318d88d8cdca0b144c
IdeiaDesenho/ych370..jpg,legacy/v1-bucket/87/877e83059a231dfa3a3a40b7d0c950c0.jpg,627955,877e83059a231dfa3a3a40b7d0c950c0
IdeiaDesenho/ych371..jpg,legacy/v1-bucket/ff/ff1bfa6af3fe0786761672ee6b5b1c31.jpg,312249,ff1bfa6af3fe0786761672ee6b5b1c31
IdeiaDesenho/ych372..jpg,legacy/v1-bucket/b4/b445dda06548d1e7e2cb5e86c0530177.jpg,240719,b445dda06548d1e7e2cb5e86c0530177
IdeiaDesenho/ych373..jpg,legacy/v1-bucket/7a/7af1d8444fc8eaf10158cec876797168.jpg,435336,7af1d8444fc8eaf10158cec876797168
IdeiaDesenho/ych374..jpg,legacy/v1-bucket/8f/8f3d61ccbd1fdc21d71350fc682ef255.jpg,397842,8f3d61ccbd1fdc21d71350fc682ef255
IdeiaDesenho/ych375..jpg,legacy/v1-bucket/41/413f4ae4090cd9f3d74622f15a3551a0.jpg,299071,413f4ae4090cd9f3d74622f15a3551a0
IdeiaDesenho/ych376..jpg,legacy/v1-bucket/ba/ba4a0816bfd1b708ee642e3a77939b53.jpg,241724,ba4a0816bfd1b708ee642e3a77939b53
IdeiaDesenho/ych377..jpg,legacy/v1-bucket/09/09690ae60810901f196a17f12549c9ea.jpg,274189,09690ae60810901f196a17f12549c9ea
IdeiaDesenho/ych378..jpg,legacy/v1-bucket/b5/b5b654060a7bc414b8e28f8a1ae1b557.jpg,587585,b5b654060a7bc414b8e28f8a1ae1b557
IdeiaDesenho/ych379..jpg,legacy/v1-bucket/97/979c84b86b5c7e8aa76c2a689c247c25.jpg,596837,979c84b86b5c7e8aa76c2a689c247c25
IdeiaDesenho/ych38..jpg,legacy/v1-bucket/98/98d22f99f688c3e3b035f54f10a7402f.jpg,296510,98d22f99f688c3e3b035f54f10a7402f
IdeiaDesenho/ych380..jpg,legacy/v1-bucket/da/dabbec8dda536d339cb0d1a996807510.jpg,647576,dabbec8dda536d339cb0d1a996807510
IdeiaDesenho/ych381..jpg,legacy/v1-bucket/64/64ef8fc6fbcc9d1f27f55b7283c6f660.jpg,163748,64ef8fc6fbcc9d1f27f55b7283c6f660
IdeiaDesenho/ych382..jpg,legacy/v1-bucket/fc/fc342c6778701724b6d128bc9fea9a87.jpg,243858,fc342c6778701724b6d128bc9fea9a87
IdeiaDesenho/ych383..jpg,legacy/v1-bucket/de/de72025175ced87c683fa909434cd256.jpg,465100,de72025175ced87c683fa909434cd256
IdeiaDesenho/ych384..jpg,legacy/v1-bucket/e9/e97bb668e98813254d34407944c4956a.jpg,230058,e97bb668e98813254d34407944c4956a
IdeiaDesenho/ych385..jpg,legacy/v1-bucket/db/dbee79c8b3d20dae7ccec65e85f04095.jpg,345842,dbee79c8b3d20dae7ccec65e85f04095
IdeiaDesenho/ych386..jpg,legacy/v1-bucket/e3/e34f8400b767e5db25e5472c66c3ce7d.jpg,471615,e34f8400b767e5db25e5472c66c3ce7d
IdeiaDesenho/ych387..jpg,legacy/v1-bucket/5e/5effa8a5a0c95e404bc8aa5106086e0e.jpg,599495,5effa8a5a0c95e404bc8aa5106086e0e
IdeiaDesenho/ych388..jpg,legacy/v1-bucket/22/223588a0de8ab8572bee89fdb5a3b63c.jpg,465351,223588a0de8ab8572bee89fdb5a3b63c
IdeiaDesenho/ych389..jpg,legacy/v1-bucket/01/018084328f358816198c8a7cca8d9275.jpg,323064,018084328f358816198c8a7cca8d9275
IdeiaDesenho/ych39..jpg,legacy/v1-bucket/c5/c53a0e996a17f262598b9e356fa1f4c1.jpg,35825,c53a0e996a17f262598b9e356fa1f4c1
IdeiaDesenho/ych390..jpg,legacy/v1-bucket/aa/aab437856414d72583f9096e3c154d2b.jpg,296336,aab437856414d72583f9096e3c154d2b
IdeiaDesenho/ych391..jpg,legacy/v1-bucket/b5/b57951de33f0ae63c386b7a03c274783.jpg,198326,b57951de33f0ae63c386b7a03c274783
IdeiaDesenho/ych392..jpg,legacy/v1-bucket/ad/ad3ba4fb66b86e53855b9dad12562b91.jpg,266956,ad3ba4fb66b86e53855b9dad12562b91
IdeiaDesenho/ych393..jpg,legacy/v1-bucket/6c/6cef3a206de95a21135775bb78b5de78.jpg,192721,6cef3a206de95a21135775bb78b5de78
IdeiaDesenho/ych394..jpg,legacy/v1-bucket/a6/a6dc90b5b593e0945dfd5f15e5b045f1.jpg,487912,a6dc90b5b593e0945dfd5f15e5b045f1
IdeiaDesenho/ych395..jpg,legacy/v1-bucket/a9/a9eb3e99278a0933a8e49dd49cca86d5.jpg,382571,a9eb3e99278a0933a8e49dd49cca86d5
IdeiaDesenho/ych396..jpg,legacy/v1-bucket/1b/1be8a97cf3796fd9d3698fa8557ac0d2.jpg,289507,1be8a97cf3796fd9d3698fa8557ac0d2
IdeiaDesenho/ych397..jpg,legacy/v1-bucket/7e/7ef239b80446baa67f3a4349e804cbed.jpg,453821,7ef239b80446baa67f3a4349e804cbed
IdeiaDesenho/ych398..jpg,legacy/v1-bucket/64/64bd486f2571bfbba7069eac5d5ddfd3.jpg,342279,64bd486f2571bfbba7069eac5d5ddfd3
IdeiaDesenho/ych399..jpg,legacy/v1-bucket/65/6514e381e740069792b7d182d8151e13.jpg,389494,6514e381e740069792b7d182d8151e13
IdeiaDesenho/ych4..png,legacy/v1-bucket/46/46293dca48717cd624e6a5b7d879bce3.png,573133,46293dca48717cd624e6a5b7d879bce3
IdeiaDesenho/ych40..jpg,legacy/v1-bucket/32/32eef3daf1e63e50abb6f2cee9205567.jpg,86083,32eef3daf1e63e50abb6f2cee9205567
IdeiaDesenho/ych400..jpg,legacy/v1-bucket/ef/ef71d8702214e0190a82881c01c1c71e.jpg,420000,ef71d8702214e0190a82881c01c1c71e
IdeiaDesenho/ych401..jpg,legacy/v1-bucket/f4/f4066a582ca8cd637df2ab285e756b2a.jpg,425809,f4066a582ca8cd637df2ab285e756b2a
IdeiaDesenho/ych402..jpg,legacy/v1-bucket/f5/f569aad8a8e8c6568db04dc428ddf465.jpg,274316,f569aad8a8e8c6568db04dc428ddf465
IdeiaDesenho/ych403..jpg,legacy/v1-bucket/1b/1b084ab78e29c64eef8f97efdc29e996.jpg,199846,1b084ab78e29c64eef8f97efdc29e996
IdeiaDesenho/ych404..jpg,legacy/v1-bucket/e2/e21b75e3559ffe1dda0b458e12dc675a.jpg,322859,e21b75e3559ffe1dda0b458e12dc675a
IdeiaDesenho/ych405..jpg,legacy/v1-bucket/19/19d3e82daf5b23fa6cb4e3d996ace57e.jpg,169983,19d3e82daf5b23fa6cb4e3d996ace57e
IdeiaDesenho/ych406..jpg,legacy/v1-bucket/5a/5a1ed03c789256cb790b7b65f8661acd.jpg,336090,5a1ed03c789256cb790b7b65f8661acd
IdeiaDesenho/ych407..jpg,legacy/v1-bucket/93/93731556c33619854fb2e319b576e08d.jpg,487841,93731556c33619854fb2e319b576e08d
IdeiaDesenho/ych408..jpg,legacy/v1-bucket/02/02bdead1057fe868bbcb26f81b587186.jpg,386109,02bdead1057fe868bbcb26f81b587186
IdeiaDesenho/ych409..jpg,legacy/v1-bucket/3f/3f668c78499fc83cc2757e5ba9856509.jpg,309213,3f668c78499fc83cc2757e5ba9856509
IdeiaDesenho/ych41..png,legacy/v1-bucket/a1/a1c60942fa1b771062aae98ab31aed41.png,206156,a1c60942fa1b771062aae98ab31aed41
IdeiaDesenho/ych410..jpg,legacy/v1-bucket/69/69d382b258936f4e7456df2649e4afdc.jpg,416280,69d382b258936f4e7456df2649e4afdc
IdeiaDesenho/ych411..jpg,legacy/v1-bucket/d3/d31fd09e7c8a1be33d268bd3ab8a5118.jpg,357938,d31fd09e7c8a1be33d268bd3ab8a5118
IdeiaDesenho/ych412..jpg,legacy/v1-bucket/e5/e581c19b79d3e8ec9218e119f6eb7c5b.jpg,396928,e581c19b79d3e8ec9218e119f6eb7c5b
IdeiaDesenho/ych413..jpg,legacy/v1-bucket/94/94a0ce39da0597cabc7dc585110c2c27.jpg,330101,94a0ce39da0597cabc7dc585110c2c27
IdeiaDesenho/ych414..jpg,legacy/v1-bucket/df/df7a535796ad8343ccc9371986de78c1.jpg,187841,df7a535796ad8343ccc9371986de78c1
IdeiaDesenho/ych415..jpg,legacy/v1-bucket/93/9387e7aa727dff0d3a743991e127af60.jpg,230824,9387e7aa727dff0d3a743991e127af60
IdeiaDesenho/ych416..jpg,legacy/v1-bucket/5e/5e4e08ef3203ee267eefa9af3665cd1f.jpg,355658,5e4e08ef3203ee267eefa9af3665cd1f
IdeiaDesenho/ych417..jpg,legacy/v1-bucket/1b/1b72e50604705fcdfdf3eda6b1406989.jpg,379779,1b72e50604705fcdfdf3eda6b1406989
IdeiaDesenho/ych418..jpg,legacy/v1-bucket/f0/f075fd76227d22d6cfdfe3083fa80bfb.jpg,188388,f075fd76227d22d6cfdfe3083fa80bfb
IdeiaDesenho/ych419..jpg,legacy/v1-bucket/eb/ebb897b7bf355e728c7fc51848f832f6.jpg,318723,ebb897b7bf355e728c7fc51848f832f6
IdeiaDesenho/ych420..jpg,legacy/v1-bucket/e1/e10693ecad9e26e9dc5d461c2dd708f6.jpg,417759,e10693ecad9e26e9dc5d461c2dd708f6
IdeiaDesenho/ych421..jpg,legacy/v1-bucket/a7/a7c855e0f041b404ec686f143cba2e7a.jpg,176018,a7c855e0f041b404ec686f143cba2e7a
IdeiaDesenho/ych422..jpg,legacy/v1-bucket/93/93c6a3c19cca521d15e42eda38c88336.jpg,323706,93c6a3c19cca521d15e42eda38c88336
IdeiaDesenho/ych423..jpg,legacy/v1-bucket/29/29cb3136d53ec08f3db4c946392f4c6f.jpg,293336,29cb3136d53ec08f3db4c946392f4c6f
IdeiaDesenho/ych424..jpg,legacy/v1-bucket/36/36073e9b6ba3bab06b9d7b1885539517.jpg,191109,36073e9b6ba3bab06b9d7b1885539517
IdeiaDesenho/ych425..jpg,legacy/v1-bucket/af/af89ff9029753f46633e5c3201a5e038.jpg,437372,af89ff9029753f46633e5c3201a5e038
IdeiaDesenho/ych426..jpg,legacy/v1-bucket/f4/f4ce392a1a1bc9e85cdc770110f904dc.jpg,362141,f4ce392a1a1bc9e85cdc770110f904dc
IdeiaDesenho/ych427..jpg,legacy/v1-bucket/53/534ff0d441516e6462924a41a3a6a689.jpg,273886,534ff0d441516e6462924a41a3a6a689
IdeiaDesenho/ych428..jpg,legacy/v1-bucket/2e/2e25d408da9289bef68be177b42bb91d.jpg,798541,2e25d408da9289bef68be177b42bb91d
IdeiaDesenho/ych429..jpg,legacy/v1-bucket/30/3006d2c4d2c62448c4eda757d5834e77.jpg,208875,3006d2c4d2c62448c4eda757d5834e77
IdeiaDesenho/ych43..jpg,legacy/v1-bucket/10/101f5fd3f7a0e35442d9181df8a853a9.jpg,59154,101f5fd3f7a0e35442d9181df8a853a9
IdeiaDesenho/ych430..jpg,legacy/v1-bucket/b0/b0bab2e1374c0a1fbae9d272080fde9c.jpg,439654,b0bab2e1374c0a1fbae9d272080fde9c
IdeiaDesenho/ych431..jpg,legacy/v1-bucket/f2/f2ac56aca0ba4a30372e3120cf21acd0.jpg,452313,f2ac56aca0ba4a30372e3120cf21acd0
IdeiaDesenho/ych432..jpg,legacy/v1-bucket/53/53de6980ed2ede7c1ab1faf0fbda45a0.jpg,565412,53de6980ed2ede7c1ab1faf0fbda45a0
IdeiaDesenho/ych433..jpg,legacy/v1-bucket/dc/dcaf3d5d31f0603d02cbca63b77e8ad6.jpg,160471,dcaf3d5d31f0603d02cbca63b77e8ad6
IdeiaDesenho/ych434..jpg,legacy/v1-bucket/8f/8fe0a6d92e0bb24a674524bb91aea3bc.jpg,402109,8fe0a6d92e0bb24a674524bb91aea3bc
IdeiaDesenho/ych435..jpg,legacy/v1-bucket/3f/3f26dbfda308d61d578a4e41451fd3d3.jpg,409967,3f26dbfda308d61d578a4e41451fd3d3
IdeiaDesenho/ych436..jpg,legacy/v1-bucket/fc/fc6c299de9fc8bee941306f1d5effbe8.jpg,199868,fc6c299de9fc8bee941306f1d5effbe8
IdeiaDesenho/ych437..jpg,legacy/v1-bucket/be/befdc1bcfc68fdac7008419fc871a097.jpg,500241,befdc1bcfc68fdac7008419fc871a097
IdeiaDesenho/ych438..jpg,legacy/v1-bucket/e2/e2fc6125064f25efe8ee81b77aefd169.jpg,354209,e2fc6125064f25efe8ee81b77aefd169
IdeiaDesenho/ych439..jpg,legacy/v1-bucket/4f/4f2d096e81a992a9ea7aa670adc6ae70.jpg,514151,4f2d096e81a992a9ea7aa670adc6ae70
IdeiaDesenho/ych44..jpg,legacy/v1-bucket/53/537dabf8409c6592f5b4cac73e8a9fc5.jpg,69524,537dabf8409c6592f5b4cac73e8a9fc5
IdeiaDesenho/ych440..jpg,legacy/v1-bucket/0a/0abcbafb4f2e1d664293bbeb42fa07e5.jpg,628396,0abcbafb4f2e1d664293bbeb42fa07e5
IdeiaDesenho/ych441..jpg,legacy/v1-bucket/84/84d0f439130f8780bd1cf2b88e2e2028.jpg,474239,84d0f439130f8780bd1cf2b88e2e2028
IdeiaDesenho/ych442..jpg,legacy/v1-bucket/58/588288364ae36611ad1f38b69b8d3165.jpg,530820,588288364ae36611ad1f38b69b8d3165
IdeiaDesenho/ych443..jpg,legacy/v1-bucket/18/18bd399bd1f72d08b3f15ae6c85852d1.jpg,194977,18bd399bd1f72d08b3f15ae6c85852d1
IdeiaDesenho/ych444..jpg,legacy/v1-bucket/eb/ebfc629537dbe092aa6a2c3842850d0e.jpg,456230,ebfc629537dbe092aa6a2c3842850d0e
IdeiaDesenho/ych445..jpg,legacy/v1-bucket/c8/c84e767b2bf8b8ec183bd2b142fc6590.jpg,425785,c84e767b2bf8b8ec183bd2b142fc6590
IdeiaDesenho/ych446..jpg,legacy/v1-bucket/d1/d1eab6e8e52989bf32743195addaefed.jpg,196695,d1eab6e8e52989bf32743195addaefed
IdeiaDesenho/ych447..jpg,legacy/v1-bucket/f5/f528444ba1b733c148b0be86155a0f6c.jpg,561635,f528444ba1b733c148b0be86155a0f6c
IdeiaDesenho/ych448..jpg,legacy/v1-bucket/af/af5cac53c0ce886cbfa7fcd4f1720761.jpg,474832,af5cac53c0ce886cbfa7fcd4f1720761
IdeiaDesenho/ych449..jpg,legacy/v1-bucket/4a/4a5d15705b7613508a8abbe5b14fa9f3.jpg,319407,4a5d15705b7613508a8abbe5b14fa9f3
IdeiaDesenho/ych45..jpg,legacy/v1-bucket/8a/8aa2b6709f7bc2f3eb92a336ffd47c29.jpg,114654,8aa2b6709f7bc2f3eb92a336ffd47c29
IdeiaDesenho/ych450..jpg,legacy/v1-bucket/9a/9aacb24898d69207cc1105ce95c5386d.jpg,612884,9aacb24898d69207cc1105ce95c5386d
IdeiaDesenho/ych451..jpg,legacy/v1-bucket/60/60a084aaa09e7fab9c27526b8221d7f3.jpg,359334,60a084aaa09e7fab9c27526b8221d7f3
IdeiaDesenho/ych452..jpg,legacy/v1-bucket/a2/a2b70a3d9362c8bb51c7dcdba28a70bf.jpg,327383,a2b70a3d9362c8bb51c7dcdba28a70bf
IdeiaDesenho/ych453..jpg,legacy/v1-bucket/98/98be4f64e18b5ff552bd229a78eb9c5b.jpg,270919,98be4f64e18b5ff552bd229a78eb9c5b
IdeiaDesenho/ych454..jpg,legacy/v1-bucket/c6/c6b753ce7be8c20b0fe91574924da58a.jpg,437741,c6b753ce7be8c20b0fe91574924da58a
IdeiaDesenho/ych455..jpg,legacy/v1-bucket/85/85023b1d86b003a14a66628013d677aa.jpg,705412,85023b1d86b003a14a66628013d677aa
IdeiaDesenho/ych456..jpg,legacy/v1-bucket/ac/aca515a68982c170582ce3c37369631f.jpg,287438,aca515a68982c170582ce3c37369631f
IdeiaDesenho/ych457..jpg,legacy/v1-bucket/1d/1d2c8552a2b6415d6e629dd72fa27135.jpg,420695,1d2c8552a2b6415d6e629dd72fa27135
IdeiaDesenho/ych458..jpg,legacy/v1-bucket/15/15038e05fb2d1e4c7d738601541c55c0.jpg,256422,15038e05fb2d1e4c7d738601541c55c0
IdeiaDesenho/ych459..jpg,legacy/v1-bucket/01/0168812ef1e0107953ce3601aa6c1614.jpg,210553,0168812ef1e0107953ce3601aa6c1614
IdeiaDesenho/ych46..jpg,legacy/v1-bucket/d7/d77cd87b40a1da892b20b3d698a2d119.jpg,62536,d77cd87b40a1da892b20b3d698a2d119
IdeiaDesenho/ych460..jpg,legacy/v1-bucket/73/7326652aed82cf3734a4dbcce0772c41.jpg,355863,7326652aed82cf3734a4dbcce0772c41
IdeiaDesenho/ych461..jpg,legacy/v1-bucket/68/68fd9d7dfdddc37b9c06f3f22e4049f0.jpg,302227,68fd9d7dfdddc37b9c06f3f22e4049f0
IdeiaDesenho/ych462..jpg,legacy/v1-bucket/1b/1b80eab7cfe288cca75743f1e3dbb29c.jpg,233477,1b80eab7cfe288cca75743f1e3dbb29c
IdeiaDesenho/ych463..jpg,legacy/v1-bucket/51/5100b5e74f8af0a577b2c57847f28729.jpg,293133,5100b5e74f8af0a577b2c57847f28729
IdeiaDesenho/ych464..jpg,legacy/v1-bucket/4a/4a85994027c034ba56decb0947f636f0.jpg,408105,4a85994027c034ba56decb0947f636f0
IdeiaDesenho/ych465..jpg,legacy/v1-bucket/73/73e6a696a12643f9290a737e47d16a52.jpg,289202,73e6a696a12643f9290a737e47d16a52
IdeiaDesenho/ych466..jpg,legacy/v1-bucket/e5/e589896049c0c864479bb14ba65c8c9b.jpg,489465,e589896049c0c864479bb14ba65c8c9b
IdeiaDesenho/ych467..jpg,legacy/v1-bucket/d7/d7bc047bd4e21eb6cfa60bc4be3b1958.jpg,432501,d7bc047bd4e21eb6cfa60bc4be3b1958
IdeiaDesenho/ych468..jpg,legacy/v1-bucket/77/77548c171f025eeada575faad91c584a.jpg,502698,77548c171f025eeada575faad91c584a
IdeiaDesenho/ych469..jpg,legacy/v1-bucket/3b/3b7dc056c82d618a279f5751b3bce5bf.jpg,735043,3b7dc056c82d618a279f5751b3bce5bf
IdeiaDesenho/ych47..jpg,legacy/v1-bucket/de/de36dd47a840dd1eff10364f1c7e9426.jpg,35411,de36dd47a840dd1eff10364f1c7e9426
IdeiaDesenho/ych470..jpg,legacy/v1-bucket/5e/5ef58dacebea22d7d23f643353789279.jpg,179210,5ef58dacebea22d7d23f643353789279
IdeiaDesenho/ych471..jpg,legacy/v1-bucket/7a/7af51380b0644957ec3aad6ea90d5bf5.jpg,724629,7af51380b0644957ec3aad6ea90d5bf5
IdeiaDesenho/ych472..jpg,legacy/v1-bucket/39/39e8c58d779b58676865ec97084a3584.jpg,350714,39e8c58d779b58676865ec97084a3584
IdeiaDesenho/ych473..jpg,legacy/v1-bucket/08/08c7dfee0de0440b9a1305c403a5fcc8.jpg,276473,08c7dfee0de0440b9a1305c403a5fcc8
IdeiaDesenho/ych474..jpg,legacy/v1-bucket/35/35c3ddbf6a60f4d0afe66372df98ad6c.jpg,390675,35c3ddbf6a60f4d0afe66372df98ad6c
IdeiaDesenho/ych475..jpg,legacy/v1-bucket/ce/ce63aa04d2500fd499efdeb2e1b49206.jpg,500087,ce63aa04d2500fd499efdeb2e1b49206
IdeiaDesenho/ych476..jpg,legacy/v1-bucket/a6/a6c37b0f43dbc240c717ac7a0a5234c6.jpg,489696,a6c37b0f43dbc240c717ac7a0a5234c6
IdeiaDesenho/ych477..jpg,legacy/v1-bucket/5e/5edcb2a62b611463c005760f0125dd92.jpg,536483,5edcb2a62b611463c005760f0125dd92
IdeiaDesenho/ych478..jpg,legacy/v1-bucket/ff/ff29cdf8466443e52107ed7b821f95c7.jpg,209051,ff29cdf8466443e52107ed7b821f95c7
IdeiaDesenho/ych479..jpg,legacy/v1-bucket/22/22c92e705910bc892748a6d29bb5f1f9.jpg,345266,22c92e705910bc892748a6d29bb5f1f9
IdeiaDesenho/ych48..png,legacy/v1-bucket/62/626023eb4772e7f4cf13418d28bc60e8.png,202714,626023eb4772e7f4cf13418d28bc60e8
IdeiaDesenho/ych480..jpg,legacy/v1-bucket/7a/7afd6f1c23e5bde9907b527beea0f50a.jpg,507989,7afd6f1c23e5bde9907b527beea0f50a
IdeiaDesenho/ych481..jpg,legacy/v1-bucket/07/074ee92605b04b5b1782c33a1472497f.jpg,426104,074ee92605b04b5b1782c33a1472497f
IdeiaDesenho/ych482..jpg,legacy/v1-bucket/85/85d8fe5e63bba28837762f28affc58d6.jpg,560457,85d8fe5e63bba28837762f28affc58d6
IdeiaDesenho/ych483..jpg,legacy/v1-bucket/34/34e1e728763e37383173fb127d69b9ea.jpg,634445,34e1e728763e37383173fb127d69b9ea
IdeiaDesenho/ych484..jpg,legacy/v1-bucket/2c/2ce7cb58595b41a3d84e8d9a8b738afe.jpg,594678,2ce7cb58595b41a3d84e8d9a8b738afe
IdeiaDesenho/ych485..jpg,legacy/v1-bucket/9b/9b8c103bc2a2636075d75aef6f24c9ca.jpg,322240,9b8c103bc2a2636075d75aef6f24c9ca
IdeiaDesenho/ych486..jpg,legacy/v1-bucket/b6/b6e84f2a62702720dbb3d9be7eb774bb.jpg,294695,b6e84f2a62702720dbb3d9be7eb774bb
IdeiaDesenho/ych487..jpg,legacy/v1-bucket/b8/b8bdfafd2f78c8e26d2140975d16abb2.jpg,582096,b8bdfafd2f78c8e26d2140975d16abb2
IdeiaDesenho/ych488..jpg,legacy/v1-bucket/00/006a5fc6a59b530b101f6b3a730eae1c.jpg,336658,006a5fc6a59b530b101f6b3a730eae1c
IdeiaDesenho/ych489..jpg,legacy/v1-bucket/1b/1b2b8eb9181897cf0fbeb4e4f251dfa5.jpg,493294,1b2b8eb9181897cf0fbeb4e4f251dfa5
IdeiaDesenho/ych49..png,legacy/v1-bucket/d8/d8ded97f521ae3460ad735c88bd0e13c.png,815822,d8ded97f521ae3460ad735c88bd0e13c
IdeiaDesenho/ych490..jpg,legacy/v1-bucket/42/425b11df3122fe341576c6e20cc31040.jpg,522557,425b11df3122fe341576c6e20cc31040
IdeiaDesenho/ych491..jpg,legacy/v1-bucket/4d/4d683c890a65269d5e026bc5ef5a1174.jpg,202466,4d683c890a65269d5e026bc5ef5a1174
IdeiaDesenho/ych492..jpg,legacy/v1-bucket/ae/ae3383e4d74b077637cc235f2ae097b5.jpg,671512,ae3383e4d74b077637cc235f2ae097b5
IdeiaDesenho/ych493..jpg,legacy/v1-bucket/c6/c6311c6b9a728b338f4d5ae021f6a97d.jpg,212098,c6311c6b9a728b338f4d5ae021f6a97d
IdeiaDesenho/ych494..jpg,legacy/v1-bucket/69/698a438d9c8550fd980c58316c852079.jpg,273411,698a438d9c8550fd980c58316c852079
IdeiaDesenho/ych495..jpg,legacy/v1-bucket/10/1022a0858c2a5a60e9eca3ba61e12ebd.jpg,285336,1022a0858c2a5a60e9eca3ba61e12ebd
IdeiaDesenho/ych496..jpg,legacy/v1-bucket/cb/cb316e798814d5fb6b698b2c628b3e2a.jpg,415262,cb316e798814d5fb6b698b2c628b3e2a
IdeiaDesenho/ych497..jpg,legacy/v1-bucket/2e/2e67a6ef2f5f077db75ad2f49a1318b0.jpg,171798,2e67a6ef2f5f077db75ad2f49a1318b0
IdeiaDesenho/ych498..jpg,legacy/v1-bucket/cb/cb0b6d75fc2dd007191b2aaec2ff918a.jpg,476975,cb0b6d75fc2dd007191b2aaec2ff918a
IdeiaDesenho/ych499..jpg,legacy/v1-bucket/25/255f66b3f13eea02b5549f625cfc94b3.jpg,223421,255f66b3f13eea02b5549f625cfc94b3
IdeiaDesenho/ych50..jpg,legacy/v1-bucket/8b/8b6404e80c83651cbb4c7cd71c77d909.jpg,25999,8b6404e80c83651cbb4c7cd71c77d909
IdeiaDesenho/ych500..jpg,legacy/v1-bucket/0d/0da54c6889195b946ab96bf0b587e1ef.jpg,335008,0da54c6889195b946ab96bf0b587e1ef
IdeiaDesenho/ych501..jpg,legacy/v1-bucket/a5/a5fe922634e48ba32c386460dc977fab.jpg,394152,a5fe922634e48ba32c386460dc977fab
IdeiaDesenho/ych502..jpg,legacy/v1-bucket/5e/5e26f8be9ade5514247f559f4836bf3c.jpg,262338,5e26f8be9ade5514247f559f4836bf3c
IdeiaDesenho/ych503..jpg,legacy/v1-bucket/7e/7e6a78599ff7dba92e95e1a1b287b0ae.jpg,339019,7e6a78599ff7dba92e95e1a1b287b0ae
IdeiaDesenho/ych504..jpg,legacy/v1-bucket/61/6196d547ba969ae8cad9eef9c6bda45f.jpg,178933,6196d547ba969ae8cad9eef9c6bda45f
IdeiaDesenho/ych505..jpg,legacy/v1-bucket/9a/9a3d49d91dfe029d47a1613487873431.jpg,403640,9a3d49d91dfe029d47a1613487873431
IdeiaDesenho/ych506..jpg,legacy/v1-bucket/a3/a3a3ab0bf567b15bfc7cf57fe24b110f.jpg,271874,a3a3ab0bf567b15bfc7cf57fe24b110f
IdeiaDesenho/ych507..jpg,legacy/v1-bucket/b2/b22c5fb879e12c35513ba9ba57a72ab9.jpg,251316,b22c5fb879e12c35513ba9ba57a72ab9
IdeiaDesenho/ych508..jpg,legacy/v1-bucket/60/60e1d4739c9e41717fc2e9925783164a.jpg,443206,60e1d4739c9e41717fc2e9925783164a
IdeiaDesenho/ych509..jpg,legacy/v1-bucket/31/3162502c6b7de4b164bc819cc5f993a0.jpg,367814,3162502c6b7de4b164bc819cc5f993a0
IdeiaDesenho/ych51..jpg,legacy/v1-bucket/c2/c22443b480b601e9976513b6770df7a0.jpg,119929,c22443b480b601e9976513b6770df7a0
IdeiaDesenho/ych51..png,legacy/v1-bucket/f1/f1b2019585286efa1183324792340d5d.png,394993,f1b2019585286efa1183324792340d5d
IdeiaDesenho/ych510..jpg,legacy/v1-bucket/31/3183b06d6c4b211df1f54fdb401473bf.jpg,195257,3183b06d6c4b211df1f54fdb401473bf
IdeiaDesenho/ych511..jpg,legacy/v1-bucket/3a/3a98ab6f4ba8375f3d19f788197033a4.jpg,474349,3a98ab6f4ba8375f3d19f788197033a4
IdeiaDesenho/ych512..jpg,legacy/v1-bucket/90/90ee3efe3d363006364930b2d20e9224.jpg,404555,90ee3efe3d363006364930b2d20e9224
IdeiaDesenho/ych513..jpg,legacy/v1-bucket/3c/3ce718c8e267163201fe26a9d8b264d6.jpg,353657,3ce718c8e267163201fe26a9d8b264d6
IdeiaDesenho/ych514..jpg,legacy/v1-bucket/a9/a9132ae5d853080f5e52f4fb77da433e.jpg,380159,a9132ae5d853080f5e52f4fb77da433e
IdeiaDesenho/ych515..jpg,legacy/v1-bucket/3f/3f0e644593b4b1a5e3c06e0a590ef8a9.jpg,477777,3f0e644593b4b1a5e3c06e0a590ef8a9
IdeiaDesenho/ych516..jpg,legacy/v1-bucket/e8/e827eb7c4b1494ec29c6ed6991887a90.jpg,324647,e827eb7c4b1494ec29c6ed6991887a90
IdeiaDesenho/ych517..jpg,legacy/v1-bucket/75/75d07830715aab47a37fb69e1b6fe37d.jpg,228221,75d07830715aab47a37fb69e1b6fe37d
IdeiaDesenho/ych518..jpg,legacy/v1-bucket/6a/6aa3a92caa5126d7aa0d4def46c4eccb.jpg,701575,6aa3a92caa5126d7aa0d4def46c4eccb
IdeiaDesenho/ych519..jpg,legacy/v1-bucket/f2/f23f8985b48f67481a6f28d7201ff1f5.jpg,558823,f23f8985b48f67481a6f28d7201ff1f5
IdeiaDesenho/ych52..gif,legacy/v1-bucket/c8/c84e2f34d84c9e5366662317f59c2e87.gif,326131,c84e2f34d84c9e5366662317f59c2e87
IdeiaDesenho/ych520..jpg,legacy/v1-bucket/a1/a145954bd98d163997482c31e35042a0.jpg,212634,a145954bd98d163997482c31e35042a0
IdeiaDesenho/ych521..jpg,legacy/v1-bucket/c1/c1066c5c7ce358dee38bc7d8a5408360.jpg,880360,c1066c5c7ce358dee38bc7d8a5408360
IdeiaDesenho/ych522..jpg,legacy/v1-bucket/ab/abb49052785811510ed206702ab4d22d.jpg,412081,abb49052785811510ed206702ab4d22d
IdeiaDesenho/ych523..jpg,legacy/v1-bucket/8a/8a5cf09e04d85afca31c46ba505b6914.jpg,767875,8a5cf09e04d85afca31c46ba505b6914
IdeiaDesenho/ych524..jpg,legacy/v1-bucket/40/40ae570affb57333b4d58fe7bdb206ea.jpg,389641,40ae570affb57333b4d58fe7bdb206ea
IdeiaDesenho/ych525..jpg,legacy/v1-bucket/ea/ea42b3da31005ec5627e477d4c5ff29d.jpg,323898,ea42b3da31005ec5627e477d4c5ff29d
IdeiaDesenho/ych526..jpg,legacy/v1-bucket/43/43373c9e69c08865e18b8b394ddc221e.jpg,579980,43373c9e69c08865e18b8b394ddc221e
IdeiaDesenho/ych527..jpg,legacy/v1-bucket/85/8590879c0a4e584a2996518efb550fc6.jpg,540964,8590879c0a4e584a2996518efb550fc6
IdeiaDesenho/ych528..jpg,legacy/v1-bucket/14/14f43dd18c0979bd93330d14ba38cbaa.jpg,217889,14f43dd18c0979bd93330d14ba38cbaa
IdeiaDesenho/ych529..jpg,legacy/v1-bucket/3b/3b4d09f39aca1326ba76184d721a917d.jpg,345583,3b4d09f39aca1326ba76184d721a917d
IdeiaDesenho/ych53..jpg,legacy/v1-bucket/8d/8d3477c18a6995fd770d21a15e557471.jpg,55204,8d3477c18a6995fd770d21a15e557471
IdeiaDesenho/ych530..jpg,legacy/v1-bucket/b3/b39ae2e1c48aa03e68698e76b0359370.jpg,531863,b39ae2e1c48aa03e68698e76b0359370
IdeiaDesenho/ych531..jpg,legacy/v1-bucket/20/206244c15d5fe6808ad1b28cb4c5fc0d.jpg,423575,206244c15d5fe6808ad1b28cb4c5fc0d
IdeiaDesenho/ych532..jpg,legacy/v1-bucket/72/72fecfc9c48bb693ed8b38824113a2ae.jpg,322045,72fecfc9c48bb693ed8b38824113a2ae
IdeiaDesenho/ych533..jpg,legacy/v1-bucket/27/27c6e8e1963ecc1483548f03fb46f0bd.jpg,251506,27c6e8e1963ecc1483548f03fb46f0bd
IdeiaDesenho/ych534..jpg,legacy/v1-bucket/2d/2d2855064babaf0205849c3ceb3ad505.jpg,665252,2d2855064babaf0205849c3ceb3ad505
IdeiaDesenho/ych535..jpg,legacy/v1-bucket/56/5639e5ee2e31aa17ca2e160f4000a96a.jpg,637909,5639e5ee2e31aa17ca2e160f4000a96a
IdeiaDesenho/ych536..jpg,legacy/v1-bucket/1d/1db33d8072d87430dedc492b6d9fb02a.jpg,379978,1db33d8072d87430dedc492b6d9fb02a
IdeiaDesenho/ych537..jpg,legacy/v1-bucket/44/441cf7964697ef9593b448207bf82f99.jpg,383908,441cf7964697ef9593b448207bf82f99
IdeiaDesenho/ych538..jpg,legacy/v1-bucket/f7/f7ff63d02df7e60805ddc87d88d6caa0.jpg,475985,f7ff63d02df7e60805ddc87d88d6caa0
IdeiaDesenho/ych539..jpg,legacy/v1-bucket/21/21e6d9452be98c4d6f1dceff5ec2ed0d.jpg,679703,21e6d9452be98c4d6f1dceff5ec2ed0d
IdeiaDesenho/ych54..jpg,legacy/v1-bucket/89/893f3dec1a7a859b74f7d7253aad9f22.jpg,24342,893f3dec1a7a859b74f7d7253aad9f22
IdeiaDesenho/ych540..jpg,legacy/v1-bucket/f9/f9a703739f4c49dcb7337262be54dbf0.jpg,641712,f9a703739f4c49dcb7337262be54dbf0
IdeiaDesenho/ych541..jpg,legacy/v1-bucket/89/89ec53f454e7c2aee96eb26876b62f2e.jpg,357964,89ec53f454e7c2aee96eb26876b62f2e
IdeiaDesenho/ych542..jpg,legacy/v1-bucket/3c/3cbe48e0381691d03bd90ae0c7b41f16.jpg,363860,3cbe48e0381691d03bd90ae0c7b41f16
IdeiaDesenho/ych543..jpg,legacy/v1-bucket/24/24d4d90d4456e53a123053846e3d577b.jpg,330643,24d4d90d4456e53a123053846e3d577b
IdeiaDesenho/ych544..jpg,legacy/v1-bucket/b8/b8aca8dfb388f6fcbe46e31a56393e9d.jpg,284347,b8aca8dfb388f6fcbe46e31a56393e9d
IdeiaDesenho/ych545..jpg,legacy/v1-bucket/0d/0dd01e4a9b9cdadb549c601e5a16871f.jpg,401827,0dd01e4a9b9cdadb549c601e5a16871f
IdeiaDesenho/ych546..jpg,legacy/v1-bucket/86/86e689f37d15c94bab93371e411d7841.jpg,426023,86e689f37d15c94bab93371e411d7841
IdeiaDesenho/ych547..jpg,legacy/v1-bucket/63/63c83f5af5638c7b16e6374a11035c48.jpg,370326,63c83f5af5638c7b16e6374a11035c48
IdeiaDesenho/ych548..jpg,legacy/v1-bucket/7c/7cd0e0447e1d463fd1e9acc2b28e1b91.jpg,243931,7cd0e0447e1d463fd1e9acc2b28e1b91
IdeiaDesenho/ych549..jpg,legacy/v1-bucket/ec/ece647ae7741ba42989949897f826e6d.jpg,736176,ece647ae7741ba42989949897f826e6d
IdeiaDesenho/ych55..jpg,legacy/v1-bucket/2a/2a0d0c041e1f16e4fde9c4189ce40907.jpg,64731,2a0d0c041e1f16e4fde9c4189ce40907
IdeiaDesenho/ych550..jpg,legacy/v1-bucket/26/26ac9bb37d7685e4b120ba8054d2c557.jpg,640837,26ac9bb37d7685e4b120ba8054d2c557
IdeiaDesenho/ych551..jpg,legacy/v1-bucket/d1/d1fc4d733b1d64a7970985a020d77cb4.jpg,562040,d1fc4d733b1d64a7970985a020d77cb4
IdeiaDesenho/ych552..jpg,legacy/v1-bucket/c9/c99ff24e099baefd10ac34e8d44c09bd.jpg,329954,c99ff24e099baefd10ac34e8d44c09bd
IdeiaDesenho/ych553..jpg,legacy/v1-bucket/74/74df01d9198113144f1501a86fc5d5e3.jpg,401969,74df01d9198113144f1501a86fc5d5e3
IdeiaDesenho/ych554..jpg,legacy/v1-bucket/fa/fa1e336287938fbffa45a6e84eed8397.jpg,171899,fa1e336287938fbffa45a6e84eed8397
IdeiaDesenho/ych555..jpg,legacy/v1-bucket/54/54d7f451b683bc5e840f9199ae2ceada.jpg,669199,54d7f451b683bc5e840f9199ae2ceada
IdeiaDesenho/ych556..jpg,legacy/v1-bucket/c2/c2a82c7040ec44305bb54064affc53ce.jpg,466567,c2a82c7040ec44305bb54064affc53ce
IdeiaDesenho/ych557..jpg,legacy/v1-bucket/9d/9df063afbd748e216f0c40da47d1a58c.jpg,255748,9df063afbd748e216f0c40da47d1a58c
IdeiaDesenho/ych558..jpg,legacy/v1-bucket/5f/5f5b0fa2fea97795350886eb74fe8d02.jpg,261989,5f5b0fa2fea97795350886eb74fe8d02
IdeiaDesenho/ych559..jpg,legacy/v1-bucket/90/907c4754cc08602f278226a80d39454f.jpg,374868,907c4754cc08602f278226a80d39454f
IdeiaDesenho/ych56..jpg,legacy/v1-bucket/0b/0b81c117e5c03aef03de198aefb4ac06.jpg,50216,0b81c117e5c03aef03de198aefb4ac06
IdeiaDesenho/ych560..jpg,legacy/v1-bucket/f1/f178347dafe2d9f4ad09dccdb7fef00d.jpg,265978,f178347dafe2d9f4ad09dccdb7fef00d
IdeiaDesenho/ych561..jpg,legacy/v1-bucket/45/45c5fafe0e78f336014b2412bcedeee3.jpg,469710,45c5fafe0e78f336014b2412bcedeee3
IdeiaDesenho/ych562..jpg,legacy/v1-bucket/5a/5a97a7da917cac72e0801039a92f72dd.jpg,260898,5a97a7da917cac72e0801039a92f72dd
IdeiaDesenho/ych563..jpg,legacy/v1-bucket/86/8632940f9aa7069e50f41cedc4057e21.jpg,584676,8632940f9aa7069e50f41cedc4057e21
IdeiaDesenho/ych564..jpg,legacy/v1-bucket/56/5679b6c8bbddad79e852309c75cdbf8d.jpg,366141,5679b6c8bbddad79e852309c75cdbf8d
IdeiaDesenho/ych565..jpg,legacy/v1-bucket/86/86c2109bc5606e3fa2c99f4e31cabde7.jpg,357514,86c2109bc5606e3fa2c99f4e31cabde7
IdeiaDesenho/ych566..jpg,legacy/v1-bucket/c4/c4f373a26c58e7f0aa85d615c0555f8a.jpg,269424,c4f373a26c58e7f0aa85d615c0555f8a
IdeiaDesenho/ych567..jpg,legacy/v1-bucket/25/25ce8e7df290283bbcc9809a292f3dd4.jpg,458979,25ce8e7df290283bbcc9809a292f3dd4
IdeiaDesenho/ych568..jpg,legacy/v1-bucket/29/29b2494bae3482d93794fe6c9a82dde9.jpg,223098,29b2494bae3482d93794fe6c9a82dde9
IdeiaDesenho/ych569..jpg,legacy/v1-bucket/d7/d765cf10f6ff907e86e62b1b78918eee.jpg,407727,d765cf10f6ff907e86e62b1b78918eee
IdeiaDesenho/ych57..jpg,legacy/v1-bucket/46/46027d54828de3574de1d1e1bcb6f389.jpg,141974,46027d54828de3574de1d1e1bcb6f389
IdeiaDesenho/ych570..jpg,legacy/v1-bucket/c9/c981ea8c356f76056fd8a948018e8e5b.jpg,411864,c981ea8c356f76056fd8a948018e8e5b
IdeiaDesenho/ych571..jpg,legacy/v1-bucket/44/447228de55bccfa29864cce9fc744da9.jpg,317172,447228de55bccfa29864cce9fc744da9
IdeiaDesenho/ych572..jpg,legacy/v1-bucket/e3/e342a80544e782f6bb31bb8ec01ef057.jpg,746293,e342a80544e782f6bb31bb8ec01ef057
IdeiaDesenho/ych573..jpg,legacy/v1-bucket/63/6335897bd822c59704a4434d8741a292.jpg,287452,6335897bd822c59704a4434d8741a292
IdeiaDesenho/ych574..jpg,legacy/v1-bucket/0d/0d8b6bf7a9be5908798192ac3a92b76b.jpg,428912,0d8b6bf7a9be5908798192ac3a92b76b
IdeiaDesenho/ych575..jpg,legacy/v1-bucket/89/898a5ab92adc6b1d3705fddab65afc14.jpg,334732,898a5ab92adc6b1d3705fddab65afc14
IdeiaDesenho/ych576..jpg,legacy/v1-bucket/ac/ac9e60ccaa0eede5b44a858fff4cb88e.jpg,273323,ac9e60ccaa0eede5b44a858fff4cb88e
IdeiaDesenho/ych577..jpg,legacy/v1-bucket/b6/b6b3d0951047855616af95522cc1766a.jpg,756059,b6b3d0951047855616af95522cc1766a
IdeiaDesenho/ych578..jpg,legacy/v1-bucket/a9/a963f8aaa3c144c962ba3e5d73a87246.jpg,334895,a963f8aaa3c144c962ba3e5d73a87246
IdeiaDesenho/ych579..jpg,legacy/v1-bucket/e1/e10485c6bc99912975128e3a50276fe2.jpg,394438,e10485c6bc99912975128e3a50276fe2
IdeiaDesenho/ych58..jpg,legacy/v1-bucket/ec/ec61faa3ea353f731390057ff912f650.jpg,63988,ec61faa3ea353f731390057ff912f650
IdeiaDesenho/ych580..jpg,legacy/v1-bucket/cc/cc8ec482f3cccc45676c655a59fb13fe.jpg,310258,cc8ec482f3cccc45676c655a59fb13fe
IdeiaDesenho/ych581..jpg,legacy/v1-bucket/89/891ef217c4553ce45348d76e23266ebc.jpg,570167,891ef217c4553ce45348d76e23266ebc
IdeiaDesenho/ych582..jpg,legacy/v1-bucket/01/01b94429bc1f3481ce887de04ad77816.jpg,289178,01b94429bc1f3481ce887de04ad77816
IdeiaDesenho/ych583..jpg,legacy/v1-bucket/f9/f91287a99f0c1a76b8212d51be7ef7df.jpg,404153,f91287a99f0c1a76b8212d51be7ef7df
IdeiaDesenho/ych584..jpg,legacy/v1-bucket/05/058914668339a51dcdbf66441324b1b7.jpg,344740,058914668339a51dcdbf66441324b1b7
IdeiaDesenho/ych585..jpg,legacy/v1-bucket/99/9971399988d4f6251b916b857019f6cd.jpg,319114,9971399988d4f6251b916b857019f6cd
IdeiaDesenho/ych587..jpg,legacy/v1-bucket/db/db8cbf473a59e62d14665ab0dc6a91fa.jpg,358903,db8cbf473a59e62d14665ab0dc6a91fa
IdeiaDesenho/ych588..jpg,legacy/v1-bucket/c2/c223477749d0e7a1e08d55e53a266984.jpg,574399,c223477749d0e7a1e08d55e53a266984
IdeiaDesenho/ych589..jpg,legacy/v1-bucket/3e/3e93f74815261eb678419539bd1f8ff9.jpg,292008,3e93f74815261eb678419539bd1f8ff9
IdeiaDesenho/ych59..png,legacy/v1-bucket/84/844e3b08b44243f4f363806351d196b6.png,454208,844e3b08b44243f4f363806351d196b6
IdeiaDesenho/ych590..jpg,legacy/v1-bucket/e7/e7c472bd37d25ccb4f6ae68c00fe9088.jpg,255068,e7c472bd37d25ccb4f6ae68c00fe9088
IdeiaDesenho/ych591..jpg,legacy/v1-bucket/65/65ac9cf7cc3232fe441b2c03035a251d.jpg,207013,65ac9cf7cc3232fe441b2c03035a251d
IdeiaDesenho/ych592..jpg,legacy/v1-bucket/ff/ff299dc4836bc1eb01626ff76ac82569.jpg,762575,ff299dc4836bc1eb01626ff76ac82569
IdeiaDesenho/ych593..jpg,legacy/v1-bucket/66/66a017c59cc9485dc1ae4188bec0ee67.jpg,261498,66a017c59cc9485dc1ae4188bec0ee67
IdeiaDesenho/ych594..jpg,legacy/v1-bucket/44/44e473e81b5fd9cf172c9be9388100cc.jpg,312606,44e473e81b5fd9cf172c9be9388100cc
IdeiaDesenho/ych595..jpg,legacy/v1-bucket/14/146592608cbddd566445f4f27671a941.jpg,414810,146592608cbddd566445f4f27671a941
IdeiaDesenho/ych596..jpg,legacy/v1-bucket/59/593541b02488028cd6e7203f81481252.jpg,388872,593541b02488028cd6e7203f81481252
IdeiaDesenho/ych597..jpg,legacy/v1-bucket/d1/d1d45282e925ddd1ad55d92452707282.jpg,324018,d1d45282e925ddd1ad55d92452707282
IdeiaDesenho/ych598..jpg,legacy/v1-bucket/88/88765eb1f82794843e11f9f139c1f5b2.jpg,148730,88765eb1f82794843e11f9f139c1f5b2
IdeiaDesenho/ych599..jpg,legacy/v1-bucket/74/742f399aa8233958ddc188a040efcc99.jpg,326569,742f399aa8233958ddc188a040efcc99
IdeiaDesenho/ych60..gif,legacy/v1-bucket/f0/f0095b968564709aa1ed01b3df4a4828.gif,804391,f0095b968564709aa1ed01b3df4a4828
IdeiaDesenho/ych600..jpg,legacy/v1-bucket/d4/d47cc6486ba4b4f8a4059003394b2143.jpg,298054,d47cc6486ba4b4f8a4059003394b2143
IdeiaDesenho/ych601..jpg,legacy/v1-bucket/67/67510232545d3804807057ffb59523bd.jpg,241238,67510232545d3804807057ffb59523bd
IdeiaDesenho/ych602..jpg,legacy/v1-bucket/2c/2cfcf8dd0d3cbf71cca7dcdf269260e6.jpg,173110,2cfcf8dd0d3cbf71cca7dcdf269260e6
IdeiaDesenho/ych603..jpg,legacy/v1-bucket/05/0566e6e6a187e474b3b19fe16dfb2f72.jpg,139712,0566e6e6a187e474b3b19fe16dfb2f72
IdeiaDesenho/ych604..jpg,legacy/v1-bucket/cd/cd83e475b0dd2ce2de6592169b534527.jpg,417004,cd83e475b0dd2ce2de6592169b534527
IdeiaDesenho/ych605..jpg,legacy/v1-bucket/38/3815f427124b5f4b532443306d686979.jpg,269198,3815f427124b5f4b532443306d686979
IdeiaDesenho/ych606..jpg,legacy/v1-bucket/eb/eb451790470d7c1361285a8453cc7972.jpg,486531,eb451790470d7c1361285a8453cc7972
IdeiaDesenho/ych607..jpg,legacy/v1-bucket/1e/1ed0fbc930e0ba8740165e81d1d7fcad.jpg,251393,1ed0fbc930e0ba8740165e81d1d7fcad
IdeiaDesenho/ych608..jpg,legacy/v1-bucket/5b/5b3ae056a85a62c7f5d24e70cd7f3703.jpg,461255,5b3ae056a85a62c7f5d24e70cd7f3703
IdeiaDesenho/ych609..jpg,legacy/v1-bucket/40/400fe9cc27982e58d235da08706951d0.jpg,361659,400fe9cc27982e58d235da08706951d0
IdeiaDesenho/ych61..png,legacy/v1-bucket/07/0756b4653d9c91f653d6ba9d65442665.png,41621,0756b4653d9c91f653d6ba9d65442665
IdeiaDesenho/ych610..jpg,legacy/v1-bucket/d3/d32919e07891e960afa2752fb5b696b0.jpg,377496,d32919e07891e960afa2752fb5b696b0
IdeiaDesenho/ych611..jpg,legacy/v1-bucket/58/586e1dd26207618f3980cda93350d0f0.jpg,324048,586e1dd26207618f3980cda93350d0f0
IdeiaDesenho/ych612..jpg,legacy/v1-bucket/d2/d29a7e3c02c1b5df7e84c257614b3788.jpg,286450,d29a7e3c02c1b5df7e84c257614b3788
IdeiaDesenho/ych613..jpg,legacy/v1-bucket/49/49e62173219140c59ec25bc00e944c3f.jpg,342496,49e62173219140c59ec25bc00e944c3f
IdeiaDesenho/ych614..jpg,legacy/v1-bucket/29/29c738f689a120816e812cb0670eb6d3.jpg,481274,29c738f689a120816e812cb0670eb6d3
IdeiaDesenho/ych615..jpg,legacy/v1-bucket/30/300b5b7b9c194f699a7934cc1350b397.jpg,289025,300b5b7b9c194f699a7934cc1350b397
IdeiaDesenho/ych616..jpg,legacy/v1-bucket/af/af45070910dd0bebb436027ad38e0f2d.jpg,367132,af45070910dd0bebb436027ad38e0f2d
IdeiaDesenho/ych617..jpg,legacy/v1-bucket/86/86569c515c672bb836593062fbd3f320.jpg,330355,86569c515c672bb836593062fbd3f320
IdeiaDesenho/ych618..jpg,legacy/v1-bucket/6c/6c8e4352ce0b4065ef60ad1384966625.jpg,502613,6c8e4352ce0b4065ef60ad1384966625
IdeiaDesenho/ych619..jpg,legacy/v1-bucket/0d/0dd729b328623e2f8d1d5da8041542cd.jpg,262553,0dd729b328623e2f8d1d5da8041542cd
IdeiaDesenho/ych62..jpg,legacy/v1-bucket/eb/ebdcbe63e6382e4f439eb2d053c02adb.jpg,65435,ebdcbe63e6382e4f439eb2d053c02adb
IdeiaDesenho/ych620..jpg,legacy/v1-bucket/71/7180f0e8bda3c538353024e90ab202d4.jpg,339940,7180f0e8bda3c538353024e90ab202d4
IdeiaDesenho/ych621..jpg,legacy/v1-bucket/24/24ce2d6e6ae4c51caaf76bbaefa0c7e0.jpg,373222,24ce2d6e6ae4c51caaf76bbaefa0c7e0
IdeiaDesenho/ych622..jpg,legacy/v1-bucket/c7/c794d08415490eb59787cf19f3c23806.jpg,530797,c794d08415490eb59787cf19f3c23806
IdeiaDesenho/ych623..jpg,legacy/v1-bucket/37/37875adee640b3036bdddfbf01e34219.jpg,394612,37875adee640b3036bdddfbf01e34219
IdeiaDesenho/ych624..jpg,legacy/v1-bucket/10/107215a71f3ec8e88e5fe7fe40b36e31.jpg,272713,107215a71f3ec8e88e5fe7fe40b36e31
IdeiaDesenho/ych625..jpg,legacy/v1-bucket/87/87ec8694a3c7aa60083480e249a6bfe3.jpg,171767,87ec8694a3c7aa60083480e249a6bfe3
IdeiaDesenho/ych626..jpg,legacy/v1-bucket/83/83330963114cfc91589247a1ca7fbee0.jpg,303808,83330963114cfc91589247a1ca7fbee0
IdeiaDesenho/ych627..jpg,legacy/v1-bucket/1b/1ba43ad7bc903cb6c57a4ba3078de258.jpg,322259,1ba43ad7bc903cb6c57a4ba3078de258
IdeiaDesenho/ych628..jpg,legacy/v1-bucket/65/658da033cd1d0c9cdc64fd6724f22d24.jpg,384003,658da033cd1d0c9cdc64fd6724f22d24
IdeiaDesenho/ych629..jpg,legacy/v1-bucket/db/dbb90af6923c1bd6edbe952520858d54.jpg,412641,dbb90af6923c1bd6edbe952520858d54
IdeiaDesenho/ych63..jpg,legacy/v1-bucket/cc/cc0f16744b5ab45e4ba461bb8a208ea2.jpg,77745,cc0f16744b5ab45e4ba461bb8a208ea2
IdeiaDesenho/ych630..jpg,legacy/v1-bucket/b9/b9ec4123599ee1c60d265382f6d5d02c.jpg,434694,b9ec4123599ee1c60d265382f6d5d02c
IdeiaDesenho/ych631..jpg,legacy/v1-bucket/b6/b6a8a8f2115234d679783641f3142632.jpg,437390,b6a8a8f2115234d679783641f3142632
IdeiaDesenho/ych632..jpg,legacy/v1-bucket/29/29fb034b606bc34b3ec904e357e2d4ae.jpg,656527,29fb034b606bc34b3ec904e357e2d4ae
IdeiaDesenho/ych633..jpg,legacy/v1-bucket/1c/1c6e2da666597508c7ac8de68ac77a04.jpg,461761,1c6e2da666597508c7ac8de68ac77a04
IdeiaDesenho/ych634..jpg,legacy/v1-bucket/01/014d09d39d978c804132dff265f94ad4.jpg,706537,014d09d39d978c804132dff265f94ad4
IdeiaDesenho/ych635..jpg,legacy/v1-bucket/08/0862c021d5890b934ba7cf6984aa3e62.jpg,376922,0862c021d5890b934ba7cf6984aa3e62
IdeiaDesenho/ych636..jpg,legacy/v1-bucket/f8/f836524a8e0e041dfcc394d7a2b1d8f6.jpg,446706,f836524a8e0e041dfcc394d7a2b1d8f6
IdeiaDesenho/ych637..jpg,legacy/v1-bucket/f4/f43fb612623cf44cf2f6fb6a55e21378.jpg,308111,f43fb612623cf44cf2f6fb6a55e21378
IdeiaDesenho/ych638..jpg,legacy/v1-bucket/20/200ed7362d5bfad81a26b7ac1327ee14.jpg,379676,200ed7362d5bfad81a26b7ac1327ee14
IdeiaDesenho/ych639..jpg,legacy/v1-bucket/61/61cd55f77b7263aad9a5d450311c4a78.jpg,280866,61cd55f77b7263aad9a5d450311c4a78
IdeiaDesenho/ych639..png,legacy/v1-bucket/20/20241011e58ff2a398afdae926e3842b.png,294081,20241011e58ff2a398afdae926e3842b
IdeiaDesenho/ych64..jpg,legacy/v1-bucket/be/bedad7db1899e703948fb8d8f0c783e4.jpg,21779,bedad7db1899e703948fb8d8f0c783e4
IdeiaDesenho/ych640..jpg,legacy/v1-bucket/6c/6cc0aad36b007ed6fb64c3924b33e783.jpg,326392,6cc0aad36b007ed6fb64c3924b33e783
IdeiaDesenho/ych640..png,legacy/v1-bucket/be/be37f83930cd96004dda0442a8ea857d.png,62152,be37f83930cd96004dda0442a8ea857d
IdeiaDesenho/ych641..jpg,legacy/v1-bucket/45/45d910fc792fc0dc7f6aa98ab2656919.jpg,312808,45d910fc792fc0dc7f6aa98ab2656919
IdeiaDesenho/ych642..jpg,legacy/v1-bucket/f6/f675ff2cfd3855c2a2e0e30ca0b1840c.jpg,297625,f675ff2cfd3855c2a2e0e30ca0b1840c
IdeiaDesenho/ych643..jpg,legacy/v1-bucket/6c/6ca9364bdb3472b08d12a248ce4597e9.jpg,162088,6ca9364bdb3472b08d12a248ce4597e9
IdeiaDesenho/ych644..jpg,legacy/v1-bucket/aa/aa7950029ddec91f170a15c6baae7008.jpg,235947,aa7950029ddec91f170a15c6baae7008
IdeiaDesenho/ych645..jpg,legacy/v1-bucket/6f/6f478d5ee04038d15f7b65c00e76d65d.jpg,207655,6f478d5ee04038d15f7b65c00e76d65d
IdeiaDesenho/ych646..jpg,legacy/v1-bucket/3f/3fc32ee50bc4be8d8aa680c9066769e4.jpg,398075,3fc32ee50bc4be8d8aa680c9066769e4
IdeiaDesenho/ych647..jpg,legacy/v1-bucket/96/968ab770488db1c28a55ae91161b37fe.jpg,318563,968ab770488db1c28a55ae91161b37fe
IdeiaDesenho/ych648..jpg,legacy/v1-bucket/f6/f60894a9991b8a26f5c6705a5bdae728.jpg,389987,f60894a9991b8a26f5c6705a5bdae728
IdeiaDesenho/ych649..jpg,legacy/v1-bucket/b6/b654913f8b66b5e06f90fd7517f465fa.jpg,526244,b654913f8b66b5e06f90fd7517f465fa
IdeiaDesenho/ych65..jpg,legacy/v1-bucket/23/2345e2d8282f1df6a52c2353cc60d137.jpg,69668,2345e2d8282f1df6a52c2353cc60d137
IdeiaDesenho/ych650..jpg,legacy/v1-bucket/28/28cf4c8c35893f6bb5ee00bcd70d199b.jpg,375461,28cf4c8c35893f6bb5ee00bcd70d199b
IdeiaDesenho/ych651..jpg,legacy/v1-bucket/a6/a699352b3132074c6219c2a97b6c7b76.jpg,249683,a699352b3132074c6219c2a97b6c7b76
IdeiaDesenho/ych652..jpg,legacy/v1-bucket/d7/d7f51c86e275e4399fde548607695389.jpg,284984,d7f51c86e275e4399fde548607695389
IdeiaDesenho/ych653..jpg,legacy/v1-bucket/de/debf76086d58a52533d418949cfd7613.jpg,303815,debf76086d58a52533d418949cfd7613
IdeiaDesenho/ych654..jpg,legacy/v1-bucket/28/28ba127a0ddfe3ef3c0aee31ab96a847.jpg,415348,28ba127a0ddfe3ef3c0aee31ab96a847
IdeiaDesenho/ych655..jpg,legacy/v1-bucket/0c/0c22c5cc795abbce5987cfa2890f269a.jpg,352197,0c22c5cc795abbce5987cfa2890f269a
IdeiaDesenho/ych656..jpg,legacy/v1-bucket/fb/fb0308f786ac8837e73e8190dfb070c3.jpg,219065,fb0308f786ac8837e73e8190dfb070c3
IdeiaDesenho/ych657..jpg,legacy/v1-bucket/54/547be8accf82e598e3effe63c7976647.jpg,418846,547be8accf82e598e3effe63c7976647
IdeiaDesenho/ych658..jpg,legacy/v1-bucket/1b/1b40de33cca7a81ef57c3df86dffd5f2.jpg,400881,1b40de33cca7a81ef57c3df86dffd5f2
IdeiaDesenho/ych659..jpg,legacy/v1-bucket/f9/f921b5305ed578568cbf73ae9ff56c1c.jpg,826302,f921b5305ed578568cbf73ae9ff56c1c
IdeiaDesenho/ych66..png,legacy/v1-bucket/01/015d9cf9f4f15dcf76a0dd3fe1be96a9.png,107608,015d9cf9f4f15dcf76a0dd3fe1be96a9
IdeiaDesenho/ych660..jpg,legacy/v1-bucket/49/497b1d0fded1e1333e8da0ba2b862c85.jpg,472544,497b1d0fded1e1333e8da0ba2b862c85
IdeiaDesenho/ych661..jpg,legacy/v1-bucket/c5/c543d96a43432e833c015b0249aecb99.jpg,189696,c543d96a43432e833c015b0249aecb99
IdeiaDesenho/ych662..jpg,legacy/v1-bucket/a4/a4040f7cc83a8779217e44f439f7f5b9.jpg,371607,a4040f7cc83a8779217e44f439f7f5b9
IdeiaDesenho/ych663..jpg,legacy/v1-bucket/ff/ffcb8e8aedf161355e7fcec1fe1d13ab.jpg,366521,ffcb8e8aedf161355e7fcec1fe1d13ab
IdeiaDesenho/ych664..jpg,legacy/v1-bucket/57/575b17667661c7b64c927096d8f605a4.jpg,290904,575b17667661c7b64c927096d8f605a4
IdeiaDesenho/ych665..jpg,legacy/v1-bucket/43/43b6bb24af8e768be0db98e5d879dafd.jpg,623568,43b6bb24af8e768be0db98e5d879dafd
IdeiaDesenho/ych666..jpg,legacy/v1-bucket/6d/6d212d15cd692ab6cfd9cc194ede96ea.jpg,235475,6d212d15cd692ab6cfd9cc194ede96ea
IdeiaDesenho/ych667..jpg,legacy/v1-bucket/5a/5a46d22e3f4dce859030c9460f94912e.jpg,354739,5a46d22e3f4dce859030c9460f94912e
IdeiaDesenho/ych668..jpg,legacy/v1-bucket/a5/a527cc9cb182a165f1b58cb6355a61dd.jpg,507802,a527cc9cb182a165f1b58cb6355a61dd
IdeiaDesenho/ych669..jpg,legacy/v1-bucket/7c/7c9b0a3b42c3cfe0809d445eb1e94c94.jpg,679176,7c9b0a3b42c3cfe0809d445eb1e94c94
IdeiaDesenho/ych67..jpeg,legacy/v1-bucket/9b/9b1efca2011684fa1cdf28cdfe78043f.jpeg,518301,9b1efca2011684fa1cdf28cdfe78043f
IdeiaDesenho/ych670..jpg,legacy/v1-bucket/1d/1d8ef3e08598a0b5b0b7794b03e7a052.jpg,350439,1d8ef3e08598a0b5b0b7794b03e7a052
IdeiaDesenho/ych671..jpg,legacy/v1-bucket/fa/fa95e557d17ee47c1ec15a7d315955b0.jpg,303318,fa95e557d17ee47c1ec15a7d315955b0
IdeiaDesenho/ych672..jpg,legacy/v1-bucket/58/58604a8aae5396a9e56e24bdd73b0155.jpg,261288,58604a8aae5396a9e56e24bdd73b0155
IdeiaDesenho/ych673..jpg,legacy/v1-bucket/c2/c2a90d004c86721687cd0be1a247282a.jpg,255461,c2a90d004c86721687cd0be1a247282a
IdeiaDesenho/ych674..jpg,legacy/v1-bucket/68/68555e82cbe9e53985ff951215d143c6.jpg,331768,68555e82cbe9e53985ff951215d143c6
IdeiaDesenho/ych675..jpg,legacy/v1-bucket/7b/7b32ca847c1ec29fc482b6ae0ffb12a4.jpg,485110,7b32ca847c1ec29fc482b6ae0ffb12a4
IdeiaDesenho/ych676..jpg,legacy/v1-bucket/5b/5b538c23e45a6a1fe2c87df92ed9d2f9.jpg,464616,5b538c23e45a6a1fe2c87df92ed9d2f9
IdeiaDesenho/ych677..jpg,legacy/v1-bucket/64/64f0bae1cf15827c96fdae47dc10d506.jpg,230490,64f0bae1cf15827c96fdae47dc10d506
IdeiaDesenho/ych678..jpg,legacy/v1-bucket/d1/d16e5e7d9411120874f0c83c031307b1.jpg,381818,d16e5e7d9411120874f0c83c031307b1
IdeiaDesenho/ych679..jpg,legacy/v1-bucket/85/85241a9ed96f84c839acb466e8cc5604.jpg,400638,85241a9ed96f84c839acb466e8cc5604
IdeiaDesenho/ych68..png,legacy/v1-bucket/fb/fbccababaf2d10195a5439cf23f7761a.png,621647,fbccababaf2d10195a5439cf23f7761a
IdeiaDesenho/ych680..jpg,legacy/v1-bucket/59/59b9d25a2a6be2c97099a629d8f8f053.jpg,603356,59b9d25a2a6be2c97099a629d8f8f053
IdeiaDesenho/ych681..jpg,legacy/v1-bucket/5a/5a77e3d78ae9c01ed4acc50eacb1b9a7.jpg,364010,5a77e3d78ae9c01ed4acc50eacb1b9a7
IdeiaDesenho/ych682..jpg,legacy/v1-bucket/22/2232d662e4f55b12f4fb9fa831425935.jpg,209076,2232d662e4f55b12f4fb9fa831425935
IdeiaDesenho/ych683..jpg,legacy/v1-bucket/2f/2f4f1070fad4b2e9dd7439bbc49d23fc.jpg,269393,2f4f1070fad4b2e9dd7439bbc49d23fc
IdeiaDesenho/ych684..jpg,legacy/v1-bucket/62/62b905aa0b9a98198b6323941451e69c.jpg,442216,62b905aa0b9a98198b6323941451e69c
IdeiaDesenho/ych685..jpg,legacy/v1-bucket/4c/4c61bd2ed861cbbf67148d6089e26e96.jpg,484983,4c61bd2ed861cbbf67148d6089e26e96
IdeiaDesenho/ych686..jpg,legacy/v1-bucket/2c/2c40168e902d13e88628cf5a0ff41906.jpg,442189,2c40168e902d13e88628cf5a0ff41906
IdeiaDesenho/ych687..jpg,legacy/v1-bucket/0e/0efd057947f5a2ffd27d2a48e0e834b4.jpg,315402,0efd057947f5a2ffd27d2a48e0e834b4
IdeiaDesenho/ych688..jpg,legacy/v1-bucket/c1/c16c3461d14386f3a9aa7da39c53a839.jpg,456416,c16c3461d14386f3a9aa7da39c53a839
IdeiaDesenho/ych689..jpg,legacy/v1-bucket/56/5679ce68f3fecbdb1d4056612e43f3ad.jpg,482129,5679ce68f3fecbdb1d4056612e43f3ad
IdeiaDesenho/ych69..jpeg,legacy/v1-bucket/aa/aab7e3ad7c58d8e3dd269c5b05308818.jpeg,312911,aab7e3ad7c58d8e3dd269c5b05308818
IdeiaDesenho/ych690..jpg,legacy/v1-bucket/a8/a8e623cd71f74a3f3c9201f40eeaf085.jpg,302577,a8e623cd71f74a3f3c9201f40eeaf085
IdeiaDesenho/ych691..jpg,legacy/v1-bucket/ed/ed9afd67b459fbc8257e8c42c5f33f14.jpg,402622,ed9afd67b459fbc8257e8c42c5f33f14
IdeiaDesenho/ych692..jpg,legacy/v1-bucket/c2/c2267755b15919dc177496937aa77b0d.jpg,519874,c2267755b15919dc177496937aa77b0d
IdeiaDesenho/ych693..jpg,legacy/v1-bucket/92/923aee7511fa397cf77f7490983330c4.jpg,267493,923aee7511fa397cf77f7490983330c4
IdeiaDesenho/ych694..jpg,legacy/v1-bucket/2c/2c9ad786c62a4f44dd136c21fe49f283.jpg,267065,2c9ad786c62a4f44dd136c21fe49f283
IdeiaDesenho/ych695..jpg,legacy/v1-bucket/d4/d4df5a8f75cd969c7490bac6f6410822.jpg,337381,d4df5a8f75cd969c7490bac6f6410822
IdeiaDesenho/ych696..jpg,legacy/v1-bucket/89/89659d516a1601cc4b63330d3770c548.jpg,218371,89659d516a1601cc4b63330d3770c548
IdeiaDesenho/ych697..jpg,legacy/v1-bucket/1b/1bd2c46f75fd09d4a8abd1b7e29d3948.jpg,421241,1bd2c46f75fd09d4a8abd1b7e29d3948
IdeiaDesenho/ych698..jpg,legacy/v1-bucket/df/df9dcbe98283f9f090bb9f1a14920e4c.jpg,341142,df9dcbe98283f9f090bb9f1a14920e4c
IdeiaDesenho/ych699..jpg,legacy/v1-bucket/89/89abeb888864e74be88d28d11d082e4c.jpg,756984,89abeb888864e74be88d28d11d082e4c
IdeiaDesenho/ych70..png,legacy/v1-bucket/10/10003f576f1b2a2c73e1973ff4921736.png,738691,10003f576f1b2a2c73e1973ff4921736
IdeiaDesenho/ych700..jpg,legacy/v1-bucket/9d/9d079b31ad197394eba214639389369c.jpg,233979,9d079b31ad197394eba214639389369c
IdeiaDesenho/ych701..jpg,legacy/v1-bucket/aa/aad8310466d346811fd6b64ab6e79c83.jpg,249565,aad8310466d346811fd6b64ab6e79c83
IdeiaDesenho/ych702..jpg,legacy/v1-bucket/ef/ef2b59175c1a4c5e49e5c8fd114cf510.jpg,317742,ef2b59175c1a4c5e49e5c8fd114cf510
IdeiaDesenho/ych703..jpg,legacy/v1-bucket/5c/5cbb137bd4bf326b803408a7d492290b.jpg,396000,5cbb137bd4bf326b803408a7d492290b
IdeiaDesenho/ych704..jpg,legacy/v1-bucket/ce/cefb80ad413563d72b6de71a6f96ca67.jpg,300390,cefb80ad413563d72b6de71a6f96ca67
IdeiaDesenho/ych705..jpg,legacy/v1-bucket/f1/f13542e6cbaf3f1a811a389c226d73ca.jpg,426479,f13542e6cbaf3f1a811a389c226d73ca
IdeiaDesenho/ych706..jpg,legacy/v1-bucket/39/390c3bed20459bf7900f87aa3e1a4789.jpg,458438,390c3bed20459bf7900f87aa3e1a4789
IdeiaDesenho/ych707..jpg,legacy/v1-bucket/f2/f292f4e2af31a79821175038072db799.jpg,168324,f292f4e2af31a79821175038072db799
IdeiaDesenho/ych708..jpg,legacy/v1-bucket/e3/e3374e38bd1f0f89e593cdbb35e358e4.jpg,304084,e3374e38bd1f0f89e593cdbb35e358e4
IdeiaDesenho/ych709..jpg,legacy/v1-bucket/33/3383d62609118a84f8fce0e091cf0c71.jpg,329084,3383d62609118a84f8fce0e091cf0c71
IdeiaDesenho/ych71..jpeg,legacy/v1-bucket/c1/c1dbd5897510d0be5ac31c0403d67be0.jpeg,393945,c1dbd5897510d0be5ac31c0403d67be0
IdeiaDesenho/ych710..jpg,legacy/v1-bucket/b3/b3c8b89651259f6a2dfa0c4eab66b6ee.jpg,290206,b3c8b89651259f6a2dfa0c4eab66b6ee
IdeiaDesenho/ych711..jpg,legacy/v1-bucket/d9/d9f2b95645d12c16d2ef52c8009fc176.jpg,326086,d9f2b95645d12c16d2ef52c8009fc176
IdeiaDesenho/ych712..jpg,legacy/v1-bucket/07/076a3d37b42804e8d1e6d8d7e719c09e.jpg,546912,076a3d37b42804e8d1e6d8d7e719c09e
IdeiaDesenho/ych713..jpg,legacy/v1-bucket/98/9843d657d4b4dacee7dd83583fd6a777.jpg,511445,9843d657d4b4dacee7dd83583fd6a777
IdeiaDesenho/ych714..jpg,legacy/v1-bucket/11/11756a8897feb4ceadf3b4092090ab53.jpg,281918,11756a8897feb4ceadf3b4092090ab53
IdeiaDesenho/ych716..jpg,legacy/v1-bucket/5f/5f348a0843e2e2097cfa3b360da4a1cd.jpg,511191,5f348a0843e2e2097cfa3b360da4a1cd
IdeiaDesenho/ych717..jpg,legacy/v1-bucket/c4/c49eb44aa4bb69d0a2f6a0c846531380.jpg,594088,c49eb44aa4bb69d0a2f6a0c846531380
IdeiaDesenho/ych718..jpg,legacy/v1-bucket/b2/b2dd944043d7ae5695d9a4e7d57961c0.jpg,421096,b2dd944043d7ae5695d9a4e7d57961c0
IdeiaDesenho/ych719..jpg,legacy/v1-bucket/26/263e1df8646407804f1c5caa3ea28804.jpg,388598,263e1df8646407804f1c5caa3ea28804
IdeiaDesenho/ych72..png,legacy/v1-bucket/0a/0a7cb40dfd3c34d620fa6fd0bd5ea9e7.png,624742,0a7cb40dfd3c34d620fa6fd0bd5ea9e7
IdeiaDesenho/ych720..jpg,legacy/v1-bucket/1a/1aaf3960c4968e6f8532ed7cd5edc75c.jpg,439299,1aaf3960c4968e6f8532ed7cd5edc75c
IdeiaDesenho/ych721..jpg,legacy/v1-bucket/5d/5d35567b1a05ae1e36de4d0f1f92c95c.jpg,861888,5d35567b1a05ae1e36de4d0f1f92c95c
IdeiaDesenho/ych723..jpg,legacy/v1-bucket/4b/4b634aa5cd1da6db59d0541b47555233.jpg,404267,4b634aa5cd1da6db59d0541b47555233
IdeiaDesenho/ych724..jpg,legacy/v1-bucket/13/134aeb6c158e6d0c1db9b87c242a83bc.jpg,572237,134aeb6c158e6d0c1db9b87c242a83bc
IdeiaDesenho/ych725..jpg,legacy/v1-bucket/9c/9c205b349ad494a857ed84f46d79a6b1.jpg,824346,9c205b349ad494a857ed84f46d79a6b1
IdeiaDesenho/ych726..jpg,legacy/v1-bucket/41/4181e12586247fc6f0b52f0ccacfd1b8.jpg,287356,4181e12586247fc6f0b52f0ccacfd1b8
IdeiaDesenho/ych727..png,legacy/v1-bucket/b9/b9e093232341535291c8b9430a6b97a3.png,617856,b9e093232341535291c8b9430a6b97a3
IdeiaDesenho/ych728..jpg,legacy/v1-bucket/eb/eb7f385865fffc66dfd7adf90be81345.jpg,105232,eb7f385865fffc66dfd7adf90be81345
IdeiaDesenho/ych73..jpeg,legacy/v1-bucket/f0/f03032599da5397233bd8f0310cc9cbd.jpeg,621023,f03032599da5397233bd8f0310cc9cbd
IdeiaDesenho/ych730..jpg,legacy/v1-bucket/46/46207d8a2e6f9192350f8c0198a56226.jpg,136903,46207d8a2e6f9192350f8c0198a56226
IdeiaDesenho/ych731..jpg,legacy/v1-bucket/45/4501a19866994b24c3a9a1c64e3bd969.jpg,328283,4501a19866994b24c3a9a1c64e3bd969
IdeiaDesenho/ych732..png,legacy/v1-bucket/87/87af9634f57c4a4fc6bf3213b31063ba.png,296868,87af9634f57c4a4fc6bf3213b31063ba
IdeiaDesenho/ych733..jpg,legacy/v1-bucket/a6/a6ef540cad16619bb39b5daa3b3be0d7.jpg,44784,a6ef540cad16619bb39b5daa3b3be0d7
IdeiaDesenho/ych735..jpg,legacy/v1-bucket/8b/8b1e00d2f166c640743880e4b2fe2c86.jpg,213245,8b1e00d2f166c640743880e4b2fe2c86
IdeiaDesenho/ych736..jpg,legacy/v1-bucket/47/47fe417ece7f9d47e51325e3b379fce0.jpg,401645,47fe417ece7f9d47e51325e3b379fce0
IdeiaDesenho/ych737..jpg,legacy/v1-bucket/a1/a10fe2bf485864174010e2588b9b44d8.jpg,234804,a10fe2bf485864174010e2588b9b44d8
IdeiaDesenho/ych738..png,legacy/v1-bucket/56/56d0879d955a0d76a5f8364291049434.png,107867,56d0879d955a0d76a5f8364291049434
IdeiaDesenho/ych74..jpeg,legacy/v1-bucket/a1/a1937740f96b0c269c1aaf2b8ebd1104.jpeg,463753,a1937740f96b0c269c1aaf2b8ebd1104
IdeiaDesenho/ych75..jpeg,legacy/v1-bucket/b7/b7ad94ca46423269cc8d520642e0eae0.jpeg,559976,b7ad94ca46423269cc8d520642e0eae0
IdeiaDesenho/ych76..jpeg,legacy/v1-bucket/76/761e182f3e56d3c4d795bafe8e454c43.jpeg,457278,761e182f3e56d3c4d795bafe8e454c43
IdeiaDesenho/ych77..jpeg,legacy/v1-bucket/46/46668fe9cdf2ca1b68fdcb3051688899.jpeg,369742,46668fe9cdf2ca1b68fdcb3051688899
IdeiaDesenho/ych78..jpeg,legacy/v1-bucket/9e/9ea09f88bbbddd6c373d2c6710912469.jpeg,360361,9ea09f88bbbddd6c373d2c6710912469
IdeiaDesenho/ych79..png,legacy/v1-bucket/3a/3ab1fbbc59d1cc5b55f99757ece329f4.png,590344,3ab1fbbc59d1cc5b55f99757ece329f4
IdeiaDesenho/ych80..jpeg,legacy/v1-bucket/f2/f2b876a65ee13f7bb623224b9e3cdc75.jpeg,507317,f2b876a65ee13f7bb623224b9e3cdc75
IdeiaDesenho/ych81..jpeg,legacy/v1-bucket/48/48e35c7cfa7bd4540eede3252778cdc7.jpeg,377861,48e35c7cfa7bd4540eede3252778cdc7
IdeiaDesenho/ych82..jpeg,legacy/v1-bucket/45/455ad6181e519036fdb230e9cdf63a95.jpeg,316863,455ad6181e519036fdb230e9cdf63a95
IdeiaDesenho/ych83..jpeg,legacy/v1-bucket/19/19144b2a1d5283b9470a9fa04da6fa9d.jpeg,591035,19144b2a1d5283b9470a9fa04da6fa9d
IdeiaDesenho/ych84..jpeg,legacy/v1-bucket/11/11c704de23766774fbb17c539c69f914.jpeg,594221,11c704de23766774fbb17c539c69f914
IdeiaDesenho/ych85..jpeg,legacy/v1-bucket/f0/f0eb0ee740b05ae5e343c140bcef9ad5.jpeg,254862,f0eb0ee740b05ae5e343c140bcef9ad5
IdeiaDesenho/ych86..jpeg,legacy/v1-bucket/9a/9a71341c475e6d2ce211f037661a07eb.jpeg,250678,9a71341c475e6d2ce211f037661a07eb
IdeiaDesenho/ych87..jpg,legacy/v1-bucket/90/90379c429f28477c3a7c709c9fdbe7b2.jpg,390555,90379c429f28477c3a7c709c9fdbe7b2
IdeiaDesenho/ych88..jpg,legacy/v1-bucket/30/30de939a3b9a1d00b1a2a5cb621a26ed.jpg,676244,30de939a3b9a1d00b1a2a5cb621a26ed
IdeiaDesenho/ych89..jpg,legacy/v1-bucket/4e/4eb63bf57a1f08b84b9043c996ca27f1.jpg,242027,4eb63bf57a1f08b84b9043c996ca27f1
IdeiaDesenho/ych90..jpg,legacy/v1-bucket/02/02429d33190662a676fded2bcf603119.jpg,513158,02429d33190662a676fded2bcf603119
IdeiaDesenho/ych91..jpg,legacy/v1-bucket/c0/c0dc64da717b96d4d00852d304e1ce6f.jpg,546130,c0dc64da717b96d4d00852d304e1ce6f
IdeiaDesenho/ych92..jpg,legacy/v1-bucket/c7/c77413a1eb10ddb8755b117f3f5570a8.jpg,278384,c77413a1eb10ddb8755b117f3f5570a8
IdeiaDesenho/ych93..jpg,legacy/v1-bucket/95/958b25d9447b9f7ed91bac2a2dd2b8db.jpg,466116,958b25d9447b9f7ed91bac2a2dd2b8db
IdeiaDesenho/ych94..jpg,legacy/v1-bucket/6e/6ec2d453ec88155e508029f358a62e1e.jpg,430828,6ec2d453ec88155e508029f358a62e1e
IdeiaDesenho/ych95..jpg,legacy/v1-bucket/91/915e5ed1d5bce3d1db890f00ce109591.jpg,236329,915e5ed1d5bce3d1db890f00ce109591
IdeiaDesenho/ych96..jpg,legacy/v1-bucket/02/0205c0ca9331f3b56a30e68f449973bc.jpg,228626,0205c0ca9331f3b56a30e68f449973bc
IdeiaDesenho/ych97..jpg,legacy/v1-bucket/2f/2fe5aa8a50e5536621ce3b4ff6f65418.jpg,218217,2fe5aa8a50e5536621ce3b4ff6f65418
IdeiaDesenho/ych98..jpg,legacy/v1-bucket/a0/a01180b724b31d5661cb4010d943a381.jpg,353368,a01180b724b31d5661cb4010d943a381
IdeiaDesenho/ych99..jpg,legacy/v1-bucket/d3/d3bb91e83092f43ff8e211410c1de845.jpg,563443,d3bb91e83092f43ff8e211410c1de845
